return_id,supplier_id,prob,matched_po,qty_if_true,price,value_if_true_inr,expected_value_inr
RET-0045,VS01,0.0344,PO-2022-2085,4.93,83216.09,410255.32,14107.47
RET-0045,VS02,0.0157,PO-2023-4384,2.42,50432.99,122047.84,1911.43
RET-0045,VS03,0.0709,PO-2021-0206,4.93,95006.45,468381.8,33193.77
RET-0045,VS04,0.0216,PO-2023-3927,4.93,54233.12,267369.28,5766.97
RET-0045,VS05,0.028,PO-2023-4708,4.93,77897.52,384034.77,10751.57
RET-0045,VS06,0.0282,PO-2023-3555,4.93,90309.68,445226.72,12577.33
RET-0045,VS07,0.0094,PO-2022-2899,4.93,116468.58,574190.1,5414.23
RET-0045,VS08,0.0284,PO-2022-2051,4.93,113165.9,557907.89,15866.75
RET-0045,VS09,0.0218,PO-2023-4004,4.93,90789.31,447591.3,9775.01
RET-0045,VS10,0.0343,PO-2023-4770,4.93,109886.01,541738.03,18605.23
RET-0045,VS11,0.0402,PO-2023-4176,4.93,94199.1,464401.56,18675.2
RET-0045,VS12,0.0985,PO-2023-4765,4.93,124149.68,612057.92,60289.9
RET-0045,VS13,0.0277,PO-2023-4198,4.93,115775.93,570775.33,15809.41
RET-0045,VS14,0.028,PO-2023-4255,4.93,56337.65,277744.61,7768.62
RET-0045,VS15,0.0094,PO-2023-3990,4.93,110044.72,542520.47,5072.75
RET-0045,VS16,0.0404,PO-2022-2250,4.93,119031.41,586824.85,23678.66
RET-0045,VS17,0.0402,PO-2023-3556,4.93,101942.22,502575.14,20200.72
RET-0045,VS18,0.028,PO-2022-1712,4.93,81202.97,400330.64,11201.57
RET-0045,VS19,0.0743,PO-2022-3131,4.93,118835.31,585858.08,43532.68
RET-0045,VS20,0.0156,PO-2023-4420,2.12,58874.36,124813.64,1948.59
RET-0045,VS21,0.0156,PO-2021-0190,4.93,50121.47,247098.85,3853.15
RET-0045,VS22,0.0093,PO-2023-3945,4.93,69619.18,343222.56,3180.47
RET-0045,VS23,0.0154,PO-2021-0803,4.93,119763.77,590435.39,9070.07
RET-0045,VS24,0.0155,PO-2022-2280,4.93,74916.23,369337.01,5737.0
RET-0045,VS25,0.0281,PO-2021-0071,2.39,108821.46,260083.29,7320.52
RET-0045,VS26,0.0157,PO-2023-3982,4.93,101898.68,502360.49,7872.29
RET-0045,VS27,0.0154,PO-2023-3542,4.93,59061.87,291175.02,4473.09
RET-0045,VS28,0.0343,PO-2021-0804,4.93,87235.85,430072.74,14769.97
RET-0045,VS29,0.0218,PO-2021-1487,4.93,54661.2,269479.72,5875.26
RET-0045,VS30,0.0094,PO-2023-4092,4.93,55050.98,271401.33,2545.36
RET-0045,VS31,0.0342,PO-2022-2712,4.93,88991.78,438729.48,14994.93
RET-0045,VS32,0.0407,PO-2022-2704,4.93,52148.08,257090.03,10452.57
RET-0045,VS33,0.0217,PO-2022-1716,4.93,68386.91,337147.47,7314.09
RET-0045,VS34,0.028,PO-2023-3610,4.93,114094.84,562487.56,15777.01
RET-0098,VS01,0.03,PO-2023-3496,2.44,71183.0,173686.52,5207.88
RET-0098,VS02,0.0137,PO-2021-1198,2.44,79715.92,194506.84,2656.22
RET-0098,VS03,0.099,PO-2023-4107,2.44,66775.38,162931.93,16135.35
RET-0098,VS04,0.0188,PO-2023-3805,2.44,108818.56,265517.29,4993.78
RET-0098,VS05,0.0244,PO-2023-3967,2.44,66623.75,162561.95,3968.45
RET-0098,VS06,0.0246,PO-2021-0393,2.44,99761.3,243417.57,5995.97
RET-0098,VS07,0.0082,PO-2023-3599,2.44,58630.86,143059.3,1176.24
RET-0098,VS08,0.0248,PO-2021-1480,2.44,81691.38,199326.97,4943.01
RET-0098,VS09,0.019,PO-2022-1629,2.44,81619.42,199151.38,3792.44
RET-0098,VS10,0.0299,PO-2021-1257,2.44,119326.51,291156.68,8719.12
RET-0098,VS11,0.0351,PO-2023-3612,2.09,114196.8,238671.31,8368.97
RET-0098,VS12,0.1376,PO-2022-2043,2.44,97742.13,238490.8,32827.62
RET-0098,VS13,0.0242,PO-2022-1771,2.44,56476.66,137803.05,3328.2
RET-0098,VS14,0.0244,PO-2022-3111,1.14,71115.74,81071.94,1977.28
RET-0098,VS15,0.0082,PO-2021-1462,2.44,85371.97,208307.61,1698.37
RET-0098,VS16,0.0352,PO-2021-1309,2.44,116910.2,285260.89,10036.7
RET-0098,VS17,0.035,PO-2021-0511,2.44,48611.06,118610.99,4157.1
RET-0098,VS18,0.0244,PO-2023-3272,2.44,52770.85,128760.87,3141.55
RET-0098,VS19,0.1038,PO-2022-1605,2.44,115530.26,281893.83,29270.1
RET-0098,VS20,0.0136,PO-2021-1042,2.44,75342.17,183834.89,2502.57
RET-0098,VS21,0.0136,PO-2021-0626,2.44,87171.02,212697.29,2892.06
RET-0098,VS22,0.0081,PO-2021-0137,2.44,50647.45,123579.78,998.54
RET-0098,VS23,0.0134,PO-2023-3723,2.44,91313.34,222804.55,2984.44
RET-0098,VS24,0.0135,PO-2021-1474,2.44,119136.31,290692.6,3937.28
RET-0098,VS25,0.0245,PO-2021-0443,2.44,92856.17,226569.05,5560.71
RET-0098,VS26,0.0137,PO-2021-1575,2.44,55296.85,134924.31,1843.64
RET-0098,VS27,0.0134,PO-2023-3856,2.44,77296.01,188602.26,2526.39
RET-0098,VS28,0.0299,PO-2023-4783,2.44,62792.87,153214.6,4588.15
RET-0098,VS29,0.019,PO-2022-2911,2.44,79645.96,194336.14,3694.5
RET-0098,VS30,0.0082,PO-2022-1636,2.44,99883.36,243715.4,1993.06
RET-0098,VS31,0.0298,PO-2022-2904,2.44,105756.59,258046.08,7690.33
RET-0098,VS32,0.0355,PO-2022-2865,2.44,98093.9,239349.12,8485.36
RET-0098,VS33,0.0189,PO-2023-3641,2.44,64469.8,157306.31,2975.69
RET-0098,VS34,0.0245,PO-2021-1027,2.44,84892.84,207138.53,5066.09
RET-0214,VS01,0.0252,PO-2022-2707,3.96,70038.9,277354.04,6975.58
RET-0214,VS02,0.0115,PO-2022-1998,3.96,58362.0,231113.52,2647.31
RET-0214,VS03,0.13,PO-2021-0177,3.96,93547.35,370447.51,48140.41
RET-0214,VS04,0.0158,PO-2021-0482,3.96,106775.51,422831.02,6670.44
RET-0214,VS05,0.0205,PO-2022-1848,3.96,87777.44,347598.66,7117.55
RET-0214,VS06,0.0207,PO-2021-0001,3.96,81423.08,322435.4,6661.95
RET-0214,VS07,0.0069,PO-2022-2892,3.96,53898.77,213439.13,1471.99
RET-0214,VS08,0.0208,PO-2021-1159,3.96,59290.81,234791.61,4883.81
RET-0214,VS09,0.016,PO-2022-2636,3.96,61385.28,243085.71,3882.81
RET-0214,VS10,0.0251,PO-2023-3313,3.96,92040.08,364478.72,9155.22
RET-0214,VS11,0.0294,PO-2023-4627,3.96,81063.81,321012.69,9441.59
RET-0214,VS12,0.1806,PO-2023-4276,3.96,101567.96,402209.12,72649.15
RET-0214,VS13,0.0203,PO-2021-0727,3.96,110455.69,437404.53,8861.04
RET-0214,VS14,0.0205,PO-2022-2281,3.96,59322.38,234916.62,4805.77
RET-0214,VS15,0.0068,PO-2023-4554,3.96,80447.99,318574.04,2178.66
RET-0214,VS16,0.0295,PO-2022-3178,3.96,116192.64,460122.85,13579.18
RET-0214,VS17,0.0294,PO-2021-0724,3.96,74919.8,296682.41,8721.85
RET-0214,VS18,0.0205,PO-2022-2527,3.96,46666.89,184800.88,3781.94
RET-0214,VS19,0.1363,PO-2022-2205,3.96,113687.44,450202.26,61341.9
RET-0214,VS20,0.0114,PO-2021-0807,3.96,68617.85,271726.69,3102.71
RET-0214,VS21,0.0114,PO-2022-2550,3.96,77650.11,307494.44,3506.98
RET-0214,VS22,0.0068,PO-2023-3618,2.97,110873.0,329292.81,2231.77
RET-0214,VS23,0.0112,PO-2021-0958,3.96,63892.21,253013.15,2842.71
RET-0214,VS24,0.0114,PO-2021-1550,3.96,60752.5,240579.9,2733.21
RET-0214,VS25,0.0206,PO-2021-1264,3.96,70424.84,278882.37,5741.19
RET-0214,VS26,0.0115,PO-2021-0764,3.96,100283.84,397124.01,4551.58
RET-0214,VS27,0.0112,PO-2021-1233,3.96,77161.71,305560.37,3433.22
RET-0214,VS28,0.0251,PO-2021-0698,3.96,81159.26,321390.67,8072.76
RET-0214,VS29,0.0159,PO-2022-2883,3.96,91723.05,363223.28,5791.97
RET-0214,VS30,0.0069,PO-2023-4734,3.96,91092.12,360724.8,2474.37
RET-0214,VS31,0.025,PO-2023-3349,3.96,84058.57,332871.94,8321.01
RET-0214,VS32,0.0297,PO-2021-0867,3.96,94460.3,374062.79,11123.3
RET-0214,VS33,0.0159,PO-2021-0222,3.96,66845.4,264707.78,4200.09
RET-0214,VS34,0.0205,PO-2022-2071,3.96,72267.02,286177.4,5870.81
RET-0257,VS01,0.0293,PO-2022-2130,2.15,75023.13,161299.73,4729.12
RET-0257,VS02,0.0134,PO-2022-3117,2.15,115717.84,248793.36,3322.15
RET-0257,VS03,0.1033,PO-2022-2249,2.15,100572.38,216230.62,22334.15
RET-0257,VS04,0.0184,PO-2023-3984,2.15,70318.39,151184.54,2780.32
RET-0257,VS05,0.0239,PO-2022-3073,2.15,85668.37,184187.0,4396.55
RET-0257,VS06,0.0241,PO-2021-0747,2.15,79781.41,171530.03,4131.42
RET-0257,VS07,0.008,PO-2021-0610,2.15,86784.83,186587.38,1500.08
RET-0257,VS08,0.0242,PO-2021-1515,1.68,59263.8,99563.18,2414.21
RET-0257,VS09,0.0186,PO-2021-1334,2.15,111375.86,239458.1,4458.79
RET-0257,VS10,0.0293,PO-2023-3564,2.15,84815.88,182354.14,5339.65
RET-0257,VS11,0.0343,PO-2021-0890,2.15,53763.35,115591.2,3963.22
RET-0257,VS12,0.1436,PO-2023-4580,2.15,70266.65,151073.3,21688.8
RET-0257,VS13,0.0236,PO-2022-2655,2.15,102941.86,221325.0,5226.76
RET-0257,VS14,0.0238,PO-2021-0172,2.15,70567.2,151719.48,3618.19
RET-0257,VS15,0.008,PO-2021-0951,2.15,74255.29,159648.87,1272.76
RET-0257,VS16,0.0344,PO-2022-2036,2.15,54877.3,117986.2,4059.12
RET-0257,VS17,0.0343,PO-2021-0307,2.15,101531.75,218293.26,7480.97
RET-0257,VS18,0.0239,PO-2023-4414,2.15,99961.23,214916.64,5127.22
RET-0257,VS19,0.1083,PO-2023-3570,2.15,49273.16,105937.29,11472.75
RET-0257,VS20,0.0133,PO-2022-2626,1.98,87536.69,173322.65,2307.09
RET-0257,VS21,0.0133,PO-2021-0492,2.15,46954.72,100952.65,1342.19
RET-0257,VS22,0.0079,PO-2021-0379,2.15,69715.63,149888.6,1184.23
RET-0257,VS23,0.0131,PO-2022-2769,2.15,61369.03,131943.41,1728.13
RET-0257,VS24,0.0132,PO-2021-0738,2.15,58491.69,125757.13,1665.51
RET-0257,VS25,0.024,PO-2023-4014,2.15,89276.66,191944.82,4606.36
RET-0257,VS26,0.0134,PO-2022-2752,2.15,49136.32,105643.09,1411.49
RET-0257,VS27,0.0131,PO-2022-1661,1.36,73098.29,99413.67,1302.12
RET-0257,VS28,0.0293,PO-2022-3035,2.15,113253.06,243494.08,7129.8
RET-0257,VS29,0.0186,PO-2023-4754,2.15,71470.54,153661.66,2856.4
RET-0257,VS30,0.008,PO-2021-1316,2.15,77107.93,165782.05,1325.64
RET-0257,VS31,0.0291,PO-2022-2053,2.15,76281.72,164005.7,4779.23
RET-0257,VS32,0.0347,PO-2022-3180,2.15,118510.34,254797.23,8832.51
RET-0257,VS33,0.0185,PO-2023-3583,2.15,97769.43,210204.27,3888.07
RET-0257,VS34,0.0239,PO-2022-2239,2.15,93239.89,200465.76,4794.06
RET-0207,VS01,0.0224,PO-2022-3067,1.42,48733.58,69201.68,1547.56
RET-0207,VS02,0.0102,PO-2021-0553,1.42,54923.56,77991.46,794.35
RET-0207,VS03,0.1478,PO-2023-4608,1.42,49671.89,70534.08,10423.66
RET-0207,VS04,0.014,PO-2023-3359,1.42,59753.14,84849.46,1190.21
RET-0207,VS05,0.0182,PO-2021-0930,1.42,111366.65,158140.64,2879.26
RET-0207,VS06,0.0184,PO-2023-4583,1.42,108761.54,154441.39,2837.32
RET-0207,VS07,0.0061,PO-2023-3645,1.42,49585.96,70412.06,431.78
RET-0207,VS08,0.0185,PO-2023-4457,1.42,87366.0,124059.72,2294.53
RET-0207,VS09,0.0142,PO-2022-3136,1.42,53590.08,76097.91,1080.8
RET-0207,VS10,0.0223,PO-2023-4029,1.42,74894.53,106350.23,2375.31
RET-0207,VS11,0.0262,PO-2021-0239,1.42,90567.97,128606.52,3363.34
RET-0207,VS12,0.2054,PO-2023-4460,1.42,97203.75,138029.32,28352.29
RET-0207,VS13,0.018,PO-2021-1206,1.42,93646.74,132978.37,2395.34
RET-0207,VS14,0.0182,PO-2023-3401,1.42,116273.67,165108.61,3003.34
RET-0207,VS15,0.0061,PO-2021-1402,1.42,112258.46,159407.01,969.33
RET-0207,VS16,0.0262,PO-2023-4701,1.42,48736.53,69205.87,1816.05
RET-0207,VS17,0.0261,PO-2023-3269,1.42,95701.62,135896.3,3552.3
RET-0207,VS18,0.0182,PO-2022-1782,1.42,71831.07,102000.12,1856.08
RET-0207,VS19,0.1549,PO-2023-4093,1.42,69062.36,98068.55,15195.59
RET-0207,VS20,0.0102,PO-2022-1752,1.42,94519.0,134216.98,1362.7
RET-0207,VS21,0.0101,PO-2021-0424,1.42,108537.55,154123.32,1562.97
RET-0207,VS22,0.006,PO-2022-1734,1.42,64787.41,91998.12,554.41
RET-0207,VS23,0.01,PO-2022-2847,1.42,102520.13,145578.58,1454.36
RET-0207,VS24,0.0101,PO-2022-2783,1.42,55772.21,79196.54,800.03
RET-0207,VS25,0.0183,PO-2022-1813,1.42,48910.53,69452.95,1271.33
RET-0207,VS26,0.0102,PO-2021-0690,1.42,99598.07,141429.26,1441.32
RET-0207,VS27,0.01,PO-2022-2035,1.42,66291.58,94134.04,940.45
RET-0207,VS28,0.0223,PO-2022-2116,1.42,67036.03,95191.16,2126.04
RET-0207,VS29,0.0142,PO-2023-3952,1.42,72112.97,102400.42,1451.91
RET-0207,VS30,0.0061,PO-2023-4339,1.42,66338.54,94200.73,574.55
RET-0207,VS31,0.0222,PO-2022-2534,1.42,72778.51,103345.48,2297.08
RET-0207,VS32,0.0264,PO-2022-3140,1.42,87415.75,124130.36,3282.11
RET-0207,VS33,0.0141,PO-2021-0103,1.42,85694.52,121686.22,1716.8
RET-0207,VS34,0.0182,PO-2022-2705,1.42,58862.16,83584.27,1524.66
RET-0260,VS01,0.0106,PO-2023-3900,2.68,83770.24,224504.24,2371.32
RET-0260,VS02,0.0048,PO-2023-4678,2.68,101994.6,273345.53,1314.96
RET-0260,VS03,0.2233,PO-2022-1751,2.68,93059.59,249399.7,55682.46
RET-0260,VS04,0.0066,PO-2021-0105,2.68,54825.99,146933.65,973.48
RET-0260,VS05,0.0086,PO-2023-3947,2.68,61585.29,165048.58,1419.33
RET-0260,VS06,0.0087,PO-2021-1052,2.68,78316.53,209888.3,1821.24
RET-0260,VS07,0.0029,PO-2022-1852,2.68,83309.71,223270.02,646.67
RET-0260,VS08,0.0087,PO-2021-0880,2.68,119924.03,321396.4,2807.61
RET-0260,VS09,0.0067,PO-2023-3920,2.68,119572.89,320455.35,2149.68
RET-0260,VS10,0.0105,PO-2021-1031,2.68,92045.71,246682.5,2602.28
RET-0260,VS11,0.0124,PO-2023-3369,2.68,98767.22,264696.15,3269.56
RET-0260,VS12,0.3103,PO-2023-3763,2.68,104047.49,278847.27,86533.53
RET-0260,VS13,0.0085,PO-2022-2098,2.68,78007.74,209060.74,1778.66
RET-0260,VS14,0.0086,PO-2021-0340,2.68,53798.71,144180.54,1238.73
RET-0260,VS15,0.0029,PO-2023-3214,2.68,90254.23,241881.34,694.71
RET-0260,VS16,0.0124,PO-2021-0060,2.68,91600.17,245488.46,3042.64
RET-0260,VS17,0.0123,PO-2022-2522,1.02,49967.12,50966.46,629.25
RET-0260,VS18,0.0086,PO-2021-1371,1.36,55701.9,75754.58,651.09
RET-0260,VS19,0.2341,PO-2021-1033,2.68,114799.91,307663.76,72022.02
RET-0260,VS20,0.0048,PO-2022-1614,2.68,92879.17,248916.18,1193.66
RET-0260,VS21,0.0048,PO-2022-1887,2.68,94584.78,253487.21,1214.15
RET-0260,VS22,0.0028,PO-2022-1694,2.68,104642.96,280443.13,798.24
RET-0260,VS23,0.0047,PO-2022-1853,2.68,88701.47,237719.94,1121.69
RET-0260,VS24,0.0048,PO-2023-4459,2.68,65562.3,175706.96,838.34
RET-0260,VS25,0.0086,PO-2022-2245,2.68,85332.28,228690.51,1977.19
RET-0260,VS26,0.0048,PO-2021-1305,2.68,111007.38,297499.78,1432.0
RET-0260,VS27,0.0047,PO-2021-1358,2.68,108970.81,292041.77,1378.06
RET-0260,VS28,0.0105,PO-2023-3330,2.68,110823.61,297007.27,3133.11
RET-0260,VS29,0.0067,PO-2022-2154,2.68,64710.35,173423.74,1161.4
RET-0260,VS30,0.0029,PO-2021-0384,2.68,66849.84,179157.57,516.11
RET-0260,VS31,0.0105,PO-2023-3791,2.68,88516.24,237223.52,2490.44
RET-0260,VS32,0.0125,PO-2023-4397,1.96,55207.61,108206.92,1351.34
RET-0260,VS33,0.0067,PO-2022-2047,2.68,57103.45,153037.25,1019.78
RET-0260,VS34,0.0086,PO-2022-2486,2.68,118437.11,317411.45,2734.67
RET-0030,VS01,0.0269,PO-2022-2130,1.01,75023.13,75773.36,2040.07
RET-0030,VS02,0.0123,PO-2022-3117,1.01,115717.84,116875.02,1433.13
RET-0030,VS03,0.1186,PO-2022-2249,1.01,100572.38,101578.1,12048.35
RET-0030,VS04,0.0169,PO-2023-3984,1.01,70318.39,71021.57,1199.39
RET-0030,VS05,0.0219,PO-2022-3073,1.01,85668.37,86525.05,1896.61
RET-0030,VS06,0.0221,PO-2021-0359,1.01,86452.61,87317.14,1931.26
RET-0030,VS07,0.0074,PO-2021-0610,1.01,86784.83,87652.68,647.11
RET-0030,VS08,0.0223,PO-2023-4149,1.01,63517.39,64152.56,1428.48
RET-0030,VS09,0.0171,PO-2021-1334,1.01,111375.86,112489.62,1923.45
RET-0030,VS10,0.0269,PO-2023-3564,1.01,84815.88,85664.04,2303.45
RET-0030,VS11,0.0315,PO-2021-0890,1.01,53763.35,54300.98,1709.67
RET-0030,VS12,0.1649,PO-2023-4580,1.01,70266.65,70969.32,11700.21
RET-0030,VS13,0.0217,PO-2022-2655,1.01,102941.86,103971.28,2254.75
RET-0030,VS14,0.0219,PO-2021-0172,1.01,70567.2,71272.87,1560.83
RET-0030,VS15,0.0073,PO-2021-0951,1.01,74255.29,74997.84,549.05
RET-0030,VS16,0.0316,PO-2022-2036,1.01,54877.3,55426.07,1751.04
RET-0030,VS17,0.0315,PO-2023-4492,1.01,85398.59,86252.58,2714.39
RET-0030,VS18,0.0219,PO-2023-4414,1.01,99961.23,100960.84,2211.81
RET-0030,VS19,0.1244,PO-2023-3570,1.01,49273.16,49765.89,6189.07
RET-0030,VS20,0.0122,PO-2022-2626,1.01,87536.69,88412.06,1080.69
RET-0030,VS21,0.0122,PO-2021-0492,1.01,46954.72,47424.27,579.0
RET-0030,VS22,0.0073,PO-2021-0379,1.01,69715.63,70412.79,510.86
RET-0030,VS23,0.012,PO-2022-2769,1.01,61369.03,61982.72,745.49
RET-0030,VS24,0.0122,PO-2021-0738,1.01,58491.69,59076.61,718.47
RET-0030,VS25,0.022,PO-2023-4014,1.01,89276.66,90169.43,1987.11
RET-0030,VS26,0.0123,PO-2022-2752,1.01,49136.32,49627.68,608.9
RET-0030,VS27,0.012,PO-2022-1661,1.01,73098.29,73829.27,888.01
RET-0030,VS28,0.0269,PO-2022-3035,1.01,113253.06,114385.59,3075.69
RET-0030,VS29,0.0171,PO-2023-4754,1.01,71470.54,72185.25,1232.21
RET-0030,VS30,0.0073,PO-2021-1316,1.01,77107.93,77879.01,571.86
RET-0030,VS31,0.0268,PO-2022-2053,1.01,76281.72,77044.54,2061.69
RET-0030,VS32,0.0318,PO-2022-3180,1.01,118510.34,119695.44,3810.21
RET-0030,VS33,0.017,PO-2023-3583,1.01,97769.43,98747.12,1677.25
RET-0030,VS34,0.022,PO-2022-2239,1.01,93239.89,94172.29,2068.09
RET-0292,VS01,0.0365,PO-2021-0437,4.31,99182.4,427476.14,15597.02
RET-0292,VS02,0.0166,PO-2021-0546,4.31,107469.74,463194.58,7697.1
RET-0292,VS03,0.0574,PO-2023-3887,2.79,99800.91,278444.54,15994.12
RET-0292,VS04,0.0229,PO-2021-0002,4.31,118898.16,512451.07,11727.99
RET-0292,VS05,0.0297,PO-2023-3569,4.31,118091.46,508974.19,15119.32
RET-0292,VS06,0.03,PO-2023-3573,4.31,112805.96,486193.69,14573.09
RET-0292,VS07,0.01,PO-2021-1385,4.31,85099.04,366776.86,3669.59
RET-0292,VS08,0.0302,PO-2021-0945,4.31,100422.54,432821.15,13060.77
RET-0292,VS09,0.0232,PO-2023-4655,4.31,55049.82,237264.72,5497.99
RET-0292,VS10,0.0364,PO-2023-4020,4.31,95948.22,413536.83,15069.36
RET-0292,VS11,0.0427,PO-2022-2141,4.31,71149.98,306656.41,13084.54
RET-0292,VS12,0.0798,PO-2023-4667,4.31,79443.7,342402.35,27337.19
RET-0292,VS13,0.0294,PO-2021-0786,4.31,69276.07,298579.86,8774.97
RET-0292,VS14,0.0297,PO-2023-3672,4.31,112386.66,484386.5,14375.57
RET-0292,VS15,0.0099,PO-2023-3342,2.13,93177.47,198468.01,1969.03
RET-0292,VS16,0.0428,PO-2023-3870,4.31,89481.71,385666.17,16511.82
RET-0292,VS17,0.0426,PO-2023-3240,4.31,56872.18,245119.1,10453.89
RET-0292,VS18,0.0297,PO-2021-0099,4.31,77691.37,334849.8,9941.34
RET-0292,VS19,0.0602,PO-2021-1053,4.31,122488.13,527923.84,31795.04
RET-0292,VS20,0.0166,PO-2021-1478,4.31,73152.87,315288.87,5222.77
RET-0292,VS21,0.0165,PO-2022-2495,4.31,83493.44,359856.73,5954.01
RET-0292,VS22,0.0098,PO-2021-1074,4.31,47156.97,203246.54,1998.36
RET-0292,VS23,0.0163,PO-2022-2193,4.31,109248.48,470860.95,7674.78
RET-0292,VS24,0.0165,PO-2021-0946,4.31,97558.12,420475.5,6930.07
RET-0292,VS25,0.0299,PO-2023-4070,4.31,111801.88,481866.1,14390.99
RET-0292,VS26,0.0166,PO-2022-3031,4.31,87493.59,377097.37,6270.09
RET-0292,VS27,0.0163,PO-2021-0124,4.31,50922.63,219476.54,3577.48
RET-0292,VS28,0.0364,PO-2022-2177,4.31,96857.77,417456.99,15211.92
RET-0292,VS29,0.0231,PO-2022-2740,4.31,68212.63,293996.44,6801.09
RET-0292,VS30,0.01,PO-2022-1721,4.31,80718.03,347894.71,3461.94
RET-0292,VS31,0.0363,PO-2021-0657,4.31,55228.61,238035.31,8632.25
RET-0292,VS32,0.0431,PO-2023-3419,4.31,65302.5,281453.77,12141.71
RET-0292,VS33,0.023,PO-2021-0582,4.31,98333.26,423816.35,9755.58
RET-0292,VS34,0.0298,PO-2021-0197,4.31,113845.26,490673.07,14602.89
RET-0170,VS01,0.0164,PO-2023-3547,0.38,102608.85,38991.36,639.03
RET-0170,VS02,0.0075,PO-2022-1682,0.38,56425.95,21441.86,160.05
RET-0170,VS03,0.186,PO-2021-0853,0.38,82438.23,31326.53,5826.62
RET-0170,VS04,0.0103,PO-2022-2730,0.38,87334.63,33187.16,341.16
RET-0170,VS05,0.0133,PO-2023-4393,0.38,91917.3,34928.57,466.06
RET-0170,VS06,0.0135,PO-2022-2734,0.38,85144.85,32355.04,435.62
RET-0170,VS07,0.0045,PO-2021-1504,0.38,87911.86,33406.51,150.13
RET-0170,VS08,0.0136,PO-2021-1444,0.38,97444.85,37029.04,501.91
RET-0170,VS09,0.0104,PO-2022-2134,0.38,97130.27,36909.5,384.17
RET-0170,VS10,0.0164,PO-2023-4214,0.38,85741.64,32581.82,533.31
RET-0170,VS11,0.0192,PO-2022-1681,0.38,114493.74,43507.62,833.86
RET-0170,VS12,0.2585,PO-2022-2319,0.38,60516.37,22996.22,5945.06
RET-0170,VS13,0.0132,PO-2022-2607,0.38,55215.79,20982.0,276.98
RET-0170,VS14,0.0133,PO-2023-3455,0.38,101398.91,38531.59,513.65
RET-0170,VS15,0.0045,PO-2023-4043,0.38,106662.6,40531.79,180.63
RET-0170,VS16,0.0192,PO-2023-3665,0.38,108380.87,41184.73,792.03
RET-0170,VS17,0.0192,PO-2023-3658,0.38,84248.67,32014.49,613.29
RET-0170,VS18,0.0133,PO-2022-2561,0.38,84655.14,32168.95,429.0
RET-0170,VS19,0.195,PO-2022-3018,0.38,112519.69,42757.48,8338.41
RET-0170,VS20,0.0074,PO-2023-3588,0.38,119506.63,45412.52,337.9
RET-0170,VS21,0.0074,PO-2022-2800,0.0,93266.21,0.0,0.0
RET-0170,VS22,0.0044,PO-2023-4518,0.38,97113.34,36903.07,162.98
RET-0170,VS23,0.0073,PO-2022-2546,0.38,94011.71,35724.45,261.55
RET-0170,VS24,0.0074,PO-2023-4095,0.38,52492.9,19947.3,147.67
RET-0170,VS25,0.0134,PO-2022-2184,0.38,95066.78,36125.38,484.62
RET-0170,VS26,0.0075,PO-2022-2407,0.38,74459.98,28294.79,211.32
RET-0170,VS27,0.0073,PO-2021-1542,0.38,92498.25,35149.34,257.35
RET-0170,VS28,0.0164,PO-2022-2478,0.38,46553.69,17690.4,289.55
RET-0170,VS29,0.0104,PO-2023-3613,0.38,80375.54,30542.71,317.37
RET-0170,VS30,0.0045,PO-2022-2869,0.38,109771.73,41713.26,186.45
RET-0170,VS31,0.0163,PO-2022-2821,0.38,104910.28,39865.91,649.39
RET-0170,VS32,0.0194,PO-2022-1726,0.38,96087.04,36513.08,707.52
RET-0170,VS33,0.0103,PO-2022-3023,0.38,110560.01,42012.8,434.39
RET-0170,VS34,0.0134,PO-2022-1874,0.38,77001.71,29260.65,391.16
RET-0174,VS01,0.0066,PO-2021-0444,1.91,54898.72,104856.56,695.55
RET-0174,VS02,0.003,PO-2021-0280,1.91,53220.34,101650.85,307.1
RET-0174,VS03,0.2484,PO-2021-1424,1.91,99561.2,190161.89,47236.04
RET-0174,VS04,0.0042,PO-2021-1050,1.91,98697.28,188511.8,784.35
RET-0174,VS05,0.0054,PO-2023-3558,1.91,102197.94,195198.07,1054.18
RET-0174,VS06,0.0054,PO-2022-2004,1.91,52605.38,100476.28,547.53
RET-0174,VS07,0.0018,PO-2022-1955,1.91,82709.5,157975.14,287.35
RET-0174,VS08,0.0055,PO-2022-2016,1.91,84845.14,162054.22,889.04
RET-0174,VS09,0.0042,PO-2023-4281,1.91,83981.43,160404.53,675.76
RET-0174,VS10,0.0066,PO-2022-1664,1.91,83922.24,160291.48,1061.92
RET-0174,VS11,0.0078,PO-2022-1851,1.91,114773.14,219216.7,1700.52
RET-0174,VS12,0.3453,PO-2023-3732,1.91,98567.68,188264.27,65000.01
RET-0174,VS13,0.0053,PO-2023-4194,1.91,89329.15,170618.68,911.62
RET-0174,VS14,0.0054,PO-2022-2891,1.91,97092.04,185445.8,1000.58
RET-0174,VS15,0.0018,PO-2021-0368,1.91,73157.02,139729.91,252.03
RET-0174,VS16,0.0078,PO-2021-0549,1.91,78457.76,149854.32,1166.42
RET-0174,VS17,0.0078,PO-2021-1422,1.91,81646.64,155945.08,1209.14
RET-0174,VS18,0.0054,PO-2021-1295,1.91,106221.06,202882.22,1095.07
RET-0174,VS19,0.2604,PO-2023-3215,1.91,100712.81,192361.47,50099.63
RET-0174,VS20,0.003,PO-2021-1204,1.91,117235.62,223920.03,674.35
RET-0174,VS21,0.003,PO-2021-1041,1.91,78632.18,150187.46,451.77
RET-0174,VS22,0.0018,PO-2021-0614,1.91,117332.53,224105.13,400.59
RET-0174,VS23,0.003,PO-2022-1799,1.91,86902.3,165983.39,491.86
RET-0174,VS24,0.003,PO-2021-1023,1.91,86909.28,165996.72,497.39
RET-0174,VS25,0.0054,PO-2023-4266,1.91,77097.77,147256.74,799.54
RET-0174,VS26,0.003,PO-2022-3167,1.91,67739.75,129382.92,391.11
RET-0174,VS27,0.003,PO-2023-3247,1.91,92805.18,177257.89,525.29
RET-0174,VS28,0.0066,PO-2023-4556,1.91,58179.59,111123.02,736.17
RET-0174,VS29,0.0042,PO-2023-4310,1.91,98460.51,188059.57,790.92
RET-0174,VS30,0.0018,PO-2022-2508,1.91,79747.45,152317.63,275.57
RET-0174,VS31,0.0066,PO-2021-1073,1.91,72192.64,137887.94,909.1
RET-0174,VS32,0.0078,PO-2023-4513,1.91,96245.08,183828.1,1441.74
RET-0174,VS33,0.0042,PO-2021-0733,1.91,96475.4,184268.01,771.13
RET-0174,VS34,0.0054,PO-2022-3196,1.91,55656.66,106304.22,575.17
RET-0089,VS01,0.021,PO-2023-3513,0.85,90368.64,76813.34,1615.89
RET-0089,VS02,0.0096,PO-2022-2139,0.85,80287.67,68244.52,653.85
RET-0089,VS03,0.1563,PO-2023-4110,0.85,123030.57,104575.98,16341.81
RET-0089,VS04,0.0132,PO-2023-3927,0.85,54233.12,46098.15,608.27
RET-0089,VS05,0.0171,PO-2021-1223,0.85,91317.22,77619.64,1329.39
RET-0089,VS06,0.0173,PO-2023-3555,0.85,90309.68,76763.23,1326.6
RET-0089,VS07,0.0058,PO-2022-2706,0.85,53401.1,45390.94,261.84
RET-0089,VS08,0.0174,PO-2022-1680,0.85,81293.32,69099.32,1202.2
RET-0089,VS09,0.0134,PO-2023-4004,0.85,90789.31,77170.91,1031.02
RET-0089,VS10,0.021,PO-2023-4770,0.85,109886.01,93403.11,1962.39
RET-0089,VS11,0.0246,PO-2022-2005,0.85,83022.78,70569.36,1736.07
RET-0089,VS12,0.2172,PO-2021-0507,0.85,122267.47,103927.35,22573.22
RET-0089,VS13,0.0169,PO-2023-4198,0.85,115775.93,98409.54,1667.5
RET-0089,VS14,0.0171,PO-2021-0888,0.85,111602.21,94861.88,1623.19
RET-0089,VS15,0.0057,PO-2023-3990,0.85,110044.72,93538.01,535.05
RET-0089,VS16,0.0247,PO-2022-2250,0.85,119031.41,101176.7,2497.52
RET-0089,VS17,0.0246,PO-2023-3556,0.85,101942.22,86650.89,2130.68
RET-0089,VS18,0.0171,PO-2022-2133,0.85,108556.11,92272.69,1579.47
RET-0089,VS19,0.1638,PO-2022-2361,0.85,91145.31,77473.51,12693.69
RET-0089,VS20,0.0096,PO-2023-4420,0.85,58874.36,50043.21,477.95
RET-0089,VS21,0.0095,PO-2023-4211,0.85,116836.62,99311.13,947.38
RET-0089,VS22,0.0057,PO-2022-1962,0.85,57691.02,49037.37,277.99
RET-0089,VS23,0.0094,PO-2021-0803,0.85,119763.77,101799.2,956.67
RET-0089,VS24,0.0095,PO-2022-2280,0.85,74916.23,63678.8,605.11
RET-0089,VS25,0.0172,PO-2021-1312,0.85,97002.28,82451.94,1419.74
RET-0089,VS26,0.0096,PO-2022-2545,0.85,97118.16,82550.44,791.38
RET-0089,VS27,0.0094,PO-2023-3542,0.85,59061.87,50202.59,471.8
RET-0089,VS28,0.021,PO-2022-2360,0.85,69495.78,59071.41,1241.06
RET-0089,VS29,0.0133,PO-2021-1487,0.85,54661.2,46462.02,619.7
RET-0089,VS30,0.0057,PO-2023-3246,0.85,117287.6,99694.46,571.99
RET-0089,VS31,0.0209,PO-2022-2712,0.85,88991.78,75643.01,1581.6
RET-0089,VS32,0.0249,PO-2022-2704,0.85,52148.08,44325.87,1102.49
RET-0089,VS33,0.0133,PO-2022-1716,0.85,68386.91,58128.87,771.46
RET-0089,VS34,0.0172,PO-2023-3610,0.85,114094.84,96980.61,1664.09
RET-0133,VS01,0.0181,PO-2021-0957,1.58,52327.41,82677.31,1494.9
RET-0133,VS02,0.0082,PO-2022-2665,2.37,101816.89,241306.03,1987.14
RET-0133,VS03,0.1752,PO-2023-4429,2.37,72085.96,170843.73,29927.01
RET-0133,VS04,0.0113,PO-2021-0568,2.37,59590.79,141230.17,1601.75
RET-0133,VS05,0.0147,PO-2021-0163,2.37,51992.26,123221.66,1813.93
RET-0133,VS06,0.0149,PO-2023-4609,2.37,63413.61,150290.26,2232.39
RET-0133,VS07,0.005,PO-2022-2289,2.37,45650.15,108190.86,536.42
RET-0133,VS08,0.015,PO-2022-2389,2.37,79143.34,187569.72,2804.91
RET-0133,VS09,0.0115,PO-2021-0111,2.37,104250.46,247073.59,2837.22
RET-0133,VS10,0.0181,PO-2022-2714,2.37,65626.47,155534.73,2808.69
RET-0133,VS11,0.0211,PO-2021-0360,2.37,77543.22,183777.43,3885.93
RET-0133,VS12,0.2435,PO-2023-4206,2.37,99382.5,235536.53,57347.97
RET-0133,VS13,0.0146,PO-2021-1391,2.37,111171.45,263476.34,3837.28
RET-0133,VS14,0.0147,PO-2023-4349,2.37,116228.14,275460.69,4051.25
RET-0133,VS15,0.0049,PO-2021-0770,2.37,82018.47,194383.77,955.69
RET-0133,VS16,0.0212,PO-2022-2482,2.37,105007.55,248867.89,5280.18
RET-0133,VS17,0.0211,PO-2022-2763,2.37,59882.94,141922.57,2999.5
RET-0133,VS18,0.0147,PO-2022-1824,2.37,55284.86,131025.12,1927.73
RET-0133,VS19,0.1837,PO-2023-4062,2.37,84790.38,200953.2,36908.44
RET-0133,VS20,0.0082,PO-2022-2845,2.37,100372.23,237882.19,1952.77
RET-0133,VS21,0.0082,PO-2021-1566,2.37,111298.98,263778.58,2162.8
RET-0133,VS22,0.0049,PO-2021-0772,2.37,116373.3,275804.72,1343.84
RET-0133,VS23,0.0081,PO-2022-1809,2.37,89861.07,212970.74,1720.24
RET-0133,VS24,0.0082,PO-2023-3730,2.37,74384.26,176290.7,1439.87
RET-0133,VS25,0.0148,PO-2022-3185,2.37,112945.86,267681.69,3961.68
RET-0133,VS26,0.0082,PO-2021-0448,2.37,85324.15,202218.24,1666.24
RET-0133,VS27,0.0081,PO-2022-2448,2.37,97835.58,231870.32,1872.97
RET-0133,VS28,0.0181,PO-2022-2432,1.0,64708.17,64708.17,1168.5
RET-0133,VS29,0.0115,PO-2022-2794,2.37,58428.17,138474.76,1587.46
RET-0133,VS30,0.0049,PO-2021-0102,2.37,69245.53,164111.91,809.3
RET-0133,VS31,0.018,PO-2022-2512,2.37,59510.95,141040.95,2534.68
RET-0133,VS32,0.0214,PO-2021-1485,2.37,88854.12,210584.26,4501.89
RET-0133,VS33,0.0114,PO-2023-4510,2.37,107938.52,255814.29,2918.07
RET-0133,VS34,0.0147,PO-2021-1235,2.37,68610.34,162606.51,2398.17
RET-0199,VS01,0.0035,PO-2021-0444,0.61,54898.72,33488.22,116.54
RET-0199,VS02,0.0016,PO-2021-0280,0.61,53220.34,32464.41,51.46
RET-0199,VS03,0.2686,PO-2021-1424,0.61,99561.2,60732.33,16310.83
RET-0199,VS04,0.0022,PO-2021-1050,0.61,98697.28,60205.34,131.42
RET-0199,VS05,0.0028,PO-2023-3558,0.61,102197.94,62340.74,176.63
RET-0199,VS06,0.0029,PO-2022-2004,0.61,52605.38,32089.28,91.74
RET-0199,VS07,0.001,PO-2022-1955,0.61,82709.5,50452.8,48.15
RET-0199,VS08,0.0029,PO-2022-2016,0.61,84845.14,51755.54,148.96
RET-0199,VS09,0.0022,PO-2023-4281,0.61,83981.43,51228.67,113.23
RET-0199,VS10,0.0035,PO-2022-1664,0.61,83922.24,51192.57,177.93
RET-0199,VS11,0.0041,PO-2022-1851,0.61,114773.14,70011.62,284.93
RET-0199,VS12,0.3733,PO-2023-3732,0.61,98567.68,60126.28,22444.81
RET-0199,VS13,0.0028,PO-2021-0575,0.61,111900.48,68259.29,191.34
RET-0199,VS14,0.0028,PO-2022-2891,0.61,97092.04,59226.14,167.65
RET-0199,VS15,0.0009,PO-2021-0368,0.61,73157.02,44625.78,42.23
RET-0199,VS16,0.0041,PO-2022-1847,0.61,83020.35,50642.41,206.81
RET-0199,VS17,0.0041,PO-2021-1422,0.61,81646.64,49804.45,202.6
RET-0199,VS18,0.0028,PO-2021-1295,0.61,106221.06,64794.85,183.48
RET-0199,VS19,0.2816,PO-2023-3215,0.61,100712.81,61434.81,17299.64
RET-0199,VS20,0.0016,PO-2023-4044,0.61,85304.62,52035.82,82.22
RET-0199,VS21,0.0016,PO-2021-1041,0.61,78632.18,47965.63,75.7
RET-0199,VS22,0.0009,PO-2021-0614,0.61,117332.53,71572.84,67.12
RET-0199,VS23,0.0016,PO-2022-1799,0.61,86902.3,53010.4,82.41
RET-0199,VS24,0.0016,PO-2021-1023,0.61,86909.28,53014.66,83.34
RET-0199,VS25,0.0028,PO-2023-4266,0.61,77097.77,47029.64,133.97
RET-0199,VS26,0.0016,PO-2022-3167,0.61,67739.75,41321.25,65.53
RET-0199,VS27,0.0016,PO-2023-3247,0.61,92805.18,56611.16,88.01
RET-0199,VS28,0.0035,PO-2023-4556,0.61,58179.59,35489.55,123.35
RET-0199,VS29,0.0022,PO-2021-1176,0.61,87064.09,53109.09,117.18
RET-0199,VS30,0.0009,PO-2021-0809,0.61,64874.11,39573.21,37.56
RET-0199,VS31,0.0035,PO-2021-1073,0.61,72192.64,44037.51,152.32
RET-0199,VS32,0.0041,PO-2023-4513,0.61,96245.08,58709.5,241.57
RET-0199,VS33,0.0022,PO-2021-0733,0.61,96475.4,58849.99,129.21
RET-0199,VS34,0.0028,PO-2022-3196,0.61,55656.66,33950.56,96.37
RET-0331,VS01,0.0062,PO-2023-3253,0.16,87094.68,13935.15,85.77
RET-0331,VS02,0.0028,PO-2022-2034,0.16,57505.07,9200.81,25.79
RET-0331,VS03,0.2515,PO-2022-2834,0.16,75855.28,12136.84,3051.93
RET-0331,VS04,0.0039,PO-2023-3979,0.16,73814.33,11810.29,45.59
RET-0331,VS05,0.005,PO-2022-2518,0.16,73344.37,11735.1,58.8
RET-0331,VS06,0.0051,PO-2023-3822,0.16,79389.7,12702.35,64.23
RET-0331,VS07,0.0017,PO-2022-1865,0.16,107539.39,17206.3,29.04
RET-0331,VS08,0.0051,PO-2021-1177,0.16,52018.34,8322.93,42.37
RET-0331,VS09,0.0039,PO-2022-2061,0.16,46945.54,7511.29,29.36
RET-0331,VS10,0.0061,PO-2023-3616,0.16,95763.46,15322.15,94.19
RET-0331,VS11,0.0072,PO-2022-2789,0.16,47834.11,7653.46,55.09
RET-0331,VS12,0.3495,PO-2023-4238,0.0,54227.13,0.0,0.0
RET-0331,VS13,0.005,PO-2022-1989,0.16,69986.03,11197.76,55.51
RET-0331,VS14,0.005,PO-2023-4688,0.16,60725.14,9716.02,48.64
RET-0331,VS15,0.0017,PO-2021-0732,0.16,104945.24,16791.24,28.1
RET-0331,VS16,0.0072,PO-2022-2509,0.16,114206.0,18272.96,131.97
RET-0331,VS17,0.0072,PO-2023-3483,0.16,60639.8,9702.37,69.8
RET-0331,VS18,0.005,PO-2021-1225,0.16,110527.18,17684.35,88.57
RET-0331,VS19,0.2637,PO-2022-1890,0.16,115117.39,18418.78,4856.2
RET-0331,VS20,0.0028,PO-2021-1483,0.16,49762.37,7961.98,22.25
RET-0331,VS21,0.0028,PO-2023-3289,0.16,66043.48,10566.96,29.49
RET-0331,VS22,0.0017,PO-2023-4775,0.16,86446.27,13831.4,22.94
RET-0331,VS23,0.0027,PO-2023-4475,0.16,97406.2,15584.99,42.85
RET-0331,VS24,0.0028,PO-2023-4336,0.16,106809.0,17089.44,47.51
RET-0331,VS25,0.005,PO-2023-4498,0.16,51146.7,8183.47,41.23
RET-0331,VS26,0.0028,PO-2021-0924,0.16,49680.79,7948.93,22.3
RET-0331,VS27,0.0027,PO-2023-4018,0.16,79512.62,12722.02,34.98
RET-0331,VS28,0.0061,PO-2022-2959,0.16,74639.14,11942.26,73.41
RET-0331,VS29,0.0039,PO-2022-2255,0.16,61723.09,9875.69,38.54
RET-0331,VS30,0.0017,PO-2023-3812,0.16,94482.83,15117.25,25.38
RET-0331,VS31,0.0061,PO-2023-3504,0.16,118722.27,18995.56,116.2
RET-0331,VS32,0.0073,PO-2021-0421,0.16,65153.79,10424.61,75.86
RET-0331,VS33,0.0039,PO-2021-0684,0.16,62249.31,9959.89,38.67
RET-0331,VS34,0.005,PO-2021-1323,0.16,83033.09,13285.29,66.7
RET-0329,VS01,0.0302,PO-2022-2673,4.44,73342.18,325639.28,9829.12
RET-0329,VS02,0.0137,PO-2021-0169,2.41,65495.28,157843.62,2169.9
RET-0329,VS03,0.0978,PO-2023-4707,0.0,62710.54,0.0,0.0
RET-0329,VS04,0.0189,PO-2023-3788,4.44,87077.58,386624.46,7319.96
RET-0329,VS05,0.0246,PO-2022-2393,4.44,98915.31,439183.98,10792.72
RET-0329,VS06,0.0248,PO-2021-0174,4.44,76801.11,340996.93,8455.53
RET-0329,VS07,0.0083,PO-2023-4138,4.44,76770.92,340862.88,2821.26
RET-0329,VS08,0.025,PO-2023-3636,4.44,76545.83,339863.49,8484.24
RET-0329,VS09,0.0192,PO-2023-3997,4.44,56464.24,250701.23,4805.9
RET-0329,VS10,0.0301,PO-2021-1527,4.44,74651.91,331454.48,9992.0
RET-0329,VS11,0.0353,PO-2021-1557,4.44,54670.07,242735.11,8568.15
RET-0329,VS12,0.1359,PO-2021-0538,4.44,95023.07,421902.43,57324.68
RET-0329,VS13,0.0243,PO-2023-3428,4.44,112597.65,499933.57,12154.74
RET-0329,VS14,0.0246,PO-2023-4464,4.44,96733.03,429494.65,10544.82
RET-0329,VS15,0.0082,PO-2022-2566,4.44,45321.38,201226.93,1651.57
RET-0329,VS16,0.0354,PO-2021-0024,4.44,97595.86,433325.62,15347.79
RET-0329,VS17,0.0353,PO-2022-2682,4.44,93283.31,414177.9,14612.88
RET-0329,VS18,0.0246,PO-2022-2456,4.44,95226.35,422804.99,10384.44
RET-0329,VS19,0.1025,PO-2021-1162,4.44,81976.18,363974.24,37305.36
RET-0329,VS20,0.0137,PO-2022-2529,4.44,56097.9,249074.68,3413.26
RET-0329,VS21,0.0137,PO-2021-0515,4.44,50565.03,224508.73,3072.99
RET-0329,VS22,0.0081,PO-2022-1943,4.44,100294.91,445309.4,3622.1
RET-0329,VS23,0.0135,PO-2022-1722,2.12,86272.82,182898.38,2466.22
RET-0329,VS24,0.0136,PO-2021-0372,4.44,51547.29,228869.97,3120.57
RET-0329,VS25,0.0247,PO-2021-0583,4.44,91735.11,407303.89,10063.08
RET-0329,VS26,0.0138,PO-2021-0818,4.44,82636.73,366907.08,5046.9
RET-0329,VS27,0.0135,PO-2021-1114,1.99,80227.49,159652.71,2152.85
RET-0329,VS28,0.0301,PO-2022-2018,4.44,79352.32,352324.3,10620.94
RET-0329,VS29,0.0191,PO-2022-1724,4.44,48685.08,216161.76,4136.79
RET-0329,VS30,0.0082,PO-2022-3190,4.44,72595.7,322324.91,2653.47
RET-0329,VS31,0.03,PO-2021-0540,4.44,46517.47,206537.57,6196.26
RET-0329,VS32,0.0357,PO-2023-4596,4.44,117464.14,521540.78,18612.69
RET-0329,VS33,0.019,PO-2023-3609,4.44,93601.06,415588.71,7913.84
RET-0329,VS34,0.0246,PO-2021-0354,4.44,66501.64,295267.28,7269.59
RET-0300,VS01,0.0105,PO-2021-0351,0.48,92302.62,44305.26,463.54
RET-0300,VS02,0.0048,PO-2021-1278,0.48,113530.13,54494.46,259.67
RET-0300,VS03,0.2239,PO-2023-4021,0.48,68073.15,32675.11,7316.14
RET-0300,VS04,0.0066,PO-2022-3116,0.48,87704.59,42098.2,276.27
RET-0300,VS05,0.0085,PO-2023-3942,0.48,62096.49,29806.32,253.89
RET-0300,VS06,0.0086,PO-2021-0008,0.48,87392.02,41948.17,360.55
RET-0300,VS07,0.0029,PO-2023-3980,0.48,112565.13,54031.26,155.01
RET-0300,VS08,0.0087,PO-2021-1072,0.48,50730.02,24350.41,210.7
RET-0300,VS09,0.0066,PO-2023-3686,0.48,78942.19,37892.25,251.78
RET-0300,VS10,0.0104,PO-2023-4069,0.48,92581.12,44438.94,464.35
RET-0300,VS11,0.0122,PO-2022-1668,0.48,98251.86,47160.89,577.02
RET-0300,VS12,0.3112,PO-2022-2649,0.48,106424.57,51083.79,15898.04
RET-0300,VS13,0.0084,PO-2022-2521,0.48,76319.18,36633.21,308.72
RET-0300,VS14,0.0085,PO-2023-3929,0.48,111388.1,53466.29,455.01
RET-0300,VS15,0.0028,PO-2021-1306,0.48,113774.64,54611.83,155.37
RET-0300,VS16,0.0123,PO-2021-0926,0.48,74570.12,35793.66,439.43
RET-0300,VS17,0.0122,PO-2023-4706,0.48,48698.6,23375.33,285.87
RET-0300,VS18,0.0085,PO-2023-3755,0.48,80503.61,38641.73,328.97
RET-0300,VS19,0.2348,PO-2022-1659,0.48,107396.66,51550.4,12102.17
RET-0300,VS20,0.0048,PO-2023-3590,0.48,101542.5,48740.4,231.52
RET-0300,VS21,0.0047,PO-2021-1302,0.48,75515.69,36247.53,171.97
RET-0300,VS22,0.0028,PO-2021-1034,0.48,94182.04,45207.38,127.46
RET-0300,VS23,0.0047,PO-2023-4179,0.48,66174.49,31763.76,148.46
RET-0300,VS24,0.0047,PO-2023-3738,0.48,50006.5,24003.12,113.44
RET-0300,VS25,0.0086,PO-2023-4555,0.48,64080.14,30758.47,263.41
RET-0300,VS26,0.0048,PO-2021-1157,0.48,56193.84,26973.04,128.6
RET-0300,VS27,0.0047,PO-2023-4213,0.48,48662.92,23358.2,109.18
RET-0300,VS28,0.0104,PO-2022-3044,0.48,95133.15,45663.91,477.15
RET-0300,VS29,0.0066,PO-2022-3194,0.48,102773.99,49331.52,327.24
RET-0300,VS30,0.0029,PO-2021-0801,0.48,57510.7,27605.14,78.77
RET-0300,VS31,0.0104,PO-2021-1077,0.48,53086.3,25481.42,264.98
RET-0300,VS32,0.0124,PO-2023-3852,0.48,115680.71,55526.74,686.88
RET-0300,VS33,0.0066,PO-2021-0695,0.48,90413.33,43398.4,286.45
RET-0300,VS34,0.0085,PO-2021-1406,0.48,66634.13,31984.38,272.95
RET-0157,VS01,0.0276,PO-2021-1578,1.15,106369.15,122324.52,3379.53
RET-0157,VS02,0.0126,PO-2022-2803,1.15,112482.51,129354.89,1627.64
RET-0157,VS03,0.1141,PO-2023-4750,1.15,49550.74,56983.35,6502.2
RET-0157,VS04,0.0173,PO-2023-4733,1.15,69976.94,80473.48,1394.56
RET-0157,VS05,0.0225,PO-2023-3967,1.15,66623.75,76617.31,1723.36
RET-0157,VS06,0.0227,PO-2022-3075,1.15,118104.34,135819.99,3082.61
RET-0157,VS07,0.0076,PO-2022-1675,1.15,89692.08,103145.89,781.41
RET-0157,VS08,0.0228,PO-2021-1480,1.15,81691.38,93945.09,2146.58
RET-0157,VS09,0.0175,PO-2022-2158,1.15,79307.51,91203.64,1600.28
RET-0157,VS10,0.0276,PO-2021-1257,1.15,119326.51,137225.49,3786.41
RET-0157,VS11,0.0323,PO-2023-3612,1.15,114196.8,131326.32,4242.98
RET-0157,VS12,0.1586,PO-2021-0769,1.15,56553.06,65036.02,10314.82
RET-0157,VS13,0.0223,PO-2023-3604,1.15,86306.91,99252.95,2208.72
RET-0157,VS14,0.0225,PO-2022-2247,1.15,58927.9,67767.08,1522.88
RET-0157,VS15,0.0075,PO-2022-1844,1.15,58819.16,67642.03,508.15
RET-0157,VS16,0.0324,PO-2023-3816,1.15,92670.2,106570.73,3454.89
RET-0157,VS17,0.0323,PO-2021-0664,1.15,88544.67,101826.37,3288.32
RET-0157,VS18,0.0225,PO-2023-3272,1.15,52770.85,60686.48,1364.27
RET-0157,VS19,0.1196,PO-2022-1605,1.15,115530.26,132859.8,15895.43
RET-0157,VS20,0.0125,PO-2021-1544,1.15,66041.7,75947.95,952.62
RET-0157,VS21,0.0125,PO-2022-1981,1.15,110199.68,126729.63,1587.71
RET-0157,VS22,0.0074,PO-2021-0137,1.15,50647.45,58244.57,433.63
RET-0157,VS23,0.0123,PO-2023-3723,1.15,91313.34,105010.34,1296.04
RET-0157,VS24,0.0125,PO-2021-1474,1.15,119136.31,137006.76,1709.82
RET-0157,VS25,0.0226,PO-2021-0443,1.15,92856.17,106784.6,2414.82
RET-0157,VS26,0.0126,PO-2021-0980,1.15,94038.75,108144.56,1361.56
RET-0157,VS27,0.0123,PO-2023-4133,1.15,85379.99,98186.99,1211.87
RET-0157,VS28,0.0276,PO-2023-3712,1.15,102483.94,117856.53,3251.91
RET-0157,VS29,0.0175,PO-2021-0195,1.15,107803.29,123973.78,2171.59
RET-0157,VS30,0.0075,PO-2022-1636,1.15,99883.36,114865.86,865.52
RET-0157,VS31,0.0275,PO-2023-4162,1.15,115440.86,132756.99,3645.46
RET-0157,VS32,0.0327,PO-2022-3174,1.15,114772.89,131988.82,4311.44
RET-0157,VS33,0.0174,PO-2023-3641,1.15,64469.8,74140.27,1292.24
RET-0157,VS34,0.0225,PO-2021-1388,1.15,68124.32,78342.97,1765.47
RET-0041,VS01,0.0173,PO-2021-0351,1.87,92302.62,172605.9,2991.4
RET-0041,VS02,0.0079,PO-2021-1278,1.87,113530.13,212301.34,1675.74
RET-0041,VS03,0.18,PO-2023-4021,1.87,68073.15,127296.79,22909.78
RET-0041,VS04,0.0109,PO-2022-2169,1.87,81069.91,151600.73,1648.02
RET-0041,VS05,0.0141,PO-2023-3942,1.87,62096.49,116120.44,1638.45
RET-0041,VS06,0.0142,PO-2021-0008,1.87,87392.02,163423.08,2326.72
RET-0041,VS07,0.0048,PO-2023-3980,1.87,112565.13,210496.79,1000.35
RET-0041,VS08,0.0143,PO-2021-1072,1.87,50730.02,94865.14,1359.74
RET-0041,VS09,0.011,PO-2023-3686,1.87,78942.19,147621.9,1624.84
RET-0041,VS10,0.0173,PO-2022-2650,1.87,62194.28,116303.3,2013.08
RET-0041,VS11,0.0203,PO-2022-1668,1.87,98251.86,183730.98,3723.73
RET-0041,VS12,0.2501,PO-2022-2649,1.771,106424.57,188437.14,47137.38
RET-0041,VS13,0.014,PO-2022-2521,1.87,76319.18,142716.87,1992.28
RET-0041,VS14,0.0141,PO-2023-3929,1.87,111388.1,208295.75,2936.32
RET-0041,VS15,0.0047,PO-2021-1306,1.87,113774.64,212758.58,1002.63
RET-0041,VS16,0.0203,PO-2022-2262,1.87,77858.14,145594.72,2960.86
RET-0041,VS17,0.0203,PO-2023-4706,1.87,48698.6,91066.38,1844.79
RET-0041,VS18,0.0141,PO-2021-1214,1.87,53770.56,100550.95,1417.98
RET-0041,VS19,0.1887,PO-2022-1659,1.87,107396.66,200831.75,37896.78
RET-0041,VS20,0.0079,PO-2021-0451,1.87,108485.11,202867.16,1596.22
RET-0041,VS21,0.0079,PO-2021-1302,1.87,75515.69,141214.34,1109.81
RET-0041,VS22,0.0047,PO-2021-1034,1.87,94182.04,176120.41,822.53
RET-0041,VS23,0.0077,PO-2023-4179,1.87,66174.49,123746.3,958.06
RET-0041,VS24,0.0078,PO-2023-3738,1.87,50006.5,93512.16,732.07
RET-0041,VS25,0.0142,PO-2023-4555,1.87,64080.14,119829.86,1699.88
RET-0041,VS26,0.0079,PO-2021-1157,1.87,56193.84,105082.48,829.93
RET-0041,VS27,0.0077,PO-2023-4213,1.87,48662.92,90999.66,704.56
RET-0041,VS28,0.0173,PO-2022-3044,1.87,95133.15,177898.99,3079.18
RET-0041,VS29,0.011,PO-2022-1800,1.87,110548.27,206725.26,2271.53
RET-0041,VS30,0.0047,PO-2021-0801,1.87,57510.7,107545.01,508.34
RET-0041,VS31,0.0172,PO-2021-1556,1.87,116433.32,217730.31,3750.51
RET-0041,VS32,0.0205,PO-2023-3852,1.87,115680.71,216322.93,4432.66
RET-0041,VS33,0.0109,PO-2021-0695,1.87,90413.33,169072.93,1848.58
RET-0041,VS34,0.0141,PO-2021-1406,1.87,66634.13,124605.82,1761.47
RET-0004,VS01,0.033,PO-2021-1578,3.38,106369.15,359527.73,11856.86
RET-0004,VS02,0.015,PO-2022-2803,3.38,112482.51,380190.88,5710.48
RET-0004,VS03,0.0799,PO-2023-4750,3.38,49550.74,167481.5,13377.74
RET-0004,VS04,0.0207,PO-2023-4733,3.38,69976.94,236522.06,4892.72
RET-0004,VS05,0.0268,PO-2023-3967,3.38,66623.75,225188.28,6046.3
RET-0004,VS06,0.0271,PO-2022-3075,3.38,118104.34,399192.67,10815.14
RET-0004,VS07,0.009,PO-2022-1675,3.38,89692.08,303159.23,2741.54
RET-0004,VS08,0.0273,PO-2021-1480,3.38,81691.38,276116.86,7531.14
RET-0004,VS09,0.0209,PO-2023-4278,3.38,110150.74,372309.5,7797.98
RET-0004,VS10,0.0329,PO-2021-1257,3.38,119326.51,403323.6,13284.39
RET-0004,VS11,0.0386,PO-2023-3612,1.98,114196.8,226059.36,8718.4
RET-0004,VS12,0.111,PO-2023-3314,3.38,53504.31,180844.57,20077.83
RET-0004,VS13,0.0266,PO-2023-3604,3.38,86306.91,291717.36,7749.17
RET-0004,VS14,0.0268,PO-2022-2247,3.38,58927.9,199176.3,5342.92
RET-0004,VS15,0.009,PO-2022-1844,3.38,58819.16,198808.76,1782.81
RET-0004,VS16,0.0387,PO-2023-3816,3.38,92670.2,313225.28,12121.26
RET-0004,VS17,0.0385,PO-2021-0664,3.38,88544.67,299280.98,11536.85
RET-0004,VS18,0.0268,PO-2023-3272,3.38,52770.85,178365.47,4786.45
RET-0004,VS19,0.0837,PO-2023-4065,3.38,106330.24,359396.21,30099.25
RET-0004,VS20,0.015,PO-2021-1544,3.38,66041.7,223220.95,3342.22
RET-0004,VS21,0.015,PO-2022-1981,3.38,110199.68,372474.92,5570.38
RET-0004,VS22,0.0089,PO-2021-0137,3.38,50647.45,171188.38,1521.36
RET-0004,VS23,0.0147,PO-2023-3723,3.38,91313.34,308639.09,4547.07
RET-0004,VS24,0.0149,PO-2021-1474,3.38,119136.31,402680.73,5998.81
RET-0004,VS25,0.027,PO-2021-0443,3.38,92856.17,313853.85,8472.26
RET-0004,VS26,0.015,PO-2021-0980,3.38,94038.75,317850.97,4776.96
RET-0004,VS27,0.0147,PO-2023-4133,3.38,85379.99,288584.37,4251.76
RET-0004,VS28,0.0329,PO-2023-3712,3.38,102483.94,346395.72,11409.13
RET-0004,VS29,0.0209,PO-2021-0195,3.38,107803.29,364375.12,7618.9
RET-0004,VS30,0.009,PO-2022-1636,3.38,99883.36,337605.76,3036.61
RET-0004,VS31,0.0328,PO-2023-4162,3.38,115440.86,390190.11,12789.88
RET-0004,VS32,0.039,PO-2023-3241,3.38,94622.43,319823.81,12470.71
RET-0004,VS33,0.0208,PO-2023-3641,3.38,64469.8,217907.92,4533.73
RET-0004,VS34,0.0269,PO-2021-1388,3.38,68124.32,230260.2,6194.03
RET-0251,VS01,0.0283,PO-2023-3764,3.94,62035.24,244418.85,6920.3
RET-0251,VS02,0.0129,PO-2021-0553,3.94,54923.56,216398.83,2790.48
RET-0251,VS03,0.1097,PO-2022-2664,3.94,107273.73,422658.5,46374.38
RET-0251,VS04,0.0178,PO-2022-2468,3.94,118262.72,465955.12,8275.15
RET-0251,VS05,0.0231,PO-2021-0930,3.94,111366.65,438784.6,10114.59
RET-0251,VS06,0.0233,PO-2022-2538,3.94,77140.7,303934.36,7069.4
RET-0251,VS07,0.0078,PO-2021-0584,3.35,53684.24,179842.2,1396.26
RET-0251,VS08,0.0234,PO-2023-4457,3.94,87366.0,344222.04,8060.45
RET-0251,VS09,0.018,PO-2022-3136,3.94,53590.08,211144.92,3796.74
RET-0251,VS10,0.0283,PO-2023-4029,3.94,74894.53,295084.45,8344.25
RET-0251,VS11,0.0331,PO-2021-0090,3.94,96702.84,381009.19,12615.44
RET-0251,VS12,0.1525,PO-2023-4460,3.94,97203.75,382982.78,58406.79
RET-0251,VS13,0.0228,PO-2022-2872,3.94,67657.76,266571.57,6079.38
RET-0251,VS14,0.023,PO-2022-2747,3.94,105655.66,416283.3,9586.99
RET-0251,VS15,0.0077,PO-2021-0971,3.94,96694.6,380976.72,2933.06
RET-0251,VS16,0.0332,PO-2023-3905,3.94,55144.17,217268.03,7218.38
RET-0251,VS17,0.0331,PO-2022-2618,3.94,56895.38,224167.8,7418.81
RET-0251,VS18,0.023,PO-2022-2924,3.94,95078.23,374608.23,8630.43
RET-0251,VS19,0.115,PO-2021-0943,3.94,53235.79,209749.01,24129.87
RET-0251,VS20,0.0129,PO-2022-1752,3.94,94519.0,372404.86,4787.05
RET-0251,VS21,0.0128,PO-2021-0424,3.94,108537.55,427637.95,5490.56
RET-0251,VS22,0.0076,PO-2022-1802,3.94,115546.31,455252.46,3473.47
RET-0251,VS23,0.0126,PO-2023-3251,3.94,81471.75,320998.7,4060.1
RET-0251,VS24,0.0128,PO-2022-3053,3.94,89352.14,352047.43,4502.55
RET-0251,VS25,0.0232,PO-2023-3551,3.94,99979.14,393917.81,9129.15
RET-0251,VS26,0.0129,PO-2021-0690,3.94,99598.07,392416.4,5063.23
RET-0251,VS27,0.0126,PO-2022-2035,3.94,66291.58,261188.83,3303.72
RET-0251,VS28,0.0283,PO-2022-2116,3.94,67036.03,264121.96,7468.57
RET-0251,VS29,0.018,PO-2023-3991,3.94,75615.69,297925.82,5348.16
RET-0251,VS30,0.0077,PO-2022-2766,3.94,119708.31,471650.74,3642.11
RET-0251,VS31,0.0281,PO-2023-4476,3.94,77527.62,305458.82,8595.98
RET-0251,VS32,0.0335,PO-2022-3140,3.94,87415.75,344418.06,11529.73
RET-0251,VS33,0.0179,PO-2021-0103,3.94,85694.52,337636.41,6030.94
RET-0251,VS34,0.0231,PO-2022-2705,1.484,58862.16,87357.2,2017.46
RET-0021,VS01,0.0249,PO-2023-3764,2.86,62035.24,177420.79,4417.36
RET-0021,VS02,0.0113,PO-2021-0553,2.86,54923.56,157081.38,1781.22
RET-0021,VS03,0.1316,PO-2022-2664,2.86,107273.73,306802.87,40365.86
RET-0021,VS04,0.0156,PO-2022-2468,2.86,118262.72,338231.38,5282.18
RET-0021,VS05,0.0203,PO-2021-0930,2.86,111366.65,318508.62,6456.33
RET-0021,VS06,0.0205,PO-2022-2538,2.86,77140.7,220622.4,4512.53
RET-0021,VS07,0.0068,PO-2021-0584,2.86,53684.24,153536.93,1048.23
RET-0021,VS08,0.0206,PO-2023-4457,2.86,87366.0,249866.76,5145.14
RET-0021,VS09,0.0158,PO-2022-3136,2.86,53590.08,153267.63,2423.53
RET-0021,VS10,0.0249,PO-2023-4029,2.86,74894.53,214198.36,5326.29
RET-0021,VS11,0.0291,PO-2021-0090,2.86,96702.84,276570.12,8052.67
RET-0021,VS12,0.1829,PO-2023-4460,2.86,97203.75,278002.72,50839.28
RET-0021,VS13,0.0201,PO-2022-2872,2.86,67657.76,193501.19,3880.58
RET-0021,VS14,0.0203,PO-2022-2747,2.86,105655.66,302175.19,6119.56
RET-0021,VS15,0.0068,PO-2021-0971,2.86,96694.6,276546.56,1872.23
RET-0021,VS16,0.0292,PO-2023-3905,2.86,55144.17,157712.33,4607.63
RET-0021,VS17,0.0291,PO-2022-2618,2.86,56895.38,162720.79,4735.56
RET-0021,VS18,0.0203,PO-2022-2924,2.86,95078.23,271923.74,5508.97
RET-0021,VS19,0.1379,PO-2021-0943,2.86,53235.79,152254.36,21003.47
RET-0021,VS20,0.0113,PO-2022-1752,2.86,94519.0,270324.34,3055.66
RET-0021,VS21,0.0113,PO-2021-0424,2.86,108537.55,310417.39,3504.73
RET-0021,VS22,0.0067,PO-2022-1802,2.86,115546.31,330462.45,2217.18
RET-0021,VS23,0.0111,PO-2023-3251,2.86,81471.75,233009.2,2591.64
RET-0021,VS24,0.0112,PO-2022-3053,2.86,89352.14,255547.12,2874.06
RET-0021,VS25,0.0204,PO-2023-3551,2.86,99979.14,285940.34,5827.31
RET-0021,VS26,0.0113,PO-2021-0690,2.86,99598.07,284850.48,3231.95
RET-0021,VS27,0.0111,PO-2022-2035,2.86,66291.58,189593.92,2108.83
RET-0021,VS28,0.0249,PO-2022-2116,2.86,67036.03,191723.05,4767.33
RET-0021,VS29,0.0158,PO-2023-3991,2.86,75615.69,216260.87,3413.83
RET-0021,VS30,0.0068,PO-2022-2766,2.86,119708.31,342365.77,2324.83
RET-0021,VS31,0.0247,PO-2023-4476,2.86,77527.62,221728.99,5486.98
RET-0021,VS32,0.0294,PO-2022-3140,2.86,87415.75,250009.04,7359.64
RET-0021,VS33,0.0157,PO-2021-0103,2.86,85694.52,245086.33,3849.66
RET-0021,VS34,0.0203,PO-2022-2705,1.45,58862.16,85339.74,1733.11
RET-0230,VS01,0.0266,PO-2022-2673,2.85,73342.18,209025.21,5563.81
RET-0230,VS02,0.0121,PO-2021-0169,2.377,65495.28,155673.73,1887.22
RET-0230,VS03,0.1206,PO-2023-4707,0.0,62710.54,0.0,0.0
RET-0230,VS04,0.0167,PO-2023-3788,2.85,87077.58,248171.1,4143.49
RET-0230,VS05,0.0217,PO-2023-4097,2.85,81103.58,231145.2,5009.16
RET-0230,VS06,0.0219,PO-2021-0174,2.85,76801.11,218883.16,4786.28
RET-0230,VS07,0.0073,PO-2021-0754,2.85,51323.34,146271.52,1067.62
RET-0230,VS08,0.022,PO-2023-4091,2.85,89127.02,254012.01,5591.88
RET-0230,VS09,0.0169,PO-2023-3997,2.85,56464.24,160923.08,2720.4
RET-0230,VS10,0.0266,PO-2021-0889,2.85,70436.43,200743.83,5336.62
RET-0230,VS11,0.0311,PO-2021-1557,2.85,54670.07,155809.7,4850.03
RET-0230,VS12,0.1676,PO-2021-0538,2.85,95023.07,270815.75,45382.97
RET-0230,VS13,0.0214,PO-2023-3975,2.85,72755.84,207354.14,4445.71
RET-0230,VS14,0.0217,PO-2023-3995,2.85,45908.7,130839.8,2832.8
RET-0230,VS15,0.0072,PO-2021-0092,2.85,91879.35,261856.15,1895.26
RET-0230,VS16,0.0312,PO-2021-0024,2.85,97595.86,278148.2,8687.67
RET-0230,VS17,0.0311,PO-2021-1495,2.85,112774.5,321407.32,10000.0
RET-0230,VS18,0.0217,PO-2022-3150,2.85,65907.08,187835.18,4068.32
RET-0230,VS19,0.1264,PO-2021-1162,2.85,81976.18,233632.11,29534.01
RET-0230,VS20,0.0121,PO-2022-2529,2.85,56097.9,159879.02,1932.09
RET-0230,VS21,0.0121,PO-2022-1900,2.85,75842.18,216150.21,2609.03
RET-0230,VS22,0.0072,PO-2022-1943,2.85,100294.91,285840.49,2050.3
RET-0230,VS23,0.0119,PO-2022-1722,2.091,86272.82,180432.16,2145.51
RET-0230,VS24,0.012,PO-2021-1245,2.85,71585.5,204018.68,2453.07
RET-0230,VS25,0.0218,PO-2021-0583,2.85,91735.11,261445.06,5696.24
RET-0230,VS26,0.0121,PO-2021-0818,2.85,82636.73,235514.68,2856.81
RET-0230,VS27,0.0119,PO-2021-1114,1.963,80227.49,157499.86,1872.89
RET-0230,VS28,0.0266,PO-2022-2772,2.85,48967.51,139557.4,3709.96
RET-0230,VS29,0.0169,PO-2022-1724,2.85,48685.08,138752.48,2341.64
RET-0230,VS30,0.0073,PO-2022-3190,2.85,72595.7,206897.74,1502.0
RET-0230,VS31,0.0265,PO-2022-2418,2.85,51222.35,145983.7,3862.16
RET-0230,VS32,0.0315,PO-2023-3565,2.85,112862.59,321658.38,10123.04
RET-0230,VS33,0.0168,PO-2023-3609,2.85,93601.06,266763.02,4479.65
RET-0230,VS34,0.0217,PO-2021-0682,2.85,113043.18,322173.06,6994.86
RET-0361,VS01,0.0234,PO-2021-1443,4.57,75135.63,343369.83,8026.23
RET-0361,VS02,0.0106,PO-2021-1292,4.57,71474.6,326638.92,3477.37
RET-0361,VS03,0.1413,PO-2021-1517,4.57,99412.73,454316.18,64199.33
RET-0361,VS04,0.0147,PO-2022-1938,4.57,50007.9,228536.1,3350.78
RET-0361,VS05,0.019,PO-2023-3675,4.57,111529.44,509689.54,9699.77
RET-0361,VS06,0.0192,PO-2023-3305,4.57,116820.89,533871.47,10251.76
RET-0361,VS07,0.0064,PO-2023-3607,4.57,86608.19,395799.43,2536.94
RET-0361,VS08,0.0193,PO-2021-0618,4.57,89198.71,407638.1,7880.52
RET-0361,VS09,0.0148,PO-2023-3582,4.57,58745.47,268466.8,3985.48
RET-0361,VS10,0.0233,PO-2022-1720,4.57,100876.95,461007.66,10762.38
RET-0361,VS11,0.0273,PO-2021-1559,4.57,73811.28,337317.55,9220.72
RET-0361,VS12,0.1964,PO-2023-3259,4.57,55372.98,253054.52,49702.92
RET-0361,VS13,0.0188,PO-2023-4543,2.9,68328.46,198152.53,3730.82
RET-0361,VS14,0.019,PO-2023-4776,4.57,99170.78,453210.46,8616.93
RET-0361,VS15,0.0064,PO-2022-2567,4.57,45168.78,206421.32,1312.01
RET-0361,VS16,0.0274,PO-2021-0110,4.57,73768.95,337124.1,9246.83
RET-0361,VS17,0.0273,PO-2023-3425,4.57,65193.38,297933.75,8140.29
RET-0361,VS18,0.019,PO-2022-3026,4.57,64034.48,292637.57,5566.02
RET-0361,VS19,0.1482,PO-2022-2028,4.57,96312.27,440147.07,65213.36
RET-0361,VS20,0.0106,PO-2021-1472,4.57,88286.81,403470.72,4281.77
RET-0361,VS21,0.0106,PO-2022-3142,4.57,80283.39,366895.09,3889.03
RET-0361,VS22,0.0063,PO-2021-0898,4.57,52732.71,240988.48,1517.98
RET-0361,VS23,0.0104,PO-2022-2915,4.57,77211.37,352855.96,3684.6
RET-0361,VS24,0.0106,PO-2022-2909,4.57,89456.05,408814.15,4316.6
RET-0361,VS25,0.0191,PO-2022-3043,4.57,69855.56,319239.91,6108.03
RET-0361,VS26,0.0107,PO-2023-3789,2.44,74306.56,181308.01,1931.33
RET-0361,VS27,0.0104,PO-2023-4761,4.57,111332.92,508791.44,5313.1
RET-0361,VS28,0.0233,PO-2022-2392,4.57,117968.03,539113.9,12585.56
RET-0361,VS29,0.0148,PO-2022-3010,4.57,74860.8,342113.86,5070.21
RET-0361,VS30,0.0064,PO-2021-1018,4.57,110564.93,505281.73,3221.25
RET-0361,VS31,0.0232,PO-2023-4326,4.57,116259.48,531305.82,12343.74
RET-0361,VS32,0.0276,PO-2022-2347,4.57,111818.29,511009.59,14122.82
RET-0361,VS33,0.0147,PO-2022-2422,4.36,58592.5,255463.3,3767.24
RET-0361,VS34,0.0191,PO-2021-0313,4.57,72133.87,329651.79,6285.24
RET-0206,VS01,0.0188,PO-2022-2970,0.96,86336.47,82883.01,1557.59
RET-0206,VS02,0.0086,PO-2022-3117,0.96,115717.84,111089.13,950.81
RET-0206,VS03,0.1706,PO-2021-0710,0.96,78050.3,74928.29,12784.32
RET-0206,VS04,0.0118,PO-2023-3984,0.96,70318.39,67505.65,795.74
RET-0206,VS05,0.0153,PO-2023-3790,0.96,88341.03,84807.39,1297.56
RET-0206,VS06,0.0154,PO-2021-0533,0.96,86404.06,82947.9,1280.58
RET-0206,VS07,0.0052,PO-2022-2147,0.96,91126.09,87481.05,450.8
RET-0206,VS08,0.0155,PO-2022-2259,0.96,111301.99,106849.91,1660.7
RET-0206,VS09,0.0119,PO-2021-1334,0.96,111375.86,106920.83,1276.12
RET-0206,VS10,0.0188,PO-2022-2685,0.96,67136.33,64450.88,1209.67
RET-0206,VS11,0.022,PO-2021-0708,0.96,45396.8,43580.93,957.77
RET-0206,VS12,0.2372,PO-2022-2690,0.96,103047.68,98925.77,23460.47
RET-0206,VS13,0.0151,PO-2021-1558,0.96,84935.24,81537.83,1234.25
RET-0206,VS14,0.0153,PO-2023-4587,0.96,56001.07,53761.03,821.79
RET-0206,VS15,0.0051,PO-2023-3232,0.96,94582.38,90799.08,463.98
RET-0206,VS16,0.0221,PO-2021-0007,0.96,111771.55,107300.69,2366.16
RET-0206,VS17,0.022,PO-2022-2786,0.96,99936.72,95939.25,2107.44
RET-0206,VS18,0.0153,PO-2021-0489,0.96,59959.34,57560.97,880.2
RET-0206,VS19,0.1789,PO-2022-1634,0.96,77943.87,74826.12,13386.02
RET-0206,VS20,0.0085,PO-2022-2626,0.96,87536.69,84035.22,716.99
RET-0206,VS21,0.0085,PO-2021-0374,0.96,76035.76,72994.33,622.05
RET-0206,VS22,0.0051,PO-2022-2808,0.96,50970.52,48931.7,247.8
RET-0206,VS23,0.0084,PO-2023-4082,0.96,92527.93,88826.81,745.72
RET-0206,VS24,0.0085,PO-2021-0357,0.96,63240.59,60710.97,515.37
RET-0206,VS25,0.0154,PO-2022-3130,0.96,104593.37,100409.64,1544.53
RET-0206,VS26,0.0086,PO-2022-2752,0.96,49136.32,47170.87,403.97
RET-0206,VS27,0.0084,PO-2022-2929,0.96,56132.99,53887.67,452.41
RET-0206,VS28,0.0188,PO-2022-3035,0.96,113253.06,108722.94,2040.57
RET-0206,VS29,0.0119,PO-2023-4754,0.96,71470.54,68611.72,817.51
RET-0206,VS30,0.0051,PO-2022-2419,0.96,63103.4,60579.26,310.49
RET-0206,VS31,0.0187,PO-2022-2053,0.96,76281.72,73230.45,1367.83
RET-0206,VS32,0.0222,PO-2023-4731,0.96,97045.02,93163.22,2070.02
RET-0206,VS33,0.0119,PO-2022-2583,0.96,59260.78,56890.35,674.48
RET-0206,VS34,0.0153,PO-2021-0862,0.96,118139.36,113413.79,1738.48
RET-0012,VS01,0.0188,PO-2022-2970,0.2,86336.47,17267.29,324.5
RET-0012,VS02,0.0086,PO-2022-3117,0.2,115717.84,23143.57,198.09
RET-0012,VS03,0.1706,PO-2021-0710,0.2,78050.3,15610.06,2663.4
RET-0012,VS04,0.0118,PO-2023-3984,0.2,70318.39,14063.68,165.78
RET-0012,VS05,0.0153,PO-2023-3790,0.2,88341.03,17668.21,270.33
RET-0012,VS06,0.0154,PO-2021-0533,0.2,86404.06,17280.81,266.79
RET-0012,VS07,0.0052,PO-2022-2147,0.2,91126.09,18225.22,93.92
RET-0012,VS08,0.0155,PO-2022-2259,0.2,111301.99,22260.4,345.98
RET-0012,VS09,0.0119,PO-2021-1334,0.2,111375.86,22275.17,265.86
RET-0012,VS10,0.0188,PO-2022-2685,0.2,67136.33,13427.27,252.01
RET-0012,VS11,0.022,PO-2021-0708,0.2,45396.8,9079.36,199.54
RET-0012,VS12,0.2372,PO-2022-2690,0.2,103047.68,20609.54,4887.6
RET-0012,VS13,0.0151,PO-2021-1558,0.2,84935.24,16987.05,257.13
RET-0012,VS14,0.0153,PO-2023-4587,0.2,56001.07,11200.21,171.21
RET-0012,VS15,0.0051,PO-2023-3232,0.2,94582.38,18916.48,96.66
RET-0012,VS16,0.0221,PO-2021-0007,0.2,111771.55,22354.31,492.95
RET-0012,VS17,0.022,PO-2022-2786,0.2,99936.72,19987.34,439.05
RET-0012,VS18,0.0153,PO-2021-0489,0.2,59959.34,11991.87,183.37
RET-0012,VS19,0.1789,PO-2022-1634,0.2,77943.87,15588.77,2788.75
RET-0012,VS20,0.0085,PO-2022-2626,0.2,87536.69,17507.34,149.37
RET-0012,VS21,0.0085,PO-2021-0374,0.2,76035.76,15207.15,129.59
RET-0012,VS22,0.0051,PO-2022-2808,0.2,50970.52,10194.1,51.62
RET-0012,VS23,0.0084,PO-2023-4082,0.2,92527.93,18505.59,155.36
RET-0012,VS24,0.0085,PO-2021-0357,0.2,63240.59,12648.12,107.37
RET-0012,VS25,0.0154,PO-2022-3130,0.2,104593.37,20918.67,321.78
RET-0012,VS26,0.0086,PO-2022-2752,0.2,49136.32,9827.26,84.16
RET-0012,VS27,0.0084,PO-2022-2929,0.2,56132.99,11226.6,94.25
RET-0012,VS28,0.0188,PO-2022-3035,0.2,113253.06,22650.61,425.12
RET-0012,VS29,0.0119,PO-2023-4754,0.2,71470.54,14294.11,170.31
RET-0012,VS30,0.0051,PO-2022-2419,0.2,63103.4,12620.68,64.69
RET-0012,VS31,0.0187,PO-2022-2053,0.2,76281.72,15256.34,284.96
RET-0012,VS32,0.0222,PO-2023-4731,0.2,97045.02,19409.0,431.25
RET-0012,VS33,0.0119,PO-2022-2583,0.2,59260.78,11852.16,140.52
RET-0012,VS34,0.0153,PO-2021-0862,0.2,118139.36,23627.87,362.18
RET-0332,VS01,0.0231,PO-2023-3220,3.77,74731.93,281739.38,6504.59
RET-0332,VS02,0.0105,PO-2022-2604,3.77,98112.11,369882.65,3889.29
RET-0332,VS03,0.1431,PO-2023-4171,3.77,122508.81,461858.21,66114.86
RET-0332,VS04,0.0145,PO-2022-3039,3.77,103727.88,391054.11,5663.05
RET-0332,VS05,0.0188,PO-2022-1601,3.77,110285.77,415777.35,7815.19
RET-0332,VS06,0.019,PO-2022-2692,3.77,75839.37,285914.42,5422.76
RET-0332,VS07,0.0063,PO-2023-3514,3.77,70015.38,263957.98,1671.06
RET-0332,VS08,0.0191,PO-2021-0591,3.77,51756.2,195120.87,3725.69
RET-0332,VS09,0.0147,PO-2021-0783,3.77,118625.68,447218.81,6557.42
RET-0332,VS10,0.0231,PO-2023-4268,3.77,65973.74,248721.0,5735.02
RET-0332,VS11,0.027,PO-2022-2648,3.77,57853.14,218106.34,5888.67
RET-0332,VS12,0.199,PO-2021-1468,3.77,70129.94,264389.87,52605.45
RET-0332,VS13,0.0186,PO-2023-3859,3.77,68681.14,258927.9,4815.11
RET-0332,VS14,0.0188,PO-2022-2079,3.77,45720.19,172365.12,3236.87
RET-0332,VS15,0.0063,PO-2023-3647,3.77,49590.11,186954.71,1173.66
RET-0332,VS16,0.0271,PO-2022-1808,3.77,116099.82,437696.32,11857.65
RET-0332,VS17,0.027,PO-2021-1136,3.77,62855.76,236966.22,6394.84
RET-0332,VS18,0.0188,PO-2022-2472,3.77,63464.47,239261.05,4494.79
RET-0332,VS19,0.1501,PO-2021-0083,3.77,73375.06,276623.98,41518.98
RET-0332,VS20,0.0105,PO-2022-2926,3.77,74625.02,281336.33,2948.9
RET-0332,VS21,0.0105,PO-2023-4252,3.77,75508.46,284666.89,2980.3
RET-0332,VS22,0.0062,PO-2023-4130,3.77,93071.52,350879.63,2182.99
RET-0332,VS23,0.0103,PO-2023-4331,3.77,96880.47,365239.37,3766.98
RET-0332,VS24,0.0104,PO-2023-3579,3.77,104891.22,395439.9,4124.01
RET-0332,VS25,0.0189,PO-2022-2981,1.37,46857.99,64195.45,1213.14
RET-0332,VS26,0.0105,PO-2023-3372,3.77,52122.89,196503.3,2067.44
RET-0332,VS27,0.0103,PO-2021-0599,3.77,95879.49,361465.68,3728.19
RET-0332,VS28,0.0231,PO-2023-3552,3.77,74138.09,279500.6,6444.62
RET-0332,VS29,0.0146,PO-2021-1015,3.77,86886.52,327562.18,4794.82
RET-0332,VS30,0.0063,PO-2023-4317,3.77,48248.58,181897.15,1145.35
RET-0332,VS31,0.0229,PO-2022-2145,3.77,108897.64,410544.1,9420.73
RET-0332,VS32,0.0273,PO-2022-2724,3.77,87102.81,328377.59,8963.73
RET-0332,VS33,0.0146,PO-2021-0970,3.77,75293.46,283856.34,4134.44
RET-0332,VS34,0.0188,PO-2021-1101,3.77,60144.88,226746.2,4270.01
RET-0316,VS01,0.008,PO-2021-0444,2.84,54898.72,155912.36,1247.71
RET-0316,VS02,0.0036,PO-2021-0280,2.84,53220.34,151145.77,550.89
RET-0316,VS03,0.2396,PO-2022-1959,2.23,116552.68,259912.48,62285.44
RET-0316,VS04,0.005,PO-2022-2227,2.84,45129.67,128168.26,643.36
RET-0316,VS05,0.0065,PO-2022-1612,2.84,108495.7,308127.79,2007.58
RET-0316,VS06,0.0066,PO-2022-2004,2.84,52605.38,149399.28,982.19
RET-0316,VS07,0.0022,PO-2022-1955,2.84,82709.5,234894.98,515.46
RET-0316,VS08,0.0066,PO-2022-2016,2.84,84845.14,240960.2,1594.82
RET-0316,VS09,0.0051,PO-2022-2867,2.84,104293.93,296194.76,1505.4
RET-0316,VS10,0.008,PO-2022-1664,2.84,83922.24,238339.16,1904.94
RET-0316,VS11,0.0094,PO-2022-2057,2.84,70487.6,200184.78,1873.45
RET-0316,VS12,0.3331,PO-2023-3732,2.84,98567.68,279932.21,93241.19
RET-0316,VS13,0.0064,PO-2021-0575,2.84,111900.48,317797.36,2048.52
RET-0316,VS14,0.0065,PO-2023-3998,2.84,65272.64,185374.3,1206.67
RET-0316,VS15,0.0022,PO-2021-0368,2.84,73157.02,207765.94,452.11
RET-0316,VS16,0.0094,PO-2022-3155,2.84,48107.16,136624.33,1282.97
RET-0316,VS17,0.0094,PO-2021-0678,2.84,95143.92,270208.73,2527.58
RET-0316,VS18,0.0065,PO-2021-1295,2.84,106221.06,301667.81,1964.39
RET-0316,VS19,0.2513,PO-2023-3215,2.84,100712.81,286024.38,71866.9
RET-0316,VS20,0.0036,PO-2023-4044,2.84,85304.62,242265.12,880.21
RET-0316,VS21,0.0036,PO-2022-2106,2.84,78438.03,222764.01,808.41
RET-0316,VS22,0.0022,PO-2021-0813,2.84,77572.83,220306.84,475.1
RET-0316,VS23,0.0036,PO-2021-1597,2.84,110007.94,312422.55,1116.92
RET-0316,VS24,0.0036,PO-2021-1023,2.84,86909.28,246822.36,892.25
RET-0316,VS25,0.0066,PO-2023-3751,2.84,106284.55,301848.12,1977.23
RET-0316,VS26,0.0036,PO-2022-2785,1.73,70128.83,121322.88,442.45
RET-0316,VS27,0.0036,PO-2023-3247,2.84,92805.18,263566.71,942.29
RET-0316,VS28,0.008,PO-2021-1324,2.84,60027.89,170479.21,1362.54
RET-0316,VS29,0.0051,PO-2021-0337,2.84,99343.85,282136.53,1431.53
RET-0316,VS30,0.0022,PO-2021-0809,2.84,64874.11,184242.47,402.13
RET-0316,VS31,0.008,PO-2021-0100,2.84,69079.37,196185.41,1560.47
RET-0316,VS32,0.0095,PO-2023-4513,2.84,96245.08,273336.03,2586.27
RET-0316,VS33,0.005,PO-2021-0733,2.84,96475.4,273990.14,1383.3
RET-0316,VS34,0.0065,PO-2021-0502,2.84,73019.31,207374.84,1353.65
RET-0129,VS01,0.0135,PO-2023-3904,4.97,89427.39,444454.13,6009.31
RET-0129,VS02,0.0062,PO-2023-4569,4.97,64553.25,320829.65,1975.63
RET-0129,VS03,0.2043,PO-2023-3508,4.97,87815.56,436443.33,89184.37
RET-0129,VS04,0.0085,PO-2022-2135,4.97,94571.41,470019.91,3986.17
RET-0129,VS05,0.011,PO-2023-3611,4.97,70554.46,350655.67,3859.98
RET-0129,VS06,0.0111,PO-2022-2666,4.97,105403.0,523852.91,5818.62
RET-0129,VS07,0.0037,PO-2021-1439,4.97,45544.65,226356.91,839.22
RET-0129,VS08,0.0112,PO-2023-4512,4.97,45972.6,228483.82,2554.96
RET-0129,VS09,0.0086,PO-2022-1807,4.97,100040.45,497201.04,4269.44
RET-0129,VS10,0.0135,PO-2021-1031,4.97,92045.71,457467.18,6177.44
RET-0129,VS11,0.0158,PO-2023-3369,4.97,98767.22,490873.08,7761.47
RET-0129,VS12,0.284,PO-2023-4523,4.97,49711.17,247064.51,70172.47
RET-0129,VS13,0.0109,PO-2022-2098,4.97,78007.74,387698.47,4222.28
RET-0129,VS14,0.011,PO-2022-2378,4.97,100177.69,497883.12,5475.56
RET-0129,VS15,0.0037,PO-2021-1394,4.97,69252.59,344185.37,1265.39
RET-0129,VS16,0.0159,PO-2021-0060,4.97,91600.17,455252.84,7222.78
RET-0129,VS17,0.0158,PO-2022-2749,4.97,74900.29,372254.44,5883.13
RET-0129,VS18,0.011,PO-2021-1371,1.348,55701.9,75103.5,826.27
RET-0129,VS19,0.2143,PO-2021-1033,3.263,114799.91,374549.63,80248.46
RET-0129,VS20,0.0061,PO-2023-4421,4.97,111353.88,553428.78,3397.21
RET-0129,VS21,0.0061,PO-2021-1546,4.97,66011.95,328079.39,2011.53
RET-0129,VS22,0.0036,PO-2021-1325,4.97,97108.62,482629.84,1758.46
RET-0129,VS23,0.006,PO-2023-4732,4.97,79785.97,396536.27,2395.1
RET-0129,VS24,0.0061,PO-2023-4459,3.727,65562.3,244364.66,1492.46
RET-0129,VS25,0.0111,PO-2023-3238,4.97,78814.45,391707.82,4335.06
RET-0129,VS26,0.0062,PO-2022-1914,4.97,109447.73,543955.22,3351.59
RET-0129,VS27,0.006,PO-2022-2678,4.97,90157.69,448083.72,2706.55
RET-0129,VS28,0.0135,PO-2023-3754,4.97,90330.39,448942.04,6062.21
RET-0129,VS29,0.0086,PO-2022-2080,4.97,92619.94,460321.1,3946.07
RET-0129,VS30,0.0037,PO-2023-4415,4.97,113832.45,565747.28,2086.23
RET-0129,VS31,0.0134,PO-2023-3791,4.97,88516.24,439925.71,5911.94
RET-0129,VS32,0.016,PO-2023-4397,1.936,55207.61,106855.58,1708.2
RET-0129,VS33,0.0085,PO-2023-4631,1.41,71650.61,101027.36,861.75
RET-0129,VS34,0.011,PO-2023-3961,4.97,97423.71,484195.84,5339.93
RET-0305,VS01,0.0139,PO-2021-0897,1.76,96528.92,169890.9,2360.15
RET-0305,VS02,0.0063,PO-2023-4202,1.76,66577.38,117176.19,741.38
RET-0305,VS03,0.202,PO-2023-3466,1.76,115386.93,203081.0,41015.74
RET-0305,VS04,0.0087,PO-2021-1274,1.76,69003.11,121445.47,1058.26
RET-0305,VS05,0.0113,PO-2022-2543,1.76,79675.24,140228.42,1586.03
RET-0305,VS06,0.0114,PO-2022-2887,1.76,86879.0,152907.04,1745.05
RET-0305,VS07,0.0038,PO-2023-4106,1.76,47048.14,82804.73,315.43
RET-0305,VS08,0.0115,PO-2023-4388,1.76,47953.34,84397.88,969.69
RET-0305,VS09,0.0088,PO-2023-4224,1.76,69824.55,122891.21,1084.25
RET-0305,VS10,0.0139,PO-2023-3857,1.76,45504.57,80088.04,1111.19
RET-0305,VS11,0.0162,PO-2021-0063,1.76,46925.88,82589.55,1341.75
RET-0305,VS12,0.2807,PO-2022-2491,1.76,120277.26,211687.98,59425.52
RET-0305,VS13,0.0112,PO-2023-3492,1.76,89298.57,157165.48,1758.66
RET-0305,VS14,0.0113,PO-2021-1118,1.76,67299.02,118446.28,1338.42
RET-0305,VS15,0.0038,PO-2022-2900,1.76,49398.58,86941.5,328.42
RET-0305,VS16,0.0163,PO-2023-4159,1.76,116607.98,205230.04,3345.52
RET-0305,VS17,0.0162,PO-2023-4479,1.76,115105.51,202585.7,3289.64
RET-0305,VS18,0.0113,PO-2023-3525,1.76,78455.82,138082.24,1560.89
RET-0305,VS19,0.2118,PO-2022-2731,1.76,119727.0,210719.52,44622.35
RET-0305,VS20,0.0063,PO-2022-2233,1.76,96227.4,169360.22,1068.18
RET-0305,VS21,0.0063,PO-2022-2819,1.76,69507.59,122333.36,770.66
RET-0305,VS22,0.0037,PO-2023-4447,1.76,101136.52,178000.28,666.36
RET-0305,VS23,0.0062,PO-2022-1877,1.76,66588.24,117195.3,727.31
RET-0305,VS24,0.0063,PO-2023-3773,1.76,51534.59,90700.88,569.18
RET-0305,VS25,0.0114,PO-2021-1089,1.76,100213.08,176375.02,2005.58
RET-0305,VS26,0.0063,PO-2023-4068,1.76,119769.05,210793.53,1334.49
RET-0305,VS27,0.0062,PO-2022-1702,1.76,101526.92,178687.38,1108.97
RET-0305,VS28,0.0139,PO-2022-2277,1.76,79494.91,139911.04,1941.17
RET-0305,VS29,0.0088,PO-2021-1246,1.76,45391.0,79888.16,703.65
RET-0305,VS30,0.0038,PO-2021-0309,1.76,96455.52,169761.72,643.21
RET-0305,VS31,0.0138,PO-2022-3161,1.76,90608.88,159471.63,2201.94
RET-0305,VS32,0.0164,PO-2021-0131,1.76,62258.88,109575.63,1799.81
RET-0305,VS33,0.0088,PO-2023-4327,1.76,54620.38,96131.87,842.52
RET-0305,VS34,0.0113,PO-2021-0887,1.76,95864.82,168722.08,1911.87
RET-0259,VS01,0.0269,PO-2023-3547,2.82,102608.85,289356.96,7791.79
RET-0259,VS02,0.0123,PO-2023-3782,2.82,93528.2,263749.52,3234.66
RET-0259,VS03,0.1186,PO-2021-0853,2.029,82438.23,167293.66,19838.03
RET-0259,VS04,0.0169,PO-2023-4427,2.82,61758.33,174158.49,2941.64
RET-0259,VS05,0.0219,PO-2022-2220,2.82,57090.54,160995.32,3529.58
RET-0259,VS06,0.0221,PO-2022-2734,2.82,85144.85,240108.48,5311.57
RET-0259,VS07,0.0074,PO-2021-1379,2.82,69450.99,195851.79,1446.16
RET-0259,VS08,0.0223,PO-2022-3141,2.82,85164.79,240164.71,5348.64
RET-0259,VS09,0.0171,PO-2022-2595,2.82,108867.74,307007.03,5250.4
RET-0259,VS10,0.0269,PO-2023-4157,2.82,111127.52,313379.61,8428.01
RET-0259,VS11,0.0315,PO-2021-1341,2.82,111181.66,313532.28,9873.3
RET-0259,VS12,0.1648,PO-2022-2319,1.112,60516.37,67279.74,11089.17
RET-0259,VS13,0.0217,PO-2023-3863,2.82,60747.54,171308.06,3715.67
RET-0259,VS14,0.0219,PO-2022-1769,2.82,100531.81,283499.7,6209.54
RET-0259,VS15,0.0073,PO-2022-2146,2.82,115671.68,326194.14,2388.43
RET-0259,VS16,0.0316,PO-2021-0375,2.82,73554.9,207424.82,6554.17
RET-0259,VS17,0.0315,PO-2023-3658,2.82,84248.67,237581.25,7478.02
RET-0259,VS18,0.0219,PO-2022-2155,2.82,70294.09,198229.33,4343.47
RET-0259,VS19,0.1243,PO-2022-3018,2.82,112519.69,317305.53,39451.47
RET-0259,VS20,0.0122,PO-2021-0611,2.82,94094.7,265347.05,3243.99
RET-0259,VS21,0.0122,PO-2022-2310,2.82,46725.56,131766.08,1609.0
RET-0259,VS22,0.0073,PO-2023-4665,2.82,105213.13,296701.03,2153.0
RET-0259,VS23,0.012,PO-2023-3872,1.07,70973.75,75941.91,913.54
RET-0259,VS24,0.0122,PO-2021-1063,2.82,46315.88,130610.78,1588.73
RET-0259,VS25,0.022,PO-2021-0527,2.82,85163.58,240161.3,5293.48
RET-0259,VS26,0.0123,PO-2023-4307,2.82,93437.85,263494.74,3233.45
RET-0259,VS27,0.012,PO-2022-1632,2.82,110805.65,312471.93,3759.01
RET-0259,VS28,0.0269,PO-2022-2478,2.82,46553.69,131281.41,3530.61
RET-0259,VS29,0.0171,PO-2023-3613,2.82,80375.54,226659.02,3869.75
RET-0259,VS30,0.0073,PO-2022-2619,2.82,76005.33,214335.03,1574.12
RET-0259,VS31,0.0268,PO-2022-3052,2.82,94530.89,266577.11,7134.75
RET-0259,VS32,0.0318,PO-2022-1726,2.82,96087.04,270965.45,8627.01
RET-0259,VS33,0.017,PO-2023-4482,2.82,55602.48,156798.99,2663.74
RET-0259,VS34,0.022,PO-2021-1526,2.82,75803.93,213767.08,4695.27
RET-0270,VS01,0.0111,PO-2021-1589,1.74,55994.18,97429.87,1080.62
RET-0270,VS02,0.0051,PO-2021-0501,1.74,113791.81,197997.75,1000.17
RET-0270,VS03,0.2199,PO-2022-2834,1.74,75855.28,131988.19,29022.01
RET-0270,VS04,0.007,PO-2022-1946,1.74,77976.68,135679.42,943.92
RET-0270,VS05,0.009,PO-2021-0019,1.74,107594.63,187214.66,1690.55
RET-0270,VS06,0.0091,PO-2023-3822,1.74,79389.7,138138.08,1258.66
RET-0270,VS07,0.003,PO-2021-1551,1.74,90137.63,156839.48,477.0
RET-0270,VS08,0.0092,PO-2023-4167,1.74,79453.24,138248.64,1268.16
RET-0270,VS09,0.007,PO-2022-2061,1.74,46945.54,81685.24,575.39
RET-0270,VS10,0.0111,PO-2023-3503,1.74,85798.96,149290.19,1653.73
RET-0270,VS11,0.013,PO-2022-2429,1.74,118409.77,206033.0,2672.36
RET-0270,VS12,0.3056,PO-2021-0254,1.74,117835.56,205033.87,62663.35
RET-0270,VS13,0.0089,PO-2021-1579,1.74,87213.84,151752.08,1355.72
RET-0270,VS14,0.009,PO-2023-4261,1.74,70843.47,123267.64,1112.07
RET-0270,VS15,0.003,PO-2022-3149,1.74,56661.53,98591.06,297.34
RET-0270,VS16,0.013,PO-2022-2611,1.74,62314.17,108426.66,1411.14
RET-0270,VS17,0.013,PO-2022-1753,1.74,66244.92,115266.16,1494.36
RET-0270,VS18,0.009,PO-2021-0901,1.74,53584.53,93237.08,841.46
RET-0270,VS19,0.2305,PO-2022-2159,1.74,70748.37,123102.16,28380.8
RET-0270,VS20,0.005,PO-2023-4370,1.74,90480.31,157435.74,792.77
RET-0270,VS21,0.005,PO-2022-1710,1.74,111584.88,194157.69,976.53
RET-0270,VS22,0.003,PO-2021-0227,1.74,85951.03,149554.79,446.99
RET-0270,VS23,0.005,PO-2023-4475,1.74,97406.2,169486.79,839.77
RET-0270,VS24,0.005,PO-2021-1459,1.74,116555.15,202805.96,1016.08
RET-0270,VS25,0.0091,PO-2023-3608,1.74,115493.01,200957.84,1824.4
RET-0270,VS26,0.0051,PO-2023-4342,1.74,47304.75,82310.26,416.03
RET-0270,VS27,0.005,PO-2023-4275,1.74,110686.2,192593.99,954.3
RET-0270,VS28,0.0111,PO-2022-1775,1.74,58860.59,102417.43,1134.48
RET-0270,VS29,0.007,PO-2022-2255,1.74,61723.09,107398.18,755.24
RET-0270,VS30,0.003,PO-2023-4452,1.74,103669.44,180384.83,545.66
RET-0270,VS31,0.011,PO-2022-1810,1.74,48130.57,83747.19,923.22
RET-0270,VS32,0.0131,PO-2021-0508,1.74,50835.5,88453.77,1159.95
RET-0270,VS33,0.007,PO-2022-1619,1.74,104705.2,182187.05,1274.81
RET-0270,VS34,0.009,PO-2021-0255,1.74,57147.52,99436.68,899.59
RET-0068,VS01,0.0231,PO-2021-1443,3.08,75135.63,231417.74,5342.8
RET-0068,VS02,0.0105,PO-2022-2054,3.08,99452.38,306313.33,3220.86
RET-0068,VS03,0.1431,PO-2021-0485,3.08,118882.27,366157.39,52415.32
RET-0068,VS04,0.0145,PO-2021-1313,3.08,90805.4,279680.63,4050.19
RET-0068,VS05,0.0188,PO-2023-4489,3.08,52257.17,160952.08,3025.35
RET-0068,VS06,0.019,PO-2023-3305,3.08,116820.89,359808.34,6824.26
RET-0068,VS07,0.0063,PO-2023-3607,3.08,86608.19,266753.23,1688.76
RET-0068,VS08,0.0191,PO-2022-1883,3.08,81994.17,252542.04,4822.1
RET-0068,VS09,0.0147,PO-2023-3582,3.08,58745.47,180936.05,2653.0
RET-0068,VS10,0.0231,PO-2022-1720,3.08,100876.95,310701.01,7164.16
RET-0068,VS11,0.027,PO-2021-1559,3.08,73811.28,227338.74,6137.93
RET-0068,VS12,0.199,PO-2023-3259,3.08,55372.98,170548.78,33933.96
RET-0068,VS13,0.0186,PO-2023-4543,2.845,68328.46,194421.71,3615.53
RET-0068,VS14,0.0188,PO-2023-4776,3.08,99170.78,305446.0,5736.01
RET-0068,VS15,0.0063,PO-2022-2567,3.08,45168.78,139119.84,873.36
RET-0068,VS16,0.0271,PO-2021-0110,3.08,73768.95,227208.37,6155.31
RET-0068,VS17,0.027,PO-2023-3425,3.08,65193.38,200795.61,5418.73
RET-0068,VS18,0.0188,PO-2022-2357,3.08,97972.25,301754.53,5668.8
RET-0068,VS19,0.1501,PO-2022-2028,3.08,96312.27,296641.79,44523.49
RET-0068,VS20,0.0105,PO-2021-1472,3.08,88286.81,271923.37,2850.24
RET-0068,VS21,0.0105,PO-2022-3142,3.08,80283.39,247272.84,2588.8
RET-0068,VS22,0.0062,PO-2021-0898,3.08,52732.71,162416.75,1010.47
RET-0068,VS23,0.0103,PO-2021-0644,3.08,93169.83,286963.08,2959.66
RET-0068,VS24,0.0104,PO-2022-2909,3.08,89456.05,275524.63,2873.42
RET-0068,VS25,0.0189,PO-2022-3043,3.08,69855.56,215155.12,4065.91
RET-0068,VS26,0.0105,PO-2023-3789,2.414,74306.56,179376.68,1887.25
RET-0068,VS27,0.0103,PO-2023-4761,3.08,111332.92,342905.39,3536.76
RET-0068,VS28,0.0231,PO-2023-3299,3.08,106183.88,327046.35,7540.91
RET-0068,VS29,0.0146,PO-2022-3010,3.08,74860.8,230571.26,3375.08
RET-0068,VS30,0.0063,PO-2021-1018,3.08,110564.93,340539.98,2144.28
RET-0068,VS31,0.0229,PO-2023-4326,3.08,116259.48,358079.2,8216.82
RET-0068,VS32,0.0273,PO-2022-1653,3.08,71379.67,219849.38,6001.23
RET-0068,VS33,0.0146,PO-2022-2422,3.08,58592.5,180464.9,2628.52
RET-0068,VS34,0.0188,PO-2023-3315,3.08,48147.27,148293.59,2792.62
RET-0148,VS01,0.0234,PO-2023-3220,4.07,74731.93,304158.96,7109.68
RET-0148,VS02,0.0106,PO-2022-1827,4.07,65272.39,265658.63,2828.18
RET-0148,VS03,0.1413,PO-2023-4171,4.07,122508.81,498610.86,70458.6
RET-0148,VS04,0.0147,PO-2022-3039,4.07,103727.88,422172.47,6189.86
RET-0148,VS05,0.019,PO-2022-1601,4.07,110285.77,448863.08,8542.2
RET-0148,VS06,0.0192,PO-2023-3355,4.07,78488.51,319448.24,6134.26
RET-0148,VS07,0.0064,PO-2023-3594,4.07,86002.65,350030.79,2243.58
RET-0148,VS08,0.0193,PO-2021-0591,4.07,51756.2,210647.73,4072.27
RET-0148,VS09,0.0148,PO-2022-2589,4.07,119710.18,487220.43,7232.95
RET-0148,VS10,0.0233,PO-2023-4519,4.07,119939.29,488152.91,11396.09
RET-0148,VS11,0.0273,PO-2022-2648,4.07,57853.14,235462.28,6436.46
RET-0148,VS12,0.1964,PO-2021-1468,4.07,70129.94,285428.86,56061.63
RET-0148,VS13,0.0188,PO-2023-3859,4.07,68681.14,279532.24,5263.04
RET-0148,VS14,0.019,PO-2022-2079,4.07,45720.19,186081.17,3537.98
RET-0148,VS15,0.0064,PO-2023-3647,4.07,49590.11,201831.75,1282.84
RET-0148,VS16,0.0274,PO-2022-1808,4.07,116099.82,472526.27,12960.72
RET-0148,VS17,0.0273,PO-2021-0402,4.07,92933.14,378237.88,10334.4
RET-0148,VS18,0.019,PO-2022-2472,4.07,63464.47,258300.39,4912.92
RET-0148,VS19,0.1482,PO-2021-0083,4.07,73375.06,298636.49,44246.78
RET-0148,VS20,0.0106,PO-2022-2926,4.07,74625.02,303723.83,3223.22
RET-0148,VS21,0.0106,PO-2023-3638,4.07,70272.0,286007.04,3031.63
RET-0148,VS22,0.0063,PO-2023-4130,4.07,93071.52,378801.09,2386.06
RET-0148,VS23,0.0104,PO-2023-4054,4.07,97981.39,398784.26,4164.19
RET-0148,VS24,0.0106,PO-2022-2341,4.06,78530.87,318835.33,3366.53
RET-0148,VS25,0.0191,PO-2022-2981,1.344,46857.99,62982.31,1205.04
RET-0148,VS26,0.0107,PO-2023-3372,4.07,52122.89,212140.16,2259.76
RET-0148,VS27,0.0104,PO-2021-0599,4.07,95879.49,390229.52,4075.01
RET-0148,VS28,0.0233,PO-2023-3552,4.07,74138.09,301742.03,7044.14
RET-0148,VS29,0.0148,PO-2021-1015,4.07,86886.52,353628.14,5240.86
RET-0148,VS30,0.0064,PO-2022-2781,4.07,75199.45,306061.76,1951.19
RET-0148,VS31,0.0232,PO-2021-0601,4.07,75846.32,308694.52,7171.85
RET-0148,VS32,0.0276,PO-2022-2724,4.07,87102.81,354508.44,9797.58
RET-0148,VS33,0.0147,PO-2021-1340,4.07,51105.58,207999.71,3067.31
RET-0148,VS34,0.0191,PO-2021-1101,4.07,60144.88,244789.66,4667.23
RET-0182,VS01,0.0283,PO-2023-4188,3.85,118534.91,456359.4,12921.03
RET-0182,VS02,0.0129,PO-2022-3195,3.85,96469.38,371407.11,4789.32
RET-0182,VS03,0.1097,PO-2022-2664,3.85,107273.73,413003.86,45315.07
RET-0182,VS04,0.0178,PO-2022-2468,3.85,118262.72,455311.47,8086.12
RET-0182,VS05,0.0231,PO-2021-0930,3.85,111366.65,428761.6,9883.54
RET-0182,VS06,0.0233,PO-2022-2538,3.85,77140.7,296991.7,6907.91
RET-0182,VS07,0.0078,PO-2021-1318,3.85,50065.84,192753.48,1496.5
RET-0182,VS08,0.0234,PO-2023-4457,3.85,87366.0,336359.1,7876.33
RET-0182,VS09,0.018,PO-2022-3136,3.85,53590.08,206321.81,3710.02
RET-0182,VS10,0.0283,PO-2022-2010,3.85,115063.28,442993.63,12526.75
RET-0182,VS11,0.0331,PO-2021-0090,3.85,96702.84,372305.93,12327.27
RET-0182,VS12,0.1525,PO-2021-1268,3.85,62852.79,241983.24,36903.65
RET-0182,VS13,0.0228,PO-2022-2411,1.78,67183.81,119587.18,2727.28
RET-0182,VS14,0.023,PO-2022-1683,3.85,61482.08,236706.01,5451.33
RET-0182,VS15,0.0077,PO-2021-0971,3.85,96694.6,372274.21,2866.06
RET-0182,VS16,0.0332,PO-2023-3905,3.85,55144.17,212305.05,7053.49
RET-0182,VS17,0.0331,PO-2022-2618,3.85,56895.38,219047.21,7249.34
RET-0182,VS18,0.023,PO-2022-2924,3.85,95078.23,366051.19,8433.29
RET-0182,VS19,0.115,PO-2021-0551,3.85,59506.78,229101.1,26356.16
RET-0182,VS20,0.0129,PO-2023-4165,3.85,67759.13,260872.65,3353.37
RET-0182,VS21,0.0128,PO-2021-0424,3.85,108537.55,417869.57,5365.14
RET-0182,VS22,0.0076,PO-2021-1317,3.85,69614.53,268015.94,2044.9
RET-0182,VS23,0.0126,PO-2023-3251,3.85,81471.75,313666.24,3967.36
RET-0182,VS24,0.0128,PO-2022-3053,3.85,89352.14,344005.74,4399.7
RET-0182,VS25,0.0232,PO-2022-2124,3.85,100795.68,388063.37,8993.47
RET-0182,VS26,0.0129,PO-2023-4155,3.85,88375.64,340246.21,4390.09
RET-0182,VS27,0.0126,PO-2022-2035,3.85,66291.58,255222.58,3228.26
RET-0182,VS28,0.0283,PO-2022-2116,3.85,67036.03,258088.72,7297.97
RET-0182,VS29,0.018,PO-2023-3991,3.85,75615.69,291120.41,5226.0
RET-0182,VS30,0.0077,PO-2021-0428,3.85,109323.87,420896.9,3250.18
RET-0182,VS31,0.0281,PO-2023-4476,3.85,77527.62,298481.34,8399.63
RET-0182,VS32,0.0335,PO-2022-3140,3.85,87415.75,336550.64,11266.36
RET-0182,VS33,0.0179,PO-2021-0103,3.85,85694.52,329923.9,5893.18
RET-0182,VS34,0.0231,PO-2022-2705,1.42,58862.16,83606.63,1930.85
RET-0344,VS01,0.0277,PO-2021-0925,0.89,71943.35,64029.58,1776.5
RET-0344,VS02,0.0126,PO-2022-2120,0.89,108352.37,96433.61,1218.56
RET-0344,VS03,0.1134,PO-2021-0696,0.89,55966.28,49809.99,5646.23
RET-0344,VS04,0.0174,PO-2021-0314,0.89,60161.76,53543.97,931.83
RET-0344,VS05,0.0226,PO-2022-3118,0.89,77942.42,69368.75,1566.95
RET-0344,VS06,0.0228,PO-2022-2112,0.89,84882.18,75545.14,1721.89
RET-0344,VS07,0.0076,PO-2021-1165,0.89,69964.69,62268.57,473.74
RET-0344,VS08,0.0229,PO-2021-1500,0.89,69701.81,62034.61,1423.48
RET-0344,VS09,0.0176,PO-2021-1455,0.89,81896.91,72888.25,1284.35
RET-0344,VS10,0.0277,PO-2021-1173,0.89,94306.46,83932.75,2325.78
RET-0344,VS11,0.0324,PO-2023-3713,0.89,68655.38,61103.29,1982.56
RET-0344,VS12,0.1576,PO-2023-3823,0.89,91250.34,81212.8,12795.65
RET-0344,VS13,0.0223,PO-2023-3482,0.89,55152.67,49085.88,1096.98
RET-0344,VS14,0.0226,PO-2023-4163,0.89,50987.81,45379.15,1024.11
RET-0344,VS15,0.0075,PO-2023-3341,0.89,48033.56,42749.87,322.52
RET-0344,VS16,0.0326,PO-2023-4418,0.89,49757.67,44284.33,1441.75
RET-0344,VS17,0.0324,PO-2022-2639,0.89,115370.38,102679.64,3329.97
RET-0344,VS18,0.0226,PO-2022-2568,0.89,85990.94,76531.94,1727.8
RET-0344,VS19,0.1189,PO-2022-2268,0.89,89475.62,79633.3,9464.63
RET-0344,VS20,0.0126,PO-2022-2598,0.89,52532.68,46754.09,588.94
RET-0344,VS21,0.0126,PO-2022-2144,0.89,91020.72,81008.44,1019.22
RET-0344,VS22,0.0075,PO-2023-3471,0.89,110536.13,98377.16,735.53
RET-0344,VS23,0.0124,PO-2021-0526,0.89,101734.27,90543.5,1122.24
RET-0344,VS24,0.0125,PO-2021-0147,0.89,93362.01,83092.19,1041.39
RET-0344,VS25,0.0227,PO-2022-3143,0.89,98162.23,87364.38,1984.06
RET-0344,VS26,0.0126,PO-2023-4656,0.89,106817.01,95067.14,1202.01
RET-0344,VS27,0.0124,PO-2023-4147,0.89,69647.74,61986.49,768.32
RET-0344,VS28,0.0277,PO-2021-1202,0.89,74620.04,66411.84,1840.24
RET-0344,VS29,0.0176,PO-2021-0000,0.89,93910.87,83580.67,1470.27
RET-0344,VS30,0.0076,PO-2023-4016,0.89,67117.58,59734.65,452.02
RET-0344,VS31,0.0276,PO-2021-0753,0.89,102820.03,91509.83,2523.52
RET-0344,VS32,0.0328,PO-2023-4634,0.89,70779.54,62993.79,2066.46
RET-0344,VS33,0.0175,PO-2023-3756,0.89,119850.41,106666.86,1867.07
RET-0344,VS34,0.0226,PO-2023-3928,0.89,117331.79,104425.29,2363.24
RET-0044,VS01,0.0344,PO-2022-3022,4.39,89681.73,393702.79,13538.28
RET-0044,VS02,0.0157,PO-2021-0456,4.39,65398.54,287099.59,4496.36
RET-0044,VS03,0.0709,PO-2023-4110,4.39,123030.57,540104.2,38276.67
RET-0044,VS04,0.0216,PO-2023-3927,4.39,54233.12,238083.4,5135.3
RET-0044,VS05,0.028,PO-2022-2337,4.39,90586.32,397673.94,11133.42
RET-0044,VS06,0.0282,PO-2021-1169,4.39,77469.72,340092.07,9607.36
RET-0044,VS07,0.0094,PO-2023-4451,1.76,56030.8,98614.21,929.87
RET-0044,VS08,0.0284,PO-2023-3409,4.39,90846.14,398814.55,11342.18
RET-0044,VS09,0.0218,PO-2023-4381,4.39,80746.59,354477.53,7741.48
RET-0044,VS10,0.0343,PO-2023-4770,4.39,109886.01,482399.58,16567.33
RET-0044,VS11,0.0402,PO-2021-0749,4.39,68765.87,301882.17,12139.73
RET-0044,VS12,0.0985,PO-2021-0843,4.39,58150.78,255281.92,25146.19
RET-0044,VS13,0.0277,PO-2023-4198,4.39,115775.93,508256.33,14077.75
RET-0044,VS14,0.028,PO-2021-1116,4.39,105859.29,464722.28,12998.46
RET-0044,VS15,0.0094,PO-2023-3867,4.39,114225.37,501449.37,4688.72
RET-0044,VS16,0.0404,PO-2023-3589,4.39,105877.13,464800.6,18754.93
RET-0044,VS17,0.0402,PO-2022-2327,4.39,100664.45,441916.94,17762.6
RET-0044,VS18,0.028,PO-2023-3457,4.39,111563.1,489762.01,13703.93
RET-0044,VS19,0.0743,PO-2022-2361,4.39,91145.31,400127.91,29731.84
RET-0044,VS20,0.0156,PO-2023-4544,4.39,96328.29,422881.19,6602.0
RET-0044,VS21,0.0156,PO-2023-4211,4.39,116836.62,512912.76,7998.14
RET-0044,VS22,0.0093,PO-2023-3237,4.39,46268.02,203116.61,1882.18
RET-0044,VS23,0.0154,PO-2021-0803,4.39,119763.77,525762.95,8076.59
RET-0044,VS24,0.0155,PO-2022-2615,4.39,73404.35,322245.1,5005.51
RET-0044,VS25,0.0281,PO-2021-0621,4.39,73849.7,324200.18,9125.21
RET-0044,VS26,0.0157,PO-2022-2195,4.39,92960.63,408097.17,6395.12
RET-0044,VS27,0.0154,PO-2021-1152,4.39,110512.94,485151.81,7453.01
RET-0044,VS28,0.0343,PO-2022-2833,2.22,114943.09,255173.66,8763.42
RET-0044,VS29,0.0218,PO-2021-0744,4.39,72022.99,316180.93,6893.46
RET-0044,VS30,0.0094,PO-2023-3246,4.39,117287.6,514892.56,4828.96
RET-0044,VS31,0.0342,PO-2023-3274,4.39,108871.93,477947.77,16335.34
RET-0044,VS32,0.0407,PO-2022-2288,4.39,102254.45,448897.04,18250.92
RET-0044,VS33,0.0217,PO-2022-1716,4.39,68386.91,300218.53,6512.96
RET-0044,VS34,0.028,PO-2023-3346,4.39,85292.53,374434.21,10502.37
RET-0232,VS01,0.0139,PO-2021-0897,1.72,96528.92,166029.74,2306.51
RET-0232,VS02,0.0063,PO-2023-4202,1.72,66577.38,114513.09,724.53
RET-0232,VS03,0.202,PO-2023-3466,1.72,115386.93,198465.52,40083.56
RET-0232,VS04,0.0087,PO-2021-1274,1.72,69003.11,118685.35,1034.21
RET-0232,VS05,0.0113,PO-2022-2543,1.72,79675.24,137041.41,1549.98
RET-0232,VS06,0.0114,PO-2023-4283,1.72,96047.57,165201.82,1885.37
RET-0232,VS07,0.0038,PO-2023-4106,1.72,47048.14,80922.8,308.27
RET-0232,VS08,0.0115,PO-2021-1046,1.72,91314.15,157060.34,1804.54
RET-0232,VS09,0.0088,PO-2023-4224,1.72,69824.55,120098.23,1059.61
RET-0232,VS10,0.0139,PO-2022-2889,1.72,46283.62,79607.83,1104.52
RET-0232,VS11,0.0162,PO-2021-0063,1.72,46925.88,80712.51,1311.25
RET-0232,VS12,0.2807,PO-2022-2491,1.72,120277.26,206876.89,58074.94
RET-0232,VS13,0.0112,PO-2023-3492,1.72,89298.57,153593.54,1718.69
RET-0232,VS14,0.0113,PO-2021-1118,1.72,67299.02,115754.31,1308.0
RET-0232,VS15,0.0038,PO-2022-2900,1.72,49398.58,84965.56,320.96
RET-0232,VS16,0.0163,PO-2021-0473,1.72,68625.67,118036.15,1924.14
RET-0232,VS17,0.0162,PO-2023-4479,1.72,115105.51,197981.48,3214.88
RET-0232,VS18,0.0113,PO-2023-3525,1.72,78455.82,134944.01,1525.41
RET-0232,VS19,0.2118,PO-2022-2731,1.72,119727.0,205930.44,43608.21
RET-0232,VS20,0.0063,PO-2022-2233,1.72,96227.4,165511.13,1043.9
RET-0232,VS21,0.0063,PO-2022-2819,1.72,69507.59,119553.05,753.15
RET-0232,VS22,0.0037,PO-2023-4447,1.72,101136.52,173954.81,651.22
RET-0232,VS23,0.0062,PO-2021-0761,1.72,45623.78,78472.9,487.0
RET-0232,VS24,0.0063,PO-2023-3773,1.72,51534.59,88639.49,556.24
RET-0232,VS25,0.0114,PO-2021-1089,1.72,100213.08,172366.5,1960.0
RET-0232,VS26,0.0063,PO-2023-4068,1.72,119769.05,206002.77,1304.16
RET-0232,VS27,0.0062,PO-2021-1567,1.72,49294.76,84786.99,526.21
RET-0232,VS28,0.0139,PO-2022-2277,1.72,79494.91,136731.25,1897.05
RET-0232,VS29,0.0088,PO-2021-1246,1.72,45391.0,78072.52,687.66
RET-0232,VS30,0.0038,PO-2021-0309,1.72,96455.52,165903.49,628.59
RET-0232,VS31,0.0138,PO-2022-3161,1.72,90608.88,155847.27,2151.89
RET-0232,VS32,0.0164,PO-2022-3060,1.72,58865.87,101249.3,1663.04
RET-0232,VS33,0.0088,PO-2021-1489,1.72,85832.04,147631.11,1293.88
RET-0232,VS34,0.0113,PO-2022-2076,1.72,62068.97,106758.63,1209.73
RET-0001,VS01,0.0342,PO-2022-3022,3.46,89681.73,310298.79,10604.01
RET-0001,VS02,0.0156,PO-2021-0456,3.46,65398.54,226278.95,3521.83
RET-0001,VS03,0.0722,PO-2023-4110,3.46,123030.57,425685.77,30749.35
RET-0001,VS04,0.0214,PO-2023-3927,3.46,54233.12,187646.6,4022.28
RET-0001,VS05,0.0278,PO-2022-2337,3.46,90586.32,313428.67,8720.37
RET-0001,VS06,0.0281,PO-2021-1169,3.46,77469.72,268045.23,7525.07
RET-0001,VS07,0.0094,PO-2023-4451,1.743,56030.8,97684.34,915.38
RET-0001,VS08,0.0283,PO-2023-3409,3.46,90846.14,314327.64,8883.89
RET-0001,VS09,0.0217,PO-2023-4381,3.46,80746.59,279383.2,6063.6
RET-0001,VS10,0.0341,PO-2023-4770,3.46,109886.01,380205.59,12976.55
RET-0001,VS11,0.04,PO-2021-0749,3.46,68765.87,237929.91,9508.58
RET-0001,VS12,0.1004,PO-2021-0843,3.46,58150.78,201201.7,20201.05
RET-0001,VS13,0.0275,PO-2021-0570,3.46,87705.27,303460.23,8353.09
RET-0001,VS14,0.0278,PO-2021-1116,3.46,105859.29,366273.14,10181.18
RET-0001,VS15,0.0093,PO-2023-3867,3.46,114225.37,395219.78,3672.49
RET-0001,VS16,0.0401,PO-2023-3589,3.46,105877.13,366334.87,14690.0
RET-0001,VS17,0.0399,PO-2022-2327,3.46,100664.45,348299.0,13912.75
RET-0001,VS18,0.0278,PO-2023-3457,3.46,111563.1,386008.33,10733.75
RET-0001,VS19,0.0757,PO-2022-2361,3.46,91145.31,315362.77,23884.92
RET-0001,VS20,0.0155,PO-2023-4544,3.46,96328.29,333295.88,5171.09
RET-0001,VS21,0.0155,PO-2023-4211,3.46,116836.62,404254.71,6264.63
RET-0001,VS22,0.0092,PO-2023-3237,3.46,46268.02,160087.35,1474.24
RET-0001,VS23,0.0153,PO-2021-0803,3.46,119763.77,414382.64,6326.08
RET-0001,VS24,0.0154,PO-2022-2615,3.46,73404.35,253979.05,3920.62
RET-0001,VS25,0.028,PO-2021-0621,3.46,73849.7,255519.96,7147.42
RET-0001,VS26,0.0156,PO-2022-2195,3.46,92960.63,321643.78,5009.05
RET-0001,VS27,0.0153,PO-2021-1152,3.46,110512.94,382374.77,5837.65
RET-0001,VS28,0.0341,PO-2022-2833,2.144,114943.09,246410.24,8409.91
RET-0001,VS29,0.0217,PO-2021-0744,3.46,72022.99,249199.55,5399.37
RET-0001,VS30,0.0093,PO-2023-3246,3.46,117287.6,405815.1,3782.34
RET-0001,VS31,0.034,PO-2022-2452,3.46,81725.67,282770.82,9604.55
RET-0001,VS32,0.0404,PO-2022-2288,3.46,102254.45,353800.4,14295.23
RET-0001,VS33,0.0216,PO-2022-1716,3.46,68386.91,236618.71,5101.34
RET-0001,VS34,0.0279,PO-2023-3346,3.46,85292.53,295112.15,8226.1
RET-0013,VS01,0.0231,PO-2021-1290,1.2,45718.4,54862.08,1266.61
RET-0013,VS02,0.0105,PO-2022-1827,3.25,65272.39,212135.27,2230.59
RET-0013,VS03,0.1431,PO-2023-4171,3.25,122508.81,398153.63,56995.57
RET-0013,VS04,0.0145,PO-2022-3039,3.25,103727.88,337115.61,4881.94
RET-0013,VS05,0.0188,PO-2022-1601,3.25,110285.77,358428.75,6737.23
RET-0013,VS06,0.019,PO-2023-3355,3.25,78488.51,255087.66,4838.09
RET-0013,VS07,0.0063,PO-2023-3594,3.25,86002.65,279508.61,1769.51
RET-0013,VS08,0.0191,PO-2023-4533,3.25,97995.93,318486.77,6081.27
RET-0013,VS09,0.0147,PO-2021-0819,3.25,81589.58,265166.14,3888.04
RET-0013,VS10,0.0231,PO-2023-4519,3.25,119939.29,389802.69,8988.09
RET-0013,VS11,0.027,PO-2022-2648,3.25,57853.14,188022.7,5076.44
RET-0013,VS12,0.199,PO-2021-1468,3.25,70129.94,227922.3,45349.53
RET-0013,VS13,0.0186,PO-2023-3859,3.25,68681.14,223213.7,4150.96
RET-0013,VS14,0.0188,PO-2022-2079,3.25,45720.19,148590.62,2790.4
RET-0013,VS15,0.0063,PO-2023-3647,3.25,49590.11,161167.86,1011.77
RET-0013,VS16,0.0271,PO-2021-0250,2.28,86551.61,197337.67,5346.08
RET-0013,VS17,0.027,PO-2021-0402,3.25,92933.14,302032.7,8150.74
RET-0013,VS18,0.0188,PO-2022-2472,3.25,63464.47,206259.53,3874.82
RET-0013,VS19,0.1501,PO-2021-0083,3.25,73375.06,238468.94,35792.23
RET-0013,VS20,0.0105,PO-2022-2926,3.25,74625.02,242531.32,2542.16
RET-0013,VS21,0.0105,PO-2023-3638,3.25,70272.0,228384.0,2391.05
RET-0013,VS22,0.0062,PO-2023-4130,3.25,93071.52,302482.44,1881.88
RET-0013,VS23,0.0103,PO-2023-4054,3.25,97981.39,318439.52,3284.3
RET-0013,VS24,0.0104,PO-2021-1141,3.25,106602.4,346457.8,3613.18
RET-0013,VS25,0.0189,PO-2022-2296,3.25,57784.35,187799.14,3548.95
RET-0013,VS26,0.0105,PO-2023-3372,3.25,52122.89,169399.39,1782.27
RET-0013,VS27,0.0103,PO-2021-0599,3.25,95879.49,311608.34,3213.96
RET-0013,VS28,0.0231,PO-2023-3552,3.25,74138.09,240948.79,5555.71
RET-0013,VS29,0.0146,PO-2021-1015,3.25,86886.52,282381.19,4133.46
RET-0013,VS30,0.0063,PO-2022-2781,3.25,75199.45,244398.21,1538.91
RET-0013,VS31,0.0229,PO-2021-0601,3.25,75846.32,246500.54,5656.43
RET-0013,VS32,0.0273,PO-2022-2724,3.25,87102.81,283084.13,7727.35
RET-0013,VS33,0.0146,PO-2021-1340,3.25,51105.58,166093.14,2419.19
RET-0013,VS34,0.0188,PO-2021-1101,3.25,60144.88,195470.86,3681.04
RET-0261,VS01,0.0326,PO-2023-3836,4.35,50450.36,219459.07,7158.89
RET-0261,VS02,0.0149,PO-2021-0828,4.35,94764.63,412226.14,6124.37
RET-0261,VS03,0.0822,PO-2023-3407,4.35,98690.68,429304.46,35275.19
RET-0261,VS04,0.0205,PO-2023-3984,4.35,70318.39,305885.0,6258.81
RET-0261,VS05,0.0266,PO-2023-3790,4.35,88341.03,384283.48,10205.88
RET-0261,VS06,0.0268,PO-2021-0533,4.35,86404.06,375857.66,10072.29
RET-0261,VS07,0.0089,PO-2022-2020,4.35,99404.93,432411.45,3867.9
RET-0261,VS08,0.027,PO-2021-0439,4.35,77204.16,335838.1,9060.51
RET-0261,VS09,0.0207,PO-2021-1334,4.35,111375.86,484484.99,10037.21
RET-0261,VS10,0.0326,PO-2021-1508,4.35,65052.74,282979.42,9219.3
RET-0261,VS11,0.0381,PO-2021-0708,4.35,45396.8,197476.08,7533.27
RET-0261,VS12,0.1142,PO-2023-3708,4.35,101633.27,442104.72,50492.24
RET-0261,VS13,0.0263,PO-2021-1558,4.35,84935.24,369468.29,9707.89
RET-0261,VS14,0.0265,PO-2022-2404,4.35,76423.21,332440.96,8820.84
RET-0261,VS15,0.0089,PO-2021-0049,4.35,97981.44,426219.26,3780.58
RET-0261,VS16,0.0383,PO-2021-0129,4.35,88110.89,383282.37,14671.17
RET-0261,VS17,0.0381,PO-2022-2592,4.35,66050.11,287317.98,10955.34
RET-0261,VS18,0.0265,PO-2021-0489,4.35,59959.34,260823.13,6923.14
RET-0261,VS19,0.0862,PO-2022-1634,4.35,77943.87,339055.83,29210.68
RET-0261,VS20,0.0148,PO-2022-2626,1.931,87536.69,169068.5,2503.9
RET-0261,VS21,0.0148,PO-2021-1533,4.35,114267.09,497061.84,7352.8
RET-0261,VS22,0.0088,PO-2022-2808,4.35,50970.52,221721.76,1949.04
RET-0261,VS23,0.0146,PO-2023-4082,4.35,92527.93,402496.5,5865.4
RET-0261,VS24,0.0147,PO-2021-0357,4.35,63240.59,275096.57,4053.63
RET-0261,VS25,0.0267,PO-2022-3130,4.35,104593.37,454981.16,12148.43
RET-0261,VS26,0.0149,PO-2022-2752,3.989,49136.32,196002.21,2913.69
RET-0261,VS27,0.0146,PO-2022-1931,1.44,53818.75,77499.0,1129.4
RET-0261,VS28,0.0326,PO-2022-3035,4.35,113253.06,492650.81,16049.96
RET-0261,VS29,0.0207,PO-2023-4754,4.35,71470.54,310896.85,6430.06
RET-0261,VS30,0.0089,PO-2022-2419,4.35,63103.4,274499.79,2442.17
RET-0261,VS31,0.0324,PO-2022-2053,3.279,76281.72,250101.31,8108.88
RET-0261,VS32,0.0386,PO-2023-4731,4.35,97045.02,422145.84,16281.63
RET-0261,VS33,0.0206,PO-2022-2583,4.35,59260.78,257784.39,5305.11
RET-0261,VS34,0.0266,PO-2023-4666,1.77,73507.75,130108.72,3461.91
RET-0060,VS01,0.0231,PO-2021-1290,1.172,45718.4,53595.47,1237.37
RET-0060,VS02,0.0105,PO-2022-1827,3.85,65272.39,251298.7,2642.39
RET-0060,VS03,0.1431,PO-2023-4171,3.85,122508.81,471658.92,67517.83
RET-0060,VS04,0.0145,PO-2022-3039,3.85,103727.88,399352.34,5783.22
RET-0060,VS05,0.0188,PO-2022-1601,3.85,110285.77,424600.21,7981.03
RET-0060,VS06,0.019,PO-2023-3355,3.85,78488.51,302180.76,5731.28
RET-0060,VS07,0.0063,PO-2023-3594,3.85,86002.65,331110.2,2096.19
RET-0060,VS08,0.0191,PO-2023-4533,3.85,97995.93,377284.33,7203.96
RET-0060,VS09,0.0147,PO-2021-0819,3.85,81589.58,314119.88,4605.83
RET-0060,VS10,0.0231,PO-2021-1322,3.85,70717.52,272262.45,6277.84
RET-0060,VS11,0.027,PO-2022-2648,3.85,57853.14,222734.59,6013.63
RET-0060,VS12,0.199,PO-2021-1468,3.85,70129.94,270000.27,53721.75
RET-0060,VS13,0.0186,PO-2023-3859,3.85,68681.14,264422.39,4917.29
RET-0060,VS14,0.0188,PO-2022-2079,3.85,45720.19,176022.73,3305.55
RET-0060,VS15,0.0063,PO-2023-3647,3.85,49590.11,190921.92,1198.56
RET-0060,VS16,0.0271,PO-2021-0250,2.218,86551.61,191991.59,5201.25
RET-0060,VS17,0.027,PO-2021-0402,3.85,92933.14,357792.59,9655.49
RET-0060,VS18,0.0188,PO-2022-2472,3.85,63464.47,244338.21,4590.17
RET-0060,VS19,0.1501,PO-2021-0083,3.85,73375.06,282493.98,42400.02
RET-0060,VS20,0.0105,PO-2022-2926,3.85,74625.02,287306.33,3011.48
RET-0060,VS21,0.0105,PO-2023-3638,3.85,70272.0,270547.2,2832.47
RET-0060,VS22,0.0062,PO-2023-4130,3.85,93071.52,358325.35,2229.31
RET-0060,VS23,0.0103,PO-2023-4054,3.85,97981.39,377228.35,3890.63
RET-0060,VS24,0.0104,PO-2021-1141,3.85,106602.4,410419.24,4280.23
RET-0060,VS25,0.0189,PO-2022-2296,3.85,57784.35,222469.75,4204.14
RET-0060,VS26,0.0105,PO-2023-3372,3.85,52122.89,200673.13,2111.31
RET-0060,VS27,0.0103,PO-2021-0599,3.85,95879.49,369136.04,3807.3
RET-0060,VS28,0.0231,PO-2023-3552,3.85,74138.09,285431.65,6581.38
RET-0060,VS29,0.0146,PO-2021-1015,3.85,86886.52,334513.1,4896.57
RET-0060,VS30,0.0063,PO-2022-2781,3.85,75199.45,289517.88,1823.01
RET-0060,VS31,0.0229,PO-2021-0601,3.85,75846.32,292008.33,6700.7
RET-0060,VS32,0.0273,PO-2022-2724,3.85,87102.81,335345.82,9153.94
RET-0060,VS33,0.0146,PO-2021-1340,3.85,51105.58,196756.48,2865.81
RET-0060,VS34,0.0188,PO-2021-1101,3.85,60144.88,231557.79,4360.62
RET-0121,VS01,0.0218,PO-2021-0957,1.551,52327.41,81182.41,1772.06
RET-0121,VS02,0.0099,PO-2021-0446,1.66,61180.72,101560.0,1009.66
RET-0121,VS03,0.1512,PO-2022-1869,5.0,74486.7,372433.5,56313.24
RET-0121,VS04,0.0137,PO-2022-2710,5.0,50318.45,251592.25,3444.74
RET-0121,VS05,0.0178,PO-2021-0163,5.0,51992.26,259961.3,4619.9
RET-0121,VS06,0.0179,PO-2021-1512,5.0,115865.02,579325.1,10388.48
RET-0121,VS07,0.006,PO-2022-1657,5.0,91219.53,456097.65,2729.99
RET-0121,VS08,0.0181,PO-2021-0960,5.0,54743.04,273715.2,4941.36
RET-0121,VS09,0.0139,PO-2022-2600,5.0,115852.2,579261.0,8030.31
RET-0121,VS10,0.0218,PO-2021-0205,5.0,104109.01,520545.05,11348.19
RET-0121,VS11,0.0255,PO-2022-2762,5.0,64765.94,323829.7,8266.29
RET-0121,VS12,0.2102,PO-2021-0670,5.0,113779.67,568898.35,119561.68
RET-0121,VS13,0.0176,PO-2023-3895,5.0,49764.26,248821.3,4374.82
RET-0121,VS14,0.0178,PO-2023-3282,5.0,72037.22,360186.1,6395.1
RET-0121,VS15,0.0059,PO-2022-2662,5.0,91863.0,459315.0,2726.22
RET-0121,VS16,0.0256,PO-2023-4515,5.0,109573.71,547868.55,14032.9
RET-0121,VS17,0.0255,PO-2022-2948,5.0,76764.21,383821.05,9793.03
RET-0121,VS18,0.0178,PO-2022-1824,5.0,55284.86,276424.3,4909.74
RET-0121,VS19,0.1585,PO-2022-2049,5.0,62946.57,314732.85,49896.53
RET-0121,VS20,0.0099,PO-2022-2961,5.0,107227.22,536136.1,5313.18
RET-0121,VS21,0.0099,PO-2022-2994,5.0,52774.22,263871.1,2611.92
RET-0121,VS22,0.0059,PO-2021-0200,5.0,55607.13,278035.65,1635.45
RET-0121,VS23,0.0098,PO-2022-2121,5.0,68650.22,343251.1,3347.13
RET-0121,VS24,0.0099,PO-2023-3633,5.0,98977.14,494885.7,4879.66
RET-0121,VS25,0.0179,PO-2022-1854,5.0,116896.89,584484.45,10442.99
RET-0121,VS26,0.0099,PO-2021-0448,5.0,85324.15,426620.75,4243.75
RET-0121,VS27,0.0098,PO-2022-3084,5.0,104477.37,522386.85,5094.11
RET-0121,VS28,0.0218,PO-2023-4063,5.0,70250.26,351251.3,7657.34
RET-0121,VS29,0.0138,PO-2022-2794,5.0,58428.17,292140.85,4043.11
RET-0121,VS30,0.006,PO-2022-1968,5.0,51792.13,258960.65,1541.68
RET-0121,VS31,0.0217,PO-2021-1572,5.0,79454.26,397271.3,8619.01
RET-0121,VS32,0.0258,PO-2022-1678,5.0,76493.03,382465.15,9870.8
RET-0121,VS33,0.0138,PO-2023-3806,5.0,59978.49,299892.45,4129.8
RET-0121,VS34,0.0178,PO-2022-2238,5.0,69041.48,345207.4,6146.31
RET-0203,VS01,0.0198,PO-2021-1013,2.36,48004.4,113290.38,2241.27
RET-0203,VS02,0.009,PO-2023-4653,2.36,113828.85,268636.09,2420.47
RET-0203,VS03,0.1643,PO-2021-0326,2.36,119826.56,282790.68,46457.72
RET-0203,VS04,0.0124,PO-2023-4648,2.36,86177.22,203378.24,2523.75
RET-0203,VS05,0.0161,PO-2023-3942,2.36,62096.49,146547.72,2360.41
RET-0203,VS06,0.0163,PO-2021-1076,2.36,103802.23,244973.26,3981.37
RET-0203,VS07,0.0054,PO-2022-2967,2.36,47367.43,111787.13,606.43
RET-0203,VS08,0.0164,PO-2021-1072,2.36,50730.02,119722.85,1958.88
RET-0203,VS09,0.0126,PO-2023-4440,2.36,95752.41,225975.69,2839.25
RET-0203,VS10,0.0198,PO-2022-2650,2.36,62194.28,146778.5,2900.11
RET-0203,VS11,0.0231,PO-2022-1668,2.36,98251.86,231874.39,5364.52
RET-0203,VS12,0.2283,PO-2022-2649,1.328,106424.57,141299.75,32264.85
RET-0203,VS13,0.0159,PO-2022-2521,2.36,76319.18,180113.26,2870.14
RET-0203,VS14,0.0161,PO-2023-3929,2.36,111388.1,262875.92,4230.15
RET-0203,VS15,0.0054,PO-2021-0686,2.36,99019.17,233685.24,1257.09
RET-0203,VS16,0.0232,PO-2022-1861,2.36,94942.7,224064.77,5201.5
RET-0203,VS17,0.0231,PO-2023-4706,2.36,48698.6,114928.7,2657.67
RET-0203,VS18,0.0161,PO-2021-1214,2.36,53770.56,126898.52,2042.79
RET-0203,VS19,0.1723,PO-2022-2189,2.36,103666.47,244652.87,42141.46
RET-0203,VS20,0.009,PO-2021-0451,2.36,108485.11,256024.86,2299.56
RET-0203,VS21,0.009,PO-2022-2150,2.36,55891.57,131904.11,1183.34
RET-0203,VS22,0.0053,PO-2021-1034,2.36,94182.04,222269.61,1184.96
RET-0203,VS23,0.0088,PO-2023-3376,2.36,84993.08,200583.67,1772.72
RET-0203,VS24,0.0089,PO-2023-3738,2.36,50006.5,118015.34,1054.65
RET-0203,VS25,0.0162,PO-2022-1689,2.36,71468.66,168666.04,2731.26
RET-0203,VS26,0.009,PO-2022-2760,2.36,89723.4,211747.22,1909.01
RET-0203,VS27,0.0088,PO-2023-4350,2.36,103401.01,244026.38,2156.73
RET-0203,VS28,0.0198,PO-2023-3459,2.36,61575.84,145318.98,2871.22
RET-0203,VS29,0.0125,PO-2022-1800,2.36,110548.27,260893.92,3272.44
RET-0203,VS30,0.0054,PO-2021-0040,2.36,88175.32,208093.76,1122.8
RET-0203,VS31,0.0197,PO-2021-1208,2.05,57457.91,117788.72,2316.1
RET-0203,VS32,0.0234,PO-2023-4698,2.36,61801.48,145851.49,3411.58
RET-0203,VS33,0.0125,PO-2023-4541,2.36,118490.6,279637.82,3490.14
RET-0203,VS34,0.0161,PO-2021-0952,1.57,114541.69,179830.45,2901.89
RET-0150,VS01,0.008,PO-2021-0897,0.56,96528.92,54056.2,432.4
RET-0150,VS02,0.0036,PO-2023-4202,0.56,66577.38,37283.33,135.83
RET-0150,VS03,0.2397,PO-2023-3466,0.56,115386.93,64616.68,15486.21
RET-0150,VS04,0.005,PO-2021-1274,0.56,69003.11,38641.74,193.88
RET-0150,VS05,0.0065,PO-2022-2543,0.56,79675.24,44618.13,290.58
RET-0150,VS06,0.0066,PO-2023-4283,0.56,96047.57,53786.64,353.45
RET-0150,VS07,0.0022,PO-2023-4106,0.56,47048.14,26346.96,57.79
RET-0150,VS08,0.0066,PO-2021-1046,0.56,91314.15,51135.92,338.3
RET-0150,VS09,0.0051,PO-2021-1195,0.56,84231.9,47169.86,239.63
RET-0150,VS10,0.008,PO-2022-2889,0.56,46283.62,25918.83,207.07
RET-0150,VS11,0.0094,PO-2021-0063,0.56,46925.88,26278.49,245.82
RET-0150,VS12,0.3331,PO-2022-2491,0.56,120277.26,67355.27,22437.14
RET-0150,VS13,0.0064,PO-2023-3492,0.56,89298.57,50007.2,322.2
RET-0150,VS14,0.0065,PO-2022-2291,0.56,72220.5,40443.48,263.14
RET-0150,VS15,0.0022,PO-2022-2900,0.56,49398.58,27663.2,60.17
RET-0150,VS16,0.0094,PO-2021-0473,0.56,68625.67,38430.38,360.72
RET-0150,VS17,0.0094,PO-2023-4479,0.56,115105.51,64459.09,602.69
RET-0150,VS18,0.0065,PO-2023-4723,0.56,68011.42,38086.4,247.9
RET-0150,VS19,0.2513,PO-2022-2002,0.56,110859.45,62081.29,15600.11
RET-0150,VS20,0.0036,PO-2022-2233,0.56,96227.4,53887.34,195.7
RET-0150,VS21,0.0036,PO-2022-2819,0.56,69507.59,38924.25,141.19
RET-0150,VS22,0.0022,PO-2022-3100,0.56,78388.89,43897.78,94.62
RET-0150,VS23,0.0036,PO-2021-0761,0.56,45623.78,25549.32,91.3
RET-0150,VS24,0.0036,PO-2023-3773,0.56,51534.59,28859.37,104.28
RET-0150,VS25,0.0065,PO-2021-1089,0.56,100213.08,56119.32,367.44
RET-0150,VS26,0.0036,PO-2023-4068,0.56,119769.05,67070.67,244.49
RET-0150,VS27,0.0036,PO-2021-1567,0.56,49294.76,27605.07,98.65
RET-0150,VS28,0.008,PO-2022-2277,0.56,79494.91,44517.15,355.64
RET-0150,VS29,0.0051,PO-2021-1246,0.56,45391.0,25418.96,128.92
RET-0150,VS30,0.0022,PO-2021-0309,0.56,96455.52,54015.09,117.84
RET-0150,VS31,0.008,PO-2022-3161,0.56,90608.88,50740.97,403.42
RET-0150,VS32,0.0095,PO-2022-3060,0.56,58865.87,32964.89,311.77
RET-0150,VS33,0.005,PO-2021-1489,0.56,85832.04,48065.94,242.56
RET-0150,VS34,0.0065,PO-2022-2076,0.56,62068.97,34758.62,226.79
RET-0088,VS01,0.0302,PO-2023-3500,4.45,49971.36,222372.55,6712.11
RET-0088,VS02,0.0137,PO-2022-2644,4.45,106673.55,474697.3,6525.72
RET-0088,VS03,0.0978,PO-2023-4707,0.0,62710.54,0.0,0.0
RET-0088,VS04,0.0189,PO-2023-3788,4.45,87077.58,387495.23,7336.44
RET-0088,VS05,0.0246,PO-2022-1627,4.45,71502.64,318186.75,7819.28
RET-0088,VS06,0.0248,PO-2022-1754,4.45,99978.99,444906.51,11032.12
RET-0088,VS07,0.0083,PO-2022-2596,4.45,68873.38,306486.54,2536.73
RET-0088,VS08,0.025,PO-2022-2367,4.45,49238.56,219111.59,5469.83
RET-0088,VS09,0.0192,PO-2021-0014,4.45,53027.7,235973.26,4523.57
RET-0088,VS10,0.0301,PO-2022-3061,4.45,98457.76,438137.03,13208.05
RET-0088,VS11,0.0353,PO-2021-1148,4.45,71389.23,317682.07,11213.66
RET-0088,VS12,0.1359,PO-2023-4704,4.45,87697.39,390253.39,53024.47
RET-0088,VS13,0.0243,PO-2022-1758,4.45,86571.28,385242.2,9366.28
RET-0088,VS14,0.0246,PO-2023-3995,4.45,45908.7,204293.72,5015.75
RET-0088,VS15,0.0082,PO-2022-1879,4.45,60513.23,269283.87,2210.15
RET-0088,VS16,0.0354,PO-2023-3735,4.45,87729.87,390397.92,13827.35
RET-0088,VS17,0.0353,PO-2021-1495,4.45,112774.5,501846.52,17705.97
RET-0088,VS18,0.0246,PO-2022-1684,4.45,116492.2,518390.29,12732.09
RET-0088,VS19,0.1025,PO-2022-1676,4.45,54036.62,240462.96,24646.13
RET-0088,VS20,0.0137,PO-2022-2529,4.45,56097.9,249635.66,3420.95
RET-0088,VS21,0.0137,PO-2023-4417,4.45,114156.44,507996.16,6953.26
RET-0088,VS22,0.0081,PO-2022-1943,4.45,100294.91,446312.35,3630.26
RET-0088,VS23,0.0135,PO-2022-1722,2.067,86272.82,178286.65,2404.03
RET-0088,VS24,0.0136,PO-2021-1245,4.45,71585.5,318555.48,4343.4
RET-0088,VS25,0.0247,PO-2021-1569,4.45,92572.92,411949.49,10177.86
RET-0088,VS26,0.0138,PO-2021-0818,4.45,82636.73,367733.45,5058.26
RET-0088,VS27,0.0135,PO-2021-1114,1.94,80227.49,155626.97,2098.56
RET-0088,VS28,0.0301,PO-2022-3062,4.45,55568.5,247279.82,7454.34
RET-0088,VS29,0.0191,PO-2021-1040,4.45,60386.65,268720.59,5142.63
RET-0088,VS30,0.0082,PO-2022-2096,1.93,97825.42,188803.06,1554.28
RET-0088,VS31,0.03,PO-2022-2418,4.45,51222.35,227939.46,6838.33
RET-0088,VS32,0.0357,PO-2023-3565,4.45,112862.59,502238.53,17923.84
RET-0088,VS33,0.019,PO-2023-3609,4.45,93601.06,416524.72,7931.66
RET-0088,VS34,0.0246,PO-2021-0682,4.45,113043.18,503042.15,12385.09
RET-0225,VS01,0.0318,PO-2021-0983,1.44,112849.68,162503.54,5165.08
RET-0225,VS02,0.0145,PO-2022-2434,1.44,59009.3,84973.39,1230.07
RET-0225,VS03,0.0875,PO-2023-4450,1.44,92449.95,133127.93,11650.97
RET-0225,VS04,0.0199,PO-2023-3449,1.44,78083.05,112439.59,2241.69
RET-0225,VS05,0.0259,PO-2021-0189,1.44,92096.16,132618.47,3431.82
RET-0225,VS06,0.0261,PO-2022-2767,1.01,53446.5,53980.96,1409.51
RET-0225,VS07,0.0087,PO-2023-3343,1.44,72908.49,104988.23,915.04
RET-0225,VS08,0.0263,PO-2022-2256,1.44,81640.26,117561.97,3090.38
RET-0225,VS09,0.0202,PO-2023-4655,1.44,55049.82,79271.74,1600.2
RET-0225,VS10,0.0317,PO-2022-2293,1.44,84922.89,122288.96,3881.97
RET-0225,VS11,0.0372,PO-2022-2141,1.44,71149.98,102455.97,3808.28
RET-0225,VS12,0.1216,PO-2023-3731,1.44,47472.58,68360.52,8315.6
RET-0225,VS13,0.0256,PO-2022-2321,1.44,101721.47,146478.92,3750.12
RET-0225,VS14,0.0259,PO-2022-2879,1.44,96508.95,138972.89,3592.92
RET-0225,VS15,0.0086,PO-2023-3342,1.44,93177.47,134175.56,1159.63
RET-0225,VS16,0.0373,PO-2023-3941,1.44,52044.05,74943.43,2795.13
RET-0225,VS17,0.0372,PO-2022-2602,1.44,87089.29,125408.58,4659.21
RET-0225,VS18,0.0259,PO-2022-3191,1.44,114984.39,165577.52,4282.34
RET-0225,VS19,0.0918,PO-2022-1620,1.44,82922.29,119408.1,10957.04
RET-0225,VS20,0.0144,PO-2023-3821,1.44,73045.12,105184.97,1517.86
RET-0225,VS21,0.0144,PO-2023-4769,1.44,51195.63,73721.71,1062.58
RET-0225,VS22,0.0086,PO-2021-1074,1.44,47156.97,67906.04,581.63
RET-0225,VS23,0.0142,PO-2023-3433,1.44,80641.34,116123.53,1648.84
RET-0225,VS24,0.0144,PO-2022-2896,1.44,86814.63,125013.07,1794.89
RET-0225,VS25,0.026,PO-2023-4718,1.44,61315.81,88294.77,2297.12
RET-0225,VS26,0.0145,PO-2022-3124,1.44,79453.39,114412.88,1657.22
RET-0225,VS27,0.0142,PO-2023-3338,1.44,99203.99,142853.75,2028.45
RET-0225,VS28,0.0317,PO-2023-3669,1.44,67089.6,96609.02,3066.72
RET-0225,VS29,0.0202,PO-2023-4467,1.44,110351.07,158905.54,3202.28
RET-0225,VS30,0.0087,PO-2023-4320,1.44,73818.65,106298.86,921.48
RET-0225,VS31,0.0316,PO-2021-0657,1.44,55228.61,79529.2,2512.43
RET-0225,VS32,0.0376,PO-2021-0349,1.44,85660.26,123350.77,4635.53
RET-0225,VS33,0.0201,PO-2023-3219,1.44,59992.75,86389.56,1732.29
RET-0225,VS34,0.0259,PO-2021-0756,1.44,94766.19,136463.31,3537.91
RET-0258,VS01,0.0161,PO-2021-0897,2.06,96528.92,198849.58,3208.88
RET-0258,VS02,0.0073,PO-2023-4202,2.06,66577.38,137149.4,1007.99
RET-0258,VS03,0.1876,PO-2023-3466,2.06,115386.93,237697.08,44593.51
RET-0258,VS04,0.0101,PO-2021-1274,2.06,69003.11,142146.41,1438.82
RET-0258,VS05,0.0131,PO-2022-2543,2.06,79675.24,164130.99,2156.38
RET-0258,VS06,0.0133,PO-2023-4283,2.06,96047.57,197857.99,2622.98
RET-0258,VS07,0.0044,PO-2023-4106,2.06,47048.14,96919.17,428.87
RET-0258,VS08,0.0133,PO-2021-1046,2.06,91314.15,188107.15,2510.52
RET-0258,VS09,0.0102,PO-2021-1195,2.06,84231.9,173517.71,1778.33
RET-0258,VS10,0.0161,PO-2022-2889,2.06,46283.62,95344.26,1536.64
RET-0258,VS11,0.0189,PO-2021-0063,2.06,46925.88,96667.31,1824.25
RET-0258,VS12,0.2608,PO-2022-2491,2.06,120277.26,247771.16,64609.17
RET-0258,VS13,0.013,PO-2023-3492,2.06,89298.57,183955.05,2391.09
RET-0258,VS14,0.0131,PO-2022-2291,2.06,72220.5,148774.23,1952.81
RET-0258,VS15,0.0044,PO-2022-2900,2.06,49398.58,101761.07,446.52
RET-0258,VS16,0.0189,PO-2021-0473,2.06,68625.67,141368.88,2676.92
RET-0258,VS17,0.0189,PO-2023-4479,2.06,115105.51,237117.35,4472.62
RET-0258,VS18,0.0131,PO-2023-4723,2.06,68011.42,140103.53,1839.68
RET-0258,VS19,0.1967,PO-2022-2002,2.06,110859.45,228370.47,44921.5
RET-0258,VS20,0.0073,PO-2022-2233,2.06,96227.4,198228.44,1452.3
RET-0258,VS21,0.0073,PO-2022-2819,2.06,69507.59,143185.64,1047.8
RET-0258,VS22,0.0043,PO-2021-1307,2.06,91897.1,189308.03,823.22
RET-0258,VS23,0.0072,PO-2021-0761,2.06,45623.78,93984.99,677.53
RET-0258,VS24,0.0073,PO-2023-3773,2.06,51534.59,106161.26,773.86
RET-0258,VS25,0.0132,PO-2023-4142,2.06,75409.46,155343.49,2051.9
RET-0258,VS26,0.0074,PO-2022-2322,2.06,82999.08,170978.1,1257.36
RET-0258,VS27,0.0072,PO-2021-1567,2.06,49294.76,101547.21,732.07
RET-0258,VS28,0.0161,PO-2022-2277,2.06,79494.91,163759.51,2639.23
RET-0258,VS29,0.0102,PO-2021-1246,2.06,45391.0,93505.46,956.69
RET-0258,VS30,0.0044,PO-2021-0309,2.06,96455.52,198698.37,874.51
RET-0258,VS31,0.016,PO-2022-3161,2.06,90608.88,186654.29,2993.77
RET-0258,VS32,0.0191,PO-2022-3060,2.06,58865.87,121263.69,2313.67
RET-0258,VS33,0.0102,PO-2021-1489,2.06,85832.04,176814.0,1800.07
RET-0258,VS34,0.0132,PO-2022-2076,2.06,62068.97,127862.08,1683.01
RET-0106,VS01,0.0269,PO-2022-2957,2.66,117011.56,311250.75,8381.35
RET-0106,VS02,0.0123,PO-2023-4364,2.66,51176.06,136128.32,1669.5
RET-0106,VS03,0.1186,PO-2021-0853,1.789,82438.23,147455.63,17485.6
RET-0106,VS04,0.0169,PO-2021-0006,2.66,58936.87,156772.07,2647.97
RET-0106,VS05,0.0219,PO-2023-4064,2.66,75336.71,200395.65,4393.37
RET-0106,VS06,0.0221,PO-2023-3719,2.66,98114.7,260985.1,5773.4
RET-0106,VS07,0.0074,PO-2022-2980,2.66,69574.04,185066.95,1366.53
RET-0106,VS08,0.0223,PO-2022-3141,2.66,85164.79,226538.34,5045.17
RET-0106,VS09,0.0171,PO-2022-2340,2.66,99356.76,264288.98,4519.84
RET-0106,VS10,0.0269,PO-2023-4157,2.66,111127.52,295599.2,7949.82
RET-0106,VS11,0.0315,PO-2022-1935,2.66,80540.28,214237.14,6746.44
RET-0106,VS12,0.1648,PO-2021-1503,2.66,70710.87,188090.91,31001.48
RET-0106,VS13,0.0217,PO-2022-2748,2.66,70263.94,186902.08,4053.9
RET-0106,VS14,0.0219,PO-2022-1769,2.66,100531.81,267414.61,5857.22
RET-0106,VS15,0.0073,PO-2023-3563,2.66,114183.19,303727.29,2223.92
RET-0106,VS16,0.0316,PO-2021-0397,2.66,57010.18,151647.08,4791.72
RET-0106,VS17,0.0315,PO-2023-3658,2.66,84248.67,224101.46,7053.73
RET-0106,VS18,0.0219,PO-2022-2155,2.66,70294.09,186982.28,4097.03
RET-0106,VS19,0.1243,PO-2022-3018,2.66,112519.69,299302.38,37213.09
RET-0106,VS20,0.0122,PO-2021-0611,2.66,94094.7,250291.9,3059.94
RET-0106,VS21,0.0122,PO-2021-0815,2.66,56489.81,150262.89,1834.87
RET-0106,VS22,0.0073,PO-2023-4665,2.66,105213.13,279866.93,2030.84
RET-0106,VS23,0.012,PO-2023-3872,1.057,70973.75,75028.37,902.55
RET-0106,VS24,0.0122,PO-2022-2687,2.66,52806.97,140466.54,1708.61
RET-0106,VS25,0.022,PO-2022-2285,2.66,115739.95,307868.27,6785.83
RET-0106,VS26,0.0123,PO-2023-4307,2.66,93437.85,248544.68,3049.99
RET-0106,VS27,0.012,PO-2022-1632,2.66,110805.65,294743.03,3545.73
RET-0106,VS28,0.0269,PO-2022-2798,2.66,108413.35,288379.51,7755.51
RET-0106,VS29,0.0171,PO-2023-3613,2.66,80375.54,213798.94,3650.19
RET-0106,VS30,0.0073,PO-2021-0044,2.66,89658.92,238492.73,1751.54
RET-0106,VS31,0.0268,PO-2022-2446,2.66,93453.07,248585.17,6653.21
RET-0106,VS32,0.0318,PO-2023-3637,2.66,88890.59,236448.97,7528.07
RET-0106,VS33,0.017,PO-2022-1622,2.66,90655.42,241143.42,4096.61
RET-0106,VS34,0.022,PO-2021-1526,2.66,75803.93,201638.45,4428.88
RET-0160,VS01,0.0324,PO-2023-3836,3.21,50450.36,161945.66,5244.77
RET-0160,VS02,0.0147,PO-2021-0828,3.21,94764.63,304194.46,4486.86
RET-0160,VS03,0.0837,PO-2023-3407,3.21,98690.68,316797.08,26506.09
RET-0160,VS04,0.0203,PO-2023-3984,3.21,70318.39,225722.03,4585.35
RET-0160,VS05,0.0264,PO-2023-3790,3.21,88341.03,283574.71,7477.07
RET-0160,VS06,0.0266,PO-2021-0533,3.21,86404.06,277357.03,7379.2
RET-0160,VS07,0.0089,PO-2022-2020,3.21,99404.93,319089.83,2833.71
RET-0160,VS08,0.0268,PO-2021-0439,3.21,77204.16,247825.35,6637.95
RET-0160,VS09,0.0206,PO-2021-1334,3.21,111375.86,357516.51,7353.5
RET-0160,VS10,0.0323,PO-2022-2331,3.21,46835.99,150343.53,4862.87
RET-0160,VS11,0.0379,PO-2021-0708,3.21,45396.8,145723.73,5519.05
RET-0160,VS12,0.1163,PO-2023-3708,3.21,101633.27,326242.8,37940.32
RET-0160,VS13,0.0261,PO-2021-1558,3.21,84935.24,272642.12,7112.23
RET-0160,VS14,0.0263,PO-2022-2404,3.21,76423.21,245318.5,6462.36
RET-0160,VS15,0.0088,PO-2021-0049,3.21,97981.44,314520.42,2769.74
RET-0160,VS16,0.038,PO-2021-0129,3.21,88110.89,282835.96,10748.45
RET-0160,VS17,0.0379,PO-2022-2592,3.21,66050.11,212020.85,8026.14
RET-0160,VS18,0.0264,PO-2021-0489,3.21,59959.34,192469.48,5072.06
RET-0160,VS19,0.0877,PO-2022-1634,3.21,77943.87,250199.82,21949.16
RET-0160,VS20,0.0147,PO-2022-2626,1.903,87536.69,166564.6,2449.08
RET-0160,VS21,0.0147,PO-2021-0450,3.21,102241.81,328196.21,4819.94
RET-0160,VS22,0.0087,PO-2023-3971,3.21,100989.24,324175.46,2829.16
RET-0160,VS23,0.0145,PO-2023-4082,3.21,92527.93,297014.66,4297.13
RET-0160,VS24,0.0146,PO-2021-0357,3.21,63240.59,203002.29,2969.79
RET-0160,VS25,0.0265,PO-2022-3130,3.21,104593.37,335744.72,8900.23
RET-0160,VS26,0.0148,PO-2023-3378,3.21,116500.58,373966.86,5519.26
RET-0160,VS27,0.0145,PO-2023-3477,3.21,70733.66,227055.05,3285.09
RET-0160,VS28,0.0323,PO-2021-0386,3.21,119302.55,382961.19,12386.68
RET-0160,VS29,0.0205,PO-2023-4754,3.21,71470.54,229420.43,4710.81
RET-0160,VS30,0.0088,PO-2023-4376,3.21,56918.65,182708.87,1613.83
RET-0160,VS31,0.0322,PO-2022-2053,3.172,76281.72,241992.43,7789.54
RET-0160,VS32,0.0383,PO-2023-4731,3.21,97045.02,311514.51,11928.3
RET-0160,VS33,0.0204,PO-2022-2583,3.21,59260.78,190227.1,3886.65
RET-0160,VS34,0.0264,PO-2023-4032,3.21,103810.35,333231.22,8802.78
RET-0262,VS01,0.0363,PO-2023-3695,3.04,50042.67,152129.72,5522.68
RET-0262,VS02,0.0165,PO-2022-2434,3.04,59009.3,179388.27,2965.95
RET-0262,VS03,0.0586,PO-2023-4450,3.04,92449.95,281047.85,16474.16
RET-0262,VS04,0.0228,PO-2023-3449,3.04,78083.05,237372.47,5405.15
RET-0262,VS05,0.0296,PO-2021-0189,3.04,92096.16,279972.33,8274.8
RET-0262,VS06,0.0298,PO-2022-2767,0.984,53446.5,52571.46,1567.83
RET-0262,VS07,0.01,PO-2023-3343,3.04,72908.49,221641.81,2206.34
RET-0262,VS08,0.03,PO-2022-2256,3.04,81640.26,248186.39,7451.51
RET-0262,VS09,0.0231,PO-2023-4655,3.04,55049.82,167351.45,3858.39
RET-0262,VS10,0.0363,PO-2022-2333,3.04,46229.2,140536.77,5095.38
RET-0262,VS11,0.0425,PO-2022-2141,3.04,71149.98,216295.94,9182.5
RET-0262,VS12,0.0815,PO-2023-3731,3.04,47472.58,144316.64,11758.04
RET-0262,VS13,0.0292,PO-2022-2321,3.04,101721.47,309233.27,9042.27
RET-0262,VS14,0.0295,PO-2022-2879,3.04,96508.95,293387.21,8663.24
RET-0262,VS15,0.0099,PO-2023-3342,2.096,93177.47,195339.35,1928.23
RET-0262,VS16,0.0426,PO-2023-3941,2.006,52044.05,104415.62,4447.9
RET-0262,VS17,0.0424,PO-2022-2602,3.04,87089.29,264751.44,11234.28
RET-0262,VS18,0.0295,PO-2022-3191,3.04,114984.39,349552.55,10325.56
RET-0262,VS19,0.0615,PO-2021-1038,3.04,112267.87,341294.32,20975.81
RET-0262,VS20,0.0165,PO-2023-3821,3.04,73045.12,222057.16,3659.85
RET-0262,VS21,0.0165,PO-2023-4769,3.04,51195.63,155634.72,2562.08
RET-0262,VS22,0.0098,PO-2021-1074,3.04,47156.97,143357.19,1402.41
RET-0262,VS23,0.0162,PO-2023-3433,3.04,80641.34,245149.67,3975.67
RET-0262,VS24,0.0164,PO-2021-1433,3.04,59851.54,181948.68,2983.68
RET-0262,VS25,0.0297,PO-2023-4718,3.04,61315.81,186400.06,5538.81
RET-0262,VS26,0.0165,PO-2022-3124,3.04,79453.39,241538.31,3995.88
RET-0262,VS27,0.0162,PO-2023-3338,3.04,99203.99,301580.13,4891.0
RET-0262,VS28,0.0363,PO-2023-3669,3.04,67089.6,203952.38,7394.48
RET-0262,VS29,0.023,PO-2023-4467,3.04,110351.07,335467.25,7721.34
RET-0262,VS30,0.0099,PO-2023-4320,3.04,73818.65,224408.7,2221.87
RET-0262,VS31,0.0361,PO-2021-0657,3.04,55228.61,167894.97,6057.96
RET-0262,VS32,0.0429,PO-2021-0349,3.04,85660.26,260407.19,11177.17
RET-0262,VS33,0.0229,PO-2023-3219,3.04,59992.75,182377.96,4176.9
RET-0262,VS34,0.0296,PO-2021-0756,2.363,94766.19,223900.94,6629.93
RET-0139,VS01,0.0188,PO-2023-3836,0.15,50450.36,7567.55,142.21
RET-0139,VS02,0.0086,PO-2021-0480,0.15,86696.53,13004.48,111.3
RET-0139,VS03,0.1706,PO-2023-3407,0.15,98690.68,14803.6,2525.8
RET-0139,VS04,0.0118,PO-2023-3984,0.15,70318.39,10547.76,124.33
RET-0139,VS05,0.0153,PO-2023-3790,0.15,88341.03,13251.15,202.74
RET-0139,VS06,0.0154,PO-2021-0533,0.15,86404.06,12960.61,200.09
RET-0139,VS07,0.0052,PO-2022-2020,0.15,99404.93,14910.74,76.84
RET-0139,VS08,0.0155,PO-2021-0439,0.15,77204.16,11580.62,179.99
RET-0139,VS09,0.0119,PO-2021-1334,0.15,111375.86,16706.38,199.39
RET-0139,VS10,0.0188,PO-2022-2331,0.15,46835.99,7025.4,131.86
RET-0139,VS11,0.022,PO-2021-0708,0.15,45396.8,6809.52,149.65
RET-0139,VS12,0.2372,PO-2023-3708,0.15,101633.27,15244.99,3615.38
RET-0139,VS13,0.0151,PO-2021-1558,0.15,84935.24,12740.29,192.85
RET-0139,VS14,0.0153,PO-2022-2404,0.15,76423.21,11463.48,175.23
RET-0139,VS15,0.0051,PO-2021-0049,0.15,97981.44,14697.22,75.1
RET-0139,VS16,0.0221,PO-2021-0129,0.15,88110.89,13216.63,291.45
RET-0139,VS17,0.022,PO-2022-2592,0.15,66050.11,9907.52,217.63
RET-0139,VS18,0.0153,PO-2021-0489,0.15,59959.34,8993.9,137.53
RET-0139,VS19,0.1789,PO-2022-1634,0.15,77943.87,11691.58,2091.57
RET-0139,VS20,0.0085,PO-2021-0035,0.15,45030.45,6754.57,57.63
RET-0139,VS21,0.0085,PO-2021-0450,0.15,102241.81,15336.27,130.69
RET-0139,VS22,0.0051,PO-2023-3971,0.15,100989.24,15148.39,76.71
RET-0139,VS23,0.0084,PO-2023-4082,0.15,92527.93,13879.19,116.52
RET-0139,VS24,0.0085,PO-2021-0357,0.15,63240.59,9486.09,80.53
RET-0139,VS25,0.0154,PO-2023-4122,0.15,69938.67,10490.8,161.37
RET-0139,VS26,0.0086,PO-2023-3378,0.15,116500.58,17475.09,149.66
RET-0139,VS27,0.0084,PO-2023-3477,0.15,70733.66,10610.05,89.08
RET-0139,VS28,0.0188,PO-2021-0386,0.15,119302.55,17895.38,335.87
RET-0139,VS29,0.0119,PO-2023-4754,0.15,71470.54,10720.58,127.74
RET-0139,VS30,0.0051,PO-2023-4376,0.15,56918.65,8537.8,43.76
RET-0139,VS31,0.0187,PO-2022-2053,0.15,76281.72,11442.26,213.72
RET-0139,VS32,0.0222,PO-2023-4731,0.15,97045.02,14556.75,323.44
RET-0139,VS33,0.0119,PO-2022-2583,0.15,59260.78,8889.12,105.39
RET-0139,VS34,0.0153,PO-2023-4032,0.15,103810.35,15571.55,238.69
RET-0227,VS01,0.0236,PO-2022-3148,4.09,61031.36,249618.26,5885.86
RET-0227,VS02,0.0107,PO-2022-1880,4.09,85487.23,349642.77,3754.85
RET-0227,VS03,0.14,PO-2023-4639,4.09,121720.35,497836.23,69697.64
RET-0227,VS04,0.0148,PO-2023-3363,4.09,85048.64,347848.94,5144.77
RET-0227,VS05,0.0192,PO-2021-0094,4.09,68070.89,278409.94,5344.72
RET-0227,VS06,0.0194,PO-2023-4454,4.09,81687.88,334103.43,6471.83
RET-0227,VS07,0.0065,PO-2022-2385,4.09,93432.91,382140.6,2470.83
RET-0227,VS08,0.0195,PO-2022-2882,4.09,99224.95,405830.05,7914.23
RET-0227,VS09,0.015,PO-2023-3276,4.09,48218.31,197212.89,2953.32
RET-0227,VS10,0.0235,PO-2022-2548,4.09,89076.23,364321.78,8579.65
RET-0227,VS11,0.0276,PO-2021-1392,4.09,53076.29,217082.03,5985.97
RET-0227,VS12,0.1946,PO-2023-4547,4.09,60410.96,247080.83,48080.19
RET-0227,VS13,0.019,PO-2023-3884,4.09,90367.61,369603.52,7019.81
RET-0227,VS14,0.0192,PO-2021-1387,4.09,84922.41,347332.66,6661.67
RET-0227,VS15,0.0064,PO-2021-1563,4.09,66888.25,273572.94,1754.04
RET-0227,VS16,0.0277,PO-2022-2659,4.09,90517.6,370216.98,10243.4
RET-0227,VS17,0.0276,PO-2023-3309,4.09,92986.41,380314.42,10482.08
RET-0227,VS18,0.0192,PO-2023-4529,4.09,101194.37,413884.97,7941.06
RET-0227,VS19,0.1468,PO-2023-3306,4.09,51362.2,210071.4,30836.49
RET-0227,VS20,0.0107,PO-2023-4084,2.28,114547.05,261167.27,2795.86
RET-0227,VS21,0.0107,PO-2021-0572,1.23,65514.59,80582.95,861.64
RET-0227,VS22,0.0064,PO-2022-2910,4.09,59661.43,244015.25,1550.5
RET-0227,VS23,0.0105,PO-2023-3217,4.09,51872.85,212159.96,2234.81
RET-0227,VS24,0.0107,PO-2022-2466,2.99,50271.0,150310.29,1600.99
RET-0227,VS25,0.0193,PO-2022-2427,4.09,61756.7,252584.9,4875.01
RET-0227,VS26,0.0107,PO-2021-1199,4.09,110756.65,452994.7,4867.63
RET-0227,VS27,0.0105,PO-2022-2558,4.09,92365.35,377774.28,3979.47
RET-0227,VS28,0.0235,PO-2023-3432,4.09,82952.07,339273.97,7989.64
RET-0227,VS29,0.0149,PO-2021-0208,4.09,95727.22,391524.33,5853.28
RET-0227,VS30,0.0064,PO-2021-0335,4.09,117583.96,480918.4,3092.77
RET-0227,VS31,0.0234,PO-2022-2601,4.09,72084.61,294826.05,6909.59
RET-0227,VS32,0.0279,PO-2022-2415,4.09,71362.27,291871.68,8137.09
RET-0227,VS33,0.0149,PO-2022-3032,4.09,86778.44,354923.82,5279.77
RET-0227,VS34,0.0192,PO-2021-0947,4.09,51330.11,209940.15,4037.81
RET-0124,VS01,0.0291,PO-2022-3022,1.57,89681.73,140800.32,4094.43
RET-0124,VS02,0.0132,PO-2021-0456,1.57,65398.54,102675.71,1359.85
RET-0124,VS03,0.1048,PO-2022-2402,1.57,113857.5,178756.28,18736.95
RET-0124,VS04,0.0182,PO-2023-3927,1.57,54233.12,85146.0,1553.08
RET-0124,VS05,0.0237,PO-2022-2337,1.57,90586.32,142220.52,3367.12
RET-0124,VS06,0.0239,PO-2021-1169,1.57,77469.72,121627.46,2905.58
RET-0124,VS07,0.008,PO-2023-4451,1.57,56030.8,87968.36,701.46
RET-0124,VS08,0.0241,PO-2023-3409,1.57,90846.14,142628.44,3430.25
RET-0124,VS09,0.0185,PO-2023-4381,1.57,80746.59,126772.15,2341.28
RET-0124,VS10,0.029,PO-2023-3311,1.57,105199.83,165163.73,4796.83
RET-0124,VS11,0.034,PO-2022-2091,1.57,118586.58,186180.93,6331.42
RET-0124,VS12,0.1457,PO-2021-0843,1.57,58150.78,91296.72,13301.13
RET-0124,VS13,0.0234,PO-2022-3040,1.57,109976.59,172663.25,4044.31
RET-0124,VS14,0.0237,PO-2021-0204,1.57,81470.32,127908.4,3025.46
RET-0124,VS15,0.0079,PO-2022-2406,1.57,69411.55,108976.13,861.69
RET-0124,VS16,0.0341,PO-2023-3589,1.57,105877.13,166227.09,5672.11
RET-0124,VS17,0.034,PO-2023-3819,1.57,96035.01,150774.97,5124.95
RET-0124,VS18,0.0237,PO-2022-2695,1.57,55069.04,86458.39,2045.79
RET-0124,VS19,0.1099,PO-2021-0791,1.57,71917.88,112911.07,12409.11
RET-0124,VS20,0.0132,PO-2021-1580,1.57,63285.66,99358.49,1311.77
RET-0124,VS21,0.0132,PO-2023-4211,1.57,116836.62,183433.49,2418.9
RET-0124,VS22,0.0078,PO-2023-3381,1.57,65462.15,102775.58,805.38
RET-0124,VS23,0.013,PO-2022-1784,1.57,109399.79,171757.67,2231.25
RET-0124,VS24,0.0131,PO-2021-0667,1.57,57647.96,90507.3,1188.89
RET-0124,VS25,0.0238,PO-2023-4636,1.57,83912.19,131742.14,3135.8
RET-0124,VS26,0.0133,PO-2022-2195,1.57,92960.63,145948.19,1934.1
RET-0124,VS27,0.013,PO-2023-3793,1.57,102709.83,161254.43,2094.88
RET-0124,VS28,0.029,PO-2023-4382,1.57,107695.94,169082.63,4910.56
RET-0124,VS29,0.0184,PO-2021-1045,1.57,99873.04,156800.67,2890.97
RET-0124,VS30,0.0079,PO-2022-1897,1.57,71068.39,111577.37,884.93
RET-0124,VS31,0.0289,PO-2022-2452,1.57,81725.67,128309.3,3708.52
RET-0124,VS32,0.0344,PO-2022-2288,1.57,102254.45,160539.49,5519.68
RET-0124,VS33,0.0183,PO-2022-2067,1.57,73348.41,115157.0,2112.64
RET-0124,VS34,0.0237,PO-2023-4752,1.57,52340.01,82173.82,1949.12
RET-0351,VS01,0.0299,PO-2023-3500,3.1,49971.36,154911.22,4635.9
RET-0351,VS02,0.0136,PO-2022-2644,3.1,106673.55,330688.0,4507.16
RET-0351,VS03,0.0994,PO-2023-4707,0.0,62710.54,0.0,0.0
RET-0351,VS04,0.0188,PO-2023-3788,3.1,87077.58,269940.5,5067.11
RET-0351,VS05,0.0244,PO-2021-1497,3.1,97260.22,301506.68,7346.06
RET-0351,VS06,0.0246,PO-2022-1754,3.1,99978.99,309934.87,7619.63
RET-0351,VS07,0.0082,PO-2022-1916,3.1,88215.09,273466.78,2244.09
RET-0351,VS08,0.0248,PO-2022-2367,3.1,49238.56,152639.54,3777.88
RET-0351,VS09,0.019,PO-2021-0212,3.1,81044.3,251237.33,4775.03
RET-0351,VS10,0.0299,PO-2023-4295,3.1,102269.83,317036.47,9475.69
RET-0351,VS11,0.035,PO-2022-3072,3.1,63027.79,195386.15,6837.88
RET-0351,VS12,0.1382,PO-2023-4704,3.1,87697.39,271861.91,37561.81
RET-0351,VS13,0.0241,PO-2022-1794,3.1,95913.68,297332.41,7167.19
RET-0351,VS14,0.0243,PO-2023-4441,3.1,107083.85,331959.94,8080.53
RET-0351,VS15,0.0081,PO-2022-1879,3.1,60513.23,187591.01,1526.5
RET-0351,VS16,0.0351,PO-2023-3735,3.1,87729.87,271962.6,9550.23
RET-0351,VS17,0.035,PO-2021-1495,3.1,112774.5,349600.95,12229.1
RET-0351,VS18,0.0244,PO-2022-3019,3.1,95251.95,295281.04,7190.38
RET-0351,VS19,0.1042,PO-2021-0882,3.1,70806.26,219499.41,22877.18
RET-0351,VS20,0.0136,PO-2022-2529,3.1,56097.9,173903.49,2362.77
RET-0351,VS21,0.0136,PO-2023-4417,3.1,114156.44,353884.96,4802.46
RET-0351,VS22,0.0081,PO-2022-1943,3.1,100294.91,310914.22,2507.33
RET-0351,VS23,0.0134,PO-2022-3106,3.1,111794.76,346563.76,4633.16
RET-0351,VS24,0.0135,PO-2022-3004,3.1,58112.13,180147.6,2435.27
RET-0351,VS25,0.0245,PO-2022-2031,3.1,94552.39,293112.41,7179.92
RET-0351,VS26,0.0136,PO-2021-0818,3.1,82636.73,256173.86,3493.62
RET-0351,VS27,0.0134,PO-2021-1128,3.1,93453.2,289704.92,3873.16
RET-0351,VS28,0.0299,PO-2022-3062,3.1,55568.5,172262.35,5148.54
RET-0351,VS29,0.019,PO-2021-1040,3.1,60386.65,187198.62,3551.89
RET-0351,VS30,0.0082,PO-2022-1628,3.1,118386.28,366997.47,2995.41
RET-0351,VS31,0.0297,PO-2022-2418,3.1,51222.35,158789.28,4723.08
RET-0351,VS32,0.0354,PO-2022-2254,3.1,91990.28,285169.87,10090.15
RET-0351,VS33,0.0189,PO-2021-0693,3.1,96419.34,298899.95,5643.16
RET-0351,VS34,0.0244,PO-2021-0356,3.1,65049.36,201653.02,4922.35
RET-0297,VS01,0.0254,PO-2023-3417,4.7,94380.9,443590.23,11282.54
RET-0297,VS02,0.0116,PO-2023-4551,4.7,67915.78,319204.17,3697.66
RET-0297,VS03,0.1281,PO-2022-2152,4.7,71957.53,338200.39,43335.17
RET-0297,VS04,0.016,PO-2023-4362,3.4,64688.41,219940.59,3508.9
RET-0297,VS05,0.0207,PO-2022-2099,4.7,99213.69,466304.34,9656.08
RET-0297,VS06,0.0209,PO-2023-3456,4.7,118938.0,559008.6,11680.34
RET-0297,VS07,0.007,PO-2023-4638,4.7,102165.35,480177.14,3348.97
RET-0297,VS08,0.021,PO-2023-3462,4.7,50986.52,239636.64,5040.9
RET-0297,VS09,0.0162,PO-2023-4192,4.7,56106.24,263699.33,4259.65
RET-0297,VS10,0.0254,PO-2022-2161,4.7,59900.78,281533.67,7151.64
RET-0297,VS11,0.0297,PO-2021-1039,4.7,119532.98,561805.01,16710.41
RET-0297,VS12,0.1781,PO-2022-2784,4.7,72375.47,340164.71,60583.06
RET-0297,VS13,0.0205,PO-2023-3699,4.7,57165.09,268675.92,5504.39
RET-0297,VS14,0.0207,PO-2023-3722,4.7,89168.38,419091.39,8670.35
RET-0297,VS15,0.0069,PO-2023-4619,1.17,58536.05,68487.18,473.66
RET-0297,VS16,0.0298,PO-2021-1276,4.7,101429.25,476717.48,14227.86
RET-0297,VS17,0.0297,PO-2021-0736,4.7,116889.51,549380.7,16333.11
RET-0297,VS18,0.0207,PO-2023-3801,4.7,83447.23,392201.98,8117.07
RET-0297,VS19,0.1343,PO-2021-0903,4.7,71087.45,334111.02,44887.32
RET-0297,VS20,0.0115,PO-2021-0807,4.7,68617.85,322503.9,3724.11
RET-0297,VS21,0.0115,PO-2023-3540,4.7,65176.16,306327.95,3533.15
RET-0297,VS22,0.0069,PO-2021-0563,4.7,92873.52,436505.54,2991.82
RET-0297,VS23,0.0114,PO-2022-2956,4.7,75497.32,354837.4,4031.79
RET-0297,VS24,0.0115,PO-2023-4470,4.7,102821.12,483259.26,5552.29
RET-0297,VS25,0.0208,PO-2021-1004,4.58,88881.92,407079.19,8474.97
RET-0297,VS26,0.0116,PO-2023-3267,4.7,63184.35,296966.44,3442.09
RET-0297,VS27,0.0114,PO-2022-1742,4.7,55622.48,261425.66,2970.51
RET-0297,VS28,0.0254,PO-2021-0042,4.7,116847.45,549183.02,13950.33
RET-0297,VS29,0.0161,PO-2023-4055,4.7,74512.71,350209.74,5647.54
RET-0297,VS30,0.0069,PO-2023-4734,4.7,91092.12,428132.96,2969.92
RET-0297,VS31,0.0253,PO-2022-2751,1.05,95078.73,99832.67,2523.77
RET-0297,VS32,0.0301,PO-2021-0985,4.07,60198.09,245006.23,7367.92
RET-0297,VS33,0.016,PO-2021-1071,4.7,104633.01,491775.15,7891.09
RET-0297,VS34,0.0207,PO-2021-0820,4.7,64969.28,305355.62,6335.01
RET-0266,VS01,0.0234,PO-2021-1443,4.83,75135.63,362905.09,8482.86
RET-0266,VS02,0.0106,PO-2021-0284,4.83,56357.34,272205.95,2897.88
RET-0266,VS03,0.1413,PO-2023-4416,4.83,118144.91,570639.92,80637.02
RET-0266,VS04,0.0147,PO-2021-1313,3.625,90805.4,329205.62,4826.78
RET-0266,VS05,0.019,PO-2023-4489,4.83,52257.17,252402.13,4803.4
RET-0266,VS06,0.0192,PO-2023-3305,4.83,116820.89,564244.9,10835.01
RET-0266,VS07,0.0064,PO-2023-4530,4.83,103229.99,498600.85,3195.86
RET-0266,VS08,0.0193,PO-2021-0530,4.83,118827.6,573937.31,11095.43
RET-0266,VS09,0.0148,PO-2023-3582,4.83,58745.47,283740.62,4212.22
RET-0266,VS10,0.0233,PO-2023-3577,4.83,61407.23,296596.92,6924.15
RET-0266,VS11,0.0273,PO-2021-1559,4.83,73811.28,356508.48,9745.32
RET-0266,VS12,0.1964,PO-2023-3259,4.83,55372.98,267451.49,52530.66
RET-0266,VS13,0.0188,PO-2021-1552,4.83,50615.97,244475.14,4602.98
RET-0266,VS14,0.019,PO-2023-4776,4.83,99170.78,478994.87,9107.17
RET-0266,VS15,0.0064,PO-2023-3202,4.83,54904.27,265187.62,1685.52
RET-0266,VS16,0.0274,PO-2021-0110,4.83,73768.95,356304.03,9772.91
RET-0266,VS17,0.0273,PO-2021-1425,4.83,56052.55,270733.82,7397.12
RET-0266,VS18,0.019,PO-2022-2357,4.83,97972.25,473205.97,9000.46
RET-0266,VS19,0.1482,PO-2023-4126,4.83,120819.83,583559.78,86461.77
RET-0266,VS20,0.0106,PO-2021-1472,4.83,88286.81,426425.29,4525.38
RET-0266,VS21,0.0106,PO-2023-3223,4.83,54826.81,264813.49,2806.98
RET-0266,VS22,0.0063,PO-2022-2267,2.22,78039.79,173248.33,1091.29
RET-0266,VS23,0.0104,PO-2022-2265,4.83,93310.14,450687.98,4706.18
RET-0266,VS24,0.0106,PO-2021-1249,4.83,98373.03,475141.73,5016.95
RET-0266,VS25,0.0191,PO-2022-3043,4.83,69855.56,337402.35,6455.53
RET-0266,VS26,0.0107,PO-2021-1239,4.83,111568.48,538875.76,5740.22
RET-0266,VS27,0.0104,PO-2021-0438,4.83,51501.6,248752.73,2597.62
RET-0266,VS28,0.0233,PO-2023-4267,4.83,110761.83,534979.64,12489.04
RET-0266,VS29,0.0148,PO-2022-1840,1.83,45665.3,83567.5,1238.49
RET-0266,VS30,0.0064,PO-2021-1018,4.83,110564.93,534028.61,3404.52
RET-0266,VS31,0.0232,PO-2021-1203,4.83,110158.54,532065.75,12361.39
RET-0266,VS32,0.0276,PO-2023-4067,4.83,100195.8,483945.71,13374.85
RET-0266,VS33,0.0147,PO-2022-2422,4.251,58592.5,249067.54,3672.93
RET-0266,VS34,0.0191,PO-2023-4390,4.83,111674.52,539387.93,10284.12
RET-0127,VS01,0.0188,PO-2023-4103,0.24,58851.46,14124.35,265.43
RET-0127,VS02,0.0086,PO-2021-0480,0.24,86696.53,20807.17,178.09
RET-0127,VS03,0.1706,PO-2023-3407,0.24,98690.68,23685.76,4041.28
RET-0127,VS04,0.0118,PO-2023-3984,0.24,70318.39,16876.41,198.93
RET-0127,VS05,0.0153,PO-2023-4471,0.24,99274.86,23825.97,364.54
RET-0127,VS06,0.0154,PO-2021-0533,0.24,86404.06,20736.97,320.14
RET-0127,VS07,0.0052,PO-2022-2020,0.24,99404.93,23857.18,122.94
RET-0127,VS08,0.0155,PO-2021-0439,0.24,77204.16,18529.0,287.99
RET-0127,VS09,0.0119,PO-2021-1334,0.24,111375.86,26730.21,319.03
RET-0127,VS10,0.0188,PO-2022-2331,0.24,46835.99,11240.64,210.97
RET-0127,VS11,0.022,PO-2021-0708,0.24,45396.8,10895.23,239.44
RET-0127,VS12,0.2372,PO-2021-1057,0.24,85065.68,20415.76,4841.64
RET-0127,VS13,0.0151,PO-2022-1953,0.24,114989.43,27597.46,417.75
RET-0127,VS14,0.0153,PO-2022-2404,0.24,76423.21,18341.57,280.37
RET-0127,VS15,0.0051,PO-2021-0049,0.24,97981.44,23515.55,120.16
RET-0127,VS16,0.0221,PO-2021-0129,0.24,88110.89,21146.61,466.32
RET-0127,VS17,0.022,PO-2022-2592,0.24,66050.11,15852.03,348.21
RET-0127,VS18,0.0153,PO-2021-0489,0.24,59959.34,14390.24,220.05
RET-0127,VS19,0.1789,PO-2021-1210,0.24,47414.19,11379.41,2035.72
RET-0127,VS20,0.0085,PO-2021-0919,0.24,53155.85,12757.4,108.85
RET-0127,VS21,0.0085,PO-2021-0450,0.24,102241.81,24538.03,209.11
RET-0127,VS22,0.0051,PO-2022-2810,0.24,88158.28,21157.99,107.15
RET-0127,VS23,0.0084,PO-2023-4082,0.24,92527.93,22206.7,186.43
RET-0127,VS24,0.0085,PO-2022-2445,0.24,107727.93,25854.7,219.48
RET-0127,VS25,0.0154,PO-2023-4122,0.24,69938.67,16785.28,258.2
RET-0127,VS26,0.0086,PO-2023-3378,0.24,116500.58,27960.14,239.45
RET-0127,VS27,0.0084,PO-2023-3477,0.24,70733.66,16976.08,142.52
RET-0127,VS28,0.0188,PO-2021-0386,0.24,119302.55,28632.61,537.39
RET-0127,VS29,0.0119,PO-2023-4378,0.24,74638.01,17913.12,213.43
RET-0127,VS30,0.0051,PO-2021-0718,0.24,64583.06,15499.93,79.44
RET-0127,VS31,0.0187,PO-2022-2053,0.24,76281.72,18307.61,341.96
RET-0127,VS32,0.0222,PO-2023-4731,0.24,97045.02,23290.8,517.51
RET-0127,VS33,0.0119,PO-2023-3365,0.24,111207.3,26689.75,316.43
RET-0127,VS34,0.0153,PO-2023-3835,0.24,117093.45,28102.43,430.77
RET-0204,VS01,0.0299,PO-2021-0866,1.59,82322.07,130892.09,3917.1
RET-0204,VS02,0.0136,PO-2022-2644,3.69,106673.55,393625.4,5364.98
RET-0204,VS03,0.0994,PO-2023-4707,0.0,62710.54,0.0,0.0
RET-0204,VS04,0.0188,PO-2023-3788,3.69,87077.58,321316.27,6031.5
RET-0204,VS05,0.0244,PO-2021-1497,3.69,97260.22,358890.21,8744.18
RET-0204,VS06,0.0246,PO-2022-1754,3.69,99978.99,368922.47,9069.82
RET-0204,VS07,0.0082,PO-2022-1916,3.69,88215.09,325513.68,2671.2
RET-0204,VS08,0.0248,PO-2022-2367,3.69,49238.56,181690.29,4496.9
RET-0204,VS09,0.019,PO-2021-0212,3.491,81044.3,282932.24,5377.42
RET-0204,VS10,0.0299,PO-2021-0532,3.69,99532.73,367275.77,10977.26
RET-0204,VS11,0.035,PO-2022-3072,3.69,63027.79,232572.55,8139.28
RET-0204,VS12,0.1382,PO-2021-0487,3.69,115707.06,426959.05,58990.81
RET-0204,VS13,0.0241,PO-2022-1794,3.69,95913.68,353921.48,8531.26
RET-0204,VS14,0.0243,PO-2021-0089,3.69,56779.28,209515.54,5100.0
RET-0204,VS15,0.0081,PO-2022-1879,3.69,60513.23,223293.82,1817.02
RET-0204,VS16,0.0351,PO-2023-3735,3.69,87729.87,323723.22,11367.86
RET-0204,VS17,0.035,PO-2021-1495,3.69,112774.5,416137.9,14556.57
RET-0204,VS18,0.0244,PO-2022-3019,3.69,95251.95,351479.7,8558.87
RET-0204,VS19,0.1042,PO-2021-0882,3.69,70806.26,261275.1,27231.22
RET-0204,VS20,0.0136,PO-2022-2529,3.69,56097.9,207001.25,2812.46
RET-0204,VS21,0.0136,PO-2023-4417,3.69,114156.44,421237.26,5716.47
RET-0204,VS22,0.0081,PO-2022-1943,3.69,100294.91,370088.22,2984.54
RET-0204,VS23,0.0134,PO-2022-3106,3.69,111794.76,412522.66,5514.96
RET-0204,VS24,0.0135,PO-2022-3004,3.69,58112.13,214433.76,2898.75
RET-0204,VS25,0.0245,PO-2022-2031,3.69,94552.39,348898.32,8546.42
RET-0204,VS26,0.0136,PO-2021-0818,3.69,82636.73,304929.53,4158.54
RET-0204,VS27,0.0134,PO-2021-1128,3.69,93453.2,344842.31,4610.31
RET-0204,VS28,0.0299,PO-2022-3062,3.69,55568.5,205047.76,6128.42
RET-0204,VS29,0.019,PO-2021-1040,3.69,60386.65,222826.74,4227.9
RET-0204,VS30,0.0082,PO-2022-1628,3.69,118386.28,436845.37,3565.5
RET-0204,VS31,0.0297,PO-2022-2418,3.69,51222.35,189010.47,5621.98
RET-0204,VS32,0.0354,PO-2021-0426,3.69,66269.48,244534.38,8652.35
RET-0204,VS33,0.0189,PO-2021-0693,3.69,96419.34,355787.36,6717.18
RET-0204,VS34,0.0244,PO-2022-2725,3.69,117234.68,432595.97,10559.67
RET-0340,VS01,0.0105,PO-2023-3545,0.83,86140.78,71496.85,748.03
RET-0340,VS02,0.0048,PO-2023-4259,0.83,100984.32,83816.99,399.39
RET-0340,VS03,0.2239,PO-2023-4639,0.83,121720.35,101027.89,22620.7
RET-0340,VS04,0.0066,PO-2023-3363,0.83,85048.64,70590.37,463.26
RET-0340,VS05,0.0085,PO-2021-0319,0.83,97528.87,80948.96,689.53
RET-0340,VS06,0.0086,PO-2023-4454,0.83,81687.88,67800.94,582.75
RET-0340,VS07,0.0029,PO-2022-2385,0.83,93432.91,77549.32,222.48
RET-0340,VS08,0.0087,PO-2022-2882,0.83,99224.95,82356.71,712.63
RET-0340,VS09,0.0066,PO-2021-0531,0.83,119121.0,98870.43,656.96
RET-0340,VS10,0.0104,PO-2022-2548,0.83,89076.23,73933.27,772.55
RET-0340,VS11,0.0122,PO-2021-1392,0.83,53076.29,44053.32,539.0
RET-0340,VS12,0.3112,PO-2022-2868,0.83,67494.3,56020.27,17434.34
RET-0340,VS13,0.0084,PO-2022-1697,0.83,82398.82,68391.02,576.35
RET-0340,VS14,0.0085,PO-2023-4603,0.83,49364.16,40972.25,348.68
RET-0340,VS15,0.0028,PO-2021-1563,0.83,66888.25,55517.25,157.94
RET-0340,VS16,0.0123,PO-2022-2659,0.83,90517.6,75129.61,922.36
RET-0340,VS17,0.0122,PO-2023-3309,0.83,92986.41,77178.72,943.85
RET-0340,VS18,0.0085,PO-2023-4529,0.83,101194.37,83991.33,715.05
RET-0340,VS19,0.2348,PO-2023-3306,0.83,51362.2,42630.63,10008.13
RET-0340,VS20,0.0048,PO-2023-4084,0.83,114547.05,95074.05,451.61
RET-0340,VS21,0.0047,PO-2023-3292,0.83,85242.11,70750.95,335.67
RET-0340,VS22,0.0028,PO-2023-4174,0.83,94759.46,78650.35,221.75
RET-0340,VS23,0.0047,PO-2023-3217,0.83,51872.85,43054.47,201.23
RET-0340,VS24,0.0047,PO-2023-4296,0.83,117684.25,97677.93,461.63
RET-0340,VS25,0.0086,PO-2022-2125,0.83,74938.37,62198.85,532.66
RET-0340,VS26,0.0048,PO-2022-1609,0.83,58777.03,48784.93,232.6
RET-0340,VS27,0.0047,PO-2022-2558,0.83,92365.35,76663.24,358.33
RET-0340,VS28,0.0104,PO-2022-3112,0.83,97404.73,80845.93,844.76
RET-0340,VS29,0.0066,PO-2021-0208,0.83,95727.22,79453.59,527.05
RET-0340,VS30,0.0029,PO-2021-0335,0.83,117583.96,97594.69,278.49
RET-0340,VS31,0.0104,PO-2022-2601,0.83,72084.61,59830.23,622.17
RET-0340,VS32,0.0124,PO-2022-2415,0.83,71362.27,59230.68,732.7
RET-0340,VS33,0.0066,PO-2022-3032,0.83,86778.44,72026.11,475.41
RET-0340,VS34,0.0085,PO-2021-0947,0.83,51330.11,42603.99,363.58
RET-0263,VS01,0.0157,PO-2023-4358,1.45,49264.83,71434.0,1122.26
RET-0263,VS02,0.0072,PO-2023-4500,1.45,78476.25,113790.56,814.2
RET-0263,VS03,0.1903,PO-2023-4154,1.45,117679.36,170635.07,32478.0
RET-0263,VS04,0.0099,PO-2022-1644,1.45,77140.07,111853.1,1102.25
RET-0263,VS05,0.0128,PO-2023-4367,1.45,71163.86,103187.6,1319.85
RET-0263,VS06,0.0129,PO-2021-1512,1.45,115865.02,168004.28,2168.32
RET-0263,VS07,0.0043,PO-2022-1657,1.45,91219.53,132268.32,569.81
RET-0263,VS08,0.013,PO-2021-0861,1.45,78704.88,114122.08,1482.83
RET-0263,VS09,0.01,PO-2022-2680,1.45,105149.53,152466.82,1521.27
RET-0263,VS10,0.0157,PO-2021-0205,1.45,104109.01,150958.06,2368.63
RET-0263,VS11,0.0184,PO-2022-2762,1.45,64765.94,93910.61,1725.37
RET-0263,VS12,0.2646,PO-2021-1299,1.45,104985.93,152229.6,40273.15
RET-0263,VS13,0.0127,PO-2023-3895,1.45,49764.26,72158.18,913.13
RET-0263,VS14,0.0128,PO-2022-2597,1.45,65738.62,95321.0,1218.1
RET-0263,VS15,0.0043,PO-2021-1010,1.45,84132.66,121992.36,521.14
RET-0263,VS16,0.0184,PO-2023-4102,1.45,64745.85,93881.48,1730.71
RET-0263,VS17,0.0184,PO-2021-0671,1.45,111907.89,162266.44,2979.81
RET-0263,VS18,0.0128,PO-2022-1824,1.45,55284.86,80163.05,1024.78
RET-0263,VS19,0.1996,PO-2021-1219,1.45,56869.53,82460.82,16456.41
RET-0263,VS20,0.0071,PO-2023-4602,1.45,101578.58,147288.94,1050.56
RET-0263,VS21,0.0071,PO-2022-2994,1.45,52774.22,76522.62,545.17
RET-0263,VS22,0.0042,PO-2021-0566,1.45,61749.59,89536.91,379.06
RET-0263,VS23,0.007,PO-2021-1121,1.45,67638.53,98075.87,688.33
RET-0263,VS24,0.0071,PO-2023-3633,1.45,98977.14,143516.85,1018.5
RET-0263,VS25,0.0129,PO-2023-4175,1.45,63995.32,92793.21,1193.27
RET-0263,VS26,0.0072,PO-2022-2199,1.45,51790.67,75096.47,537.65
RET-0263,VS27,0.007,PO-2022-3084,1.45,104477.37,151492.19,1063.26
RET-0263,VS28,0.0157,PO-2022-3077,1.45,48271.47,69993.63,1098.22
RET-0263,VS29,0.01,PO-2023-4183,1.45,74228.72,107631.64,1072.1
RET-0263,VS30,0.0043,PO-2021-0860,1.45,96878.81,140474.27,601.91
RET-0263,VS31,0.0156,PO-2022-2046,1.45,46703.96,67720.74,1057.46
RET-0263,VS32,0.0186,PO-2021-0316,1.45,78411.2,113696.24,2111.93
RET-0263,VS33,0.0099,PO-2022-1871,1.45,45583.78,66096.48,655.11
RET-0263,VS34,0.0128,PO-2022-2684,1.45,63167.04,91592.21,1173.72
RET-0067,VS01,0.0173,PO-2022-1891,1.73,86830.29,150216.4,2603.37
RET-0067,VS02,0.0079,PO-2023-4653,1.73,113828.85,196923.91,1554.36
RET-0067,VS03,0.18,PO-2021-0849,1.73,47971.11,82990.02,14935.83
RET-0067,VS04,0.0109,PO-2023-4648,1.73,86177.22,149086.59,1620.69
RET-0067,VS05,0.0141,PO-2023-3942,1.73,62096.49,107426.93,1515.79
RET-0067,VS06,0.0142,PO-2022-3160,1.73,105971.6,183330.87,2610.16
RET-0067,VS07,0.0048,PO-2023-4432,1.73,63558.81,109956.74,522.55
RET-0067,VS08,0.0143,PO-2022-3164,1.73,82581.54,142866.06,2047.76
RET-0067,VS09,0.011,PO-2023-4440,1.73,95752.41,165651.67,1823.29
RET-0067,VS10,0.0173,PO-2023-3964,1.73,77738.9,134488.3,2327.85
RET-0067,VS11,0.0203,PO-2023-4311,1.73,110233.88,190704.61,3865.07
RET-0067,VS12,0.2501,PO-2023-3507,1.73,88418.41,152963.85,38263.77
RET-0067,VS13,0.014,PO-2022-2521,1.73,76319.18,132032.18,1843.12
RET-0067,VS14,0.0141,PO-2023-3929,1.73,111388.1,192701.41,2716.48
RET-0067,VS15,0.0047,PO-2021-0692,1.73,104596.21,180951.44,852.73
RET-0067,VS16,0.0203,PO-2022-1861,1.73,94942.7,164250.87,3340.26
RET-0067,VS17,0.0203,PO-2021-0653,1.73,92266.29,159620.68,3233.55
RET-0067,VS18,0.0141,PO-2023-3747,1.73,106962.18,185044.57,2609.52
RET-0067,VS19,0.1887,PO-2023-3275,1.73,83664.18,144739.03,27312.13
RET-0067,VS20,0.0079,PO-2021-0451,1.73,108485.11,187679.24,1476.72
RET-0067,VS21,0.0079,PO-2022-2931,1.73,100272.6,173471.6,1363.32
RET-0067,VS22,0.0047,PO-2021-1543,1.73,83239.78,144004.82,672.54
RET-0067,VS23,0.0077,PO-2023-3376,1.73,84993.08,147038.03,1138.39
RET-0067,VS24,0.0078,PO-2021-0032,1.73,94817.83,164034.85,1284.17
RET-0067,VS25,0.0142,PO-2022-1760,1.73,84492.85,146172.63,2073.57
RET-0067,VS26,0.0079,PO-2022-2760,1.73,89723.4,155221.48,1225.92
RET-0067,VS27,0.0077,PO-2023-4350,1.73,103401.01,178883.75,1385.0
RET-0067,VS28,0.0173,PO-2022-3049,1.73,67065.08,116022.59,2008.19
RET-0067,VS29,0.011,PO-2022-2653,1.73,107751.75,186410.53,2048.31
RET-0067,VS30,0.0047,PO-2023-4481,1.73,62724.55,108513.47,512.91
RET-0067,VS31,0.0172,PO-2023-4151,1.73,94259.36,163068.69,2808.94
RET-0067,VS32,0.0205,PO-2021-1378,1.73,86461.79,149578.9,3065.01
RET-0067,VS33,0.0109,PO-2023-4104,1.73,118260.51,204590.68,2236.92
RET-0067,VS34,0.0141,PO-2023-3989,1.73,119858.37,207354.98,2931.23
RET-0130,VS01,0.0093,PO-2023-4358,0.37,49264.83,18227.99,169.02
RET-0130,VS02,0.0042,PO-2023-4500,0.37,78476.25,29036.21,122.62
RET-0130,VS03,0.2315,PO-2023-4154,0.37,117679.36,43541.36,10080.54
RET-0130,VS04,0.0058,PO-2022-1644,0.37,77140.07,28541.83,166.01
RET-0130,VS05,0.0075,PO-2023-4367,0.37,71163.86,26330.63,198.78
RET-0130,VS06,0.0076,PO-2021-1512,0.37,115865.02,42870.06,326.57
RET-0130,VS07,0.0025,PO-2022-1657,0.37,91219.53,33751.23,85.82
RET-0130,VS08,0.0077,PO-2021-0861,0.37,78704.88,29120.81,223.33
RET-0130,VS09,0.0059,PO-2022-2680,0.37,105149.53,38905.33,229.12
RET-0130,VS10,0.0093,PO-2021-0205,0.37,104109.01,38520.33,356.73
RET-0130,VS11,0.0108,PO-2022-2762,0.37,64765.94,23963.4,259.85
RET-0130,VS12,0.3218,PO-2023-3221,0.37,85253.62,31543.84,10150.6
RET-0130,VS13,0.0075,PO-2023-3895,0.37,49764.26,18412.78,137.52
RET-0130,VS14,0.0075,PO-2022-2597,0.37,65738.62,24323.29,183.46
RET-0130,VS15,0.0025,PO-2021-1010,0.37,84132.66,31129.08,78.49
RET-0130,VS16,0.0109,PO-2023-4102,0.37,64745.85,23955.96,260.66
RET-0130,VS17,0.0108,PO-2021-0752,0.37,74778.42,27668.02,299.88
RET-0130,VS18,0.0075,PO-2022-1824,0.37,55284.86,20455.4,154.34
RET-0130,VS19,0.2427,PO-2021-1219,0.37,56869.53,21041.73,5107.75
RET-0130,VS20,0.0042,PO-2021-0358,0.37,109366.44,40465.58,170.35
RET-0130,VS21,0.0042,PO-2022-2994,0.37,52774.22,19526.46,82.11
RET-0130,VS22,0.0025,PO-2023-4438,0.37,82055.39,30360.49,75.86
RET-0130,VS23,0.0041,PO-2021-1121,0.37,67638.53,25026.26,103.67
RET-0130,VS24,0.0042,PO-2023-3633,0.37,98977.14,36621.54,153.39
RET-0130,VS25,0.0076,PO-2021-0216,0.37,47114.07,17432.21,132.31
RET-0130,VS26,0.0042,PO-2022-2199,0.37,51790.67,19162.55,80.97
RET-0130,VS27,0.0041,PO-2022-3084,0.37,104477.37,38656.63,160.14
RET-0130,VS28,0.0093,PO-2022-3077,0.37,48271.47,17860.44,165.4
RET-0130,VS29,0.0059,PO-2023-4183,0.37,74228.72,27464.63,161.47
RET-0130,VS30,0.0025,PO-2023-3794,0.37,113581.51,42025.16,106.28
RET-0130,VS31,0.0092,PO-2022-2046,0.37,46703.96,17280.47,159.26
RET-0130,VS32,0.011,PO-2021-0316,0.37,78411.2,29012.14,318.07
RET-0130,VS33,0.0058,PO-2022-1871,0.37,45583.78,16866.0,98.66
RET-0130,VS34,0.0076,PO-2022-2684,0.37,63167.04,23371.8,176.77
RET-0289,VS01,0.0326,PO-2022-2271,1.17,49381.32,57776.14,1884.69
RET-0289,VS02,0.0149,PO-2023-4207,4.83,70826.47,342091.85,5082.4
RET-0289,VS03,0.0822,PO-2023-3681,4.83,72157.52,348520.82,28637.34
RET-0289,VS04,0.0205,PO-2023-3984,4.83,70318.39,339637.82,6949.44
RET-0289,VS05,0.0266,PO-2023-4471,4.83,99274.86,479497.57,12734.6
RET-0289,VS06,0.0268,PO-2023-3676,4.83,78423.62,378786.08,10150.76
RET-0289,VS07,0.0089,PO-2022-2020,4.83,99404.93,480125.81,4294.7
RET-0289,VS08,0.027,PO-2021-0439,4.83,77204.16,372896.09,10060.29
RET-0289,VS09,0.0207,PO-2021-1334,4.83,111375.86,537945.4,11144.77
RET-0289,VS10,0.0326,PO-2022-2331,4.83,46835.99,226217.83,7370.04
RET-0289,VS11,0.0381,PO-2022-2471,4.83,91222.25,440603.47,16808.03
RET-0289,VS12,0.1142,PO-2021-1057,4.83,85065.68,410867.23,46924.65
RET-0289,VS13,0.0263,PO-2022-1953,4.83,114989.43,555398.95,14593.28
RET-0289,VS14,0.0265,PO-2023-3440,4.83,90345.09,436366.78,11578.37
RET-0289,VS15,0.0089,PO-2021-0049,4.83,97981.44,473250.36,4197.74
RET-0289,VS16,0.0383,PO-2021-0129,4.83,88110.89,425575.6,16290.06
RET-0289,VS17,0.0381,PO-2022-2592,4.83,66050.11,319022.03,12164.21
RET-0289,VS18,0.0265,PO-2021-0489,4.83,59959.34,289603.61,7687.08
RET-0289,VS19,0.0862,PO-2021-1210,3.237,47414.19,153482.82,13223.01
RET-0289,VS20,0.0148,PO-2021-0919,4.388,53155.85,233245.34,3454.36
RET-0289,VS21,0.0148,PO-2021-0450,4.83,102241.81,493827.94,7304.97
RET-0289,VS22,0.0088,PO-2022-2810,4.83,88158.28,425804.49,3743.03
RET-0289,VS23,0.0146,PO-2023-4082,4.83,92527.93,446909.9,6512.62
RET-0289,VS24,0.0147,PO-2022-2445,4.83,107727.93,520325.9,7667.16
RET-0289,VS25,0.0267,PO-2023-4122,4.83,69938.67,337803.78,9019.68
RET-0289,VS26,0.0149,PO-2023-3378,4.83,116500.58,562697.8,8364.84
RET-0289,VS27,0.0146,PO-2023-3477,4.83,70733.66,341643.58,4978.8
RET-0289,VS28,0.0326,PO-2023-4760,4.83,114216.31,551664.78,17972.57
RET-0289,VS29,0.0207,PO-2023-4378,4.83,74638.01,360501.59,7456.0
RET-0289,VS30,0.0089,PO-2022-1715,4.83,52840.1,255217.68,2270.62
RET-0289,VS31,0.0324,PO-2022-1995,4.83,97966.81,473179.69,15341.62
RET-0289,VS32,0.0386,PO-2023-4731,4.83,97045.02,468727.45,18078.22
RET-0289,VS33,0.0206,PO-2023-3365,4.83,111207.3,537131.26,11053.97
RET-0289,VS34,0.0266,PO-2021-0087,4.83,78204.08,377725.71,10050.45
RET-0286,VS01,0.0347,PO-2021-0763,1.28,75880.19,97126.64,3371.16
RET-0286,VS02,0.0158,PO-2021-1469,1.28,76682.81,98154.0,1551.61
RET-0286,VS03,0.0688,PO-2021-0777,1.28,66558.39,85194.74,5862.26
RET-0286,VS04,0.0218,PO-2021-0663,1.28,86224.85,110367.81,2402.84
RET-0286,VS05,0.0283,PO-2022-3145,1.28,90649.24,116031.03,3278.85
RET-0286,VS06,0.0285,PO-2022-2669,1.28,90026.12,115233.43,3285.73
RET-0286,VS07,0.0095,PO-2021-1165,1.28,69964.69,89554.8,852.35
RET-0286,VS08,0.0287,PO-2023-4396,1.28,57611.11,73742.22,2116.84
RET-0286,VS09,0.022,PO-2021-1455,1.28,81896.91,104828.04,2310.78
RET-0286,VS10,0.0347,PO-2022-2165,1.28,90724.92,116127.9,4025.58
RET-0286,VS11,0.0406,PO-2023-3713,1.28,68655.38,87878.89,3567.0
RET-0286,VS12,0.0956,PO-2022-2843,1.28,55057.17,70473.18,6740.18
RET-0286,VS13,0.028,PO-2023-3482,1.28,55152.67,70595.42,1973.66
RET-0286,VS14,0.0282,PO-2021-0827,1.28,64399.35,82431.17,2327.21
RET-0286,VS15,0.0094,PO-2023-3940,1.28,93877.92,120163.74,1134.09
RET-0286,VS16,0.0407,PO-2022-1774,1.28,90957.0,116424.96,4741.78
RET-0286,VS17,0.0406,PO-2022-2639,1.28,115370.38,147674.09,5991.24
RET-0286,VS18,0.0282,PO-2022-2958,1.28,97251.59,124482.04,3515.71
RET-0286,VS19,0.0721,PO-2022-2268,1.28,89475.62,114528.79,8262.92
RET-0286,VS20,0.0158,PO-2022-1825,1.28,72929.25,93349.44,1471.01
RET-0286,VS21,0.0157,PO-2022-2118,1.28,94905.14,121478.58,1912.01
RET-0286,VS22,0.0094,PO-2022-2403,1.28,100859.54,129100.21,1207.5
RET-0286,VS23,0.0155,PO-2021-1506,1.28,111151.59,142274.04,2206.02
RET-0286,VS24,0.0157,PO-2021-0273,1.28,73976.16,94689.48,1484.6
RET-0286,VS25,0.0284,PO-2021-0863,1.28,102619.52,131352.99,3731.78
RET-0286,VS26,0.0158,PO-2021-0138,1.28,104301.15,133505.47,2111.69
RET-0286,VS27,0.0155,PO-2023-4147,1.28,69647.74,89149.11,1382.35
RET-0286,VS28,0.0347,PO-2021-0332,1.28,117921.77,150939.87,5232.24
RET-0286,VS29,0.022,PO-2023-3536,1.28,118254.05,151365.18,3330.99
RET-0286,VS30,0.0095,PO-2023-3550,1.28,88287.73,113008.29,1069.78
RET-0286,VS31,0.0345,PO-2023-3767,1.28,95397.12,122108.31,4212.49
RET-0286,VS32,0.041,PO-2022-2606,1.28,77229.23,98853.41,4056.73
RET-0286,VS33,0.0219,PO-2023-3756,1.28,119850.41,153408.52,3359.2
RET-0286,VS34,0.0283,PO-2022-2581,1.28,119333.52,152746.91,4324.45
RET-0134,VS01,0.033,PO-2022-2513,3.13,98332.88,307781.91,10150.34
RET-0134,VS02,0.015,PO-2023-4392,3.13,110789.14,346770.01,5208.5
RET-0134,VS03,0.0799,PO-2023-4148,3.13,55180.02,172713.46,13795.64
RET-0134,VS04,0.0207,PO-2021-1476,3.13,93757.34,293460.47,6070.55
RET-0134,VS05,0.0268,PO-2023-3967,3.13,66623.75,208532.34,5599.09
RET-0134,VS06,0.0271,PO-2022-3075,3.13,118104.34,369666.58,10015.21
RET-0134,VS07,0.009,PO-2022-1789,3.13,95949.17,300320.9,2715.87
RET-0134,VS08,0.0273,PO-2021-1534,3.13,54459.27,170457.52,4649.26
RET-0134,VS09,0.0209,PO-2023-3279,3.13,109783.08,343621.04,7197.1
RET-0134,VS10,0.0329,PO-2021-1138,3.13,117744.26,368539.53,12138.7
RET-0134,VS11,0.0386,PO-2023-4455,3.13,63463.92,198642.07,7661.0
RET-0134,VS12,0.111,PO-2021-1067,3.13,59836.6,187288.56,20793.26
RET-0134,VS13,0.0266,PO-2022-2352,3.13,49542.22,155067.15,4119.2
RET-0134,VS14,0.0268,PO-2022-1903,3.13,90997.8,284823.11,7640.4
RET-0134,VS15,0.009,PO-2021-1540,3.13,47877.48,149856.51,1343.83
RET-0134,VS16,0.0387,PO-2022-1790,3.13,58049.85,181696.03,7031.31
RET-0134,VS17,0.0385,PO-2022-2773,3.13,85063.64,266249.19,10263.52
RET-0134,VS18,0.0268,PO-2022-1884,3.13,105273.08,329504.74,8842.28
RET-0134,VS19,0.0837,PO-2022-2570,3.13,118999.07,372467.09,31193.93
RET-0134,VS20,0.015,PO-2021-1544,3.13,66041.7,206710.52,3095.01
RET-0134,VS21,0.015,PO-2021-0078,3.13,116315.82,364068.52,5444.66
RET-0134,VS22,0.0089,PO-2022-1767,3.13,87408.26,273587.85,2431.39
RET-0134,VS23,0.0147,PO-2022-2230,3.13,113446.1,355086.29,5231.36
RET-0134,VS24,0.0149,PO-2022-2137,3.13,47248.51,147887.84,2203.11
RET-0134,VS25,0.027,PO-2021-0735,3.13,90958.36,284699.67,7685.26
RET-0134,VS26,0.015,PO-2021-1471,3.13,101419.99,317444.57,4770.85
RET-0134,VS27,0.0147,PO-2022-2421,1.49,54628.81,81396.93,1199.23
RET-0134,VS28,0.0329,PO-2021-0093,3.13,93572.6,292882.24,9646.57
RET-0134,VS29,0.0209,PO-2022-2853,3.13,58166.17,182060.11,3806.79
RET-0134,VS30,0.009,PO-2022-3076,3.13,94270.29,295066.01,2653.99
RET-0134,VS31,0.0328,PO-2023-4019,3.13,82694.02,258832.28,8484.15
RET-0134,VS32,0.039,PO-2021-1220,3.13,115729.1,362232.08,14124.31
RET-0134,VS33,0.0208,PO-2023-4191,3.13,110263.62,345125.13,7180.58
RET-0134,VS34,0.0269,PO-2022-3151,3.13,118045.36,369481.98,9939.11
RET-0053,VS01,0.0105,PO-2022-1891,0.39,86830.29,33863.81,354.3
RET-0053,VS02,0.0048,PO-2023-4653,0.39,113828.85,44393.25,211.54
RET-0053,VS03,0.2239,PO-2021-0849,0.39,47971.11,18708.73,4188.99
RET-0053,VS04,0.0066,PO-2023-4648,0.39,86177.22,33609.12,220.56
RET-0053,VS05,0.0085,PO-2023-3942,0.39,62096.49,24217.63,206.29
RET-0053,VS06,0.0086,PO-2022-3160,0.39,105971.6,41328.92,355.22
RET-0053,VS07,0.0029,PO-2023-4432,0.39,63558.81,24787.94,71.11
RET-0053,VS08,0.0087,PO-2022-3164,0.39,82581.54,32206.8,278.68
RET-0053,VS09,0.0066,PO-2023-4440,0.39,95752.41,37343.44,248.14
RET-0053,VS10,0.0104,PO-2023-3964,0.39,77738.9,30318.17,316.8
RET-0053,VS11,0.0122,PO-2023-4311,0.39,110233.88,42991.21,526.01
RET-0053,VS12,0.3112,PO-2023-3507,0.39,88418.41,34483.18,10731.68
RET-0053,VS13,0.0084,PO-2022-2521,0.39,76319.18,29764.48,250.84
RET-0053,VS14,0.0085,PO-2023-3929,0.39,111388.1,43441.36,369.69
RET-0053,VS15,0.0028,PO-2021-0692,0.39,104596.21,40792.52,116.05
RET-0053,VS16,0.0123,PO-2022-1861,0.39,94942.7,37027.65,454.58
RET-0053,VS17,0.0122,PO-2021-0653,0.39,92266.29,35983.85,440.06
RET-0053,VS18,0.0085,PO-2023-3747,0.39,106962.18,41715.25,355.14
RET-0053,VS19,0.2348,PO-2023-3275,0.39,83664.18,32629.03,7660.12
RET-0053,VS20,0.0048,PO-2021-0451,0.39,108485.11,42309.19,200.97
RET-0053,VS21,0.0047,PO-2023-4357,0.39,113218.22,44155.11,209.49
RET-0053,VS22,0.0028,PO-2021-1543,0.39,83239.78,32463.51,91.53
RET-0053,VS23,0.0047,PO-2023-3376,0.39,84993.08,33147.3,154.93
RET-0053,VS24,0.0047,PO-2021-0032,0.39,94817.83,36978.95,174.77
RET-0053,VS25,0.0086,PO-2022-1760,0.39,84492.85,32952.21,282.2
RET-0053,VS26,0.0048,PO-2022-2760,0.39,89723.4,34992.13,166.84
RET-0053,VS27,0.0047,PO-2023-4350,0.39,103401.01,40326.39,188.49
RET-0053,VS28,0.0104,PO-2022-3049,0.39,67065.08,26155.38,273.3
RET-0053,VS29,0.0066,PO-2022-2653,0.39,107751.75,42023.18,278.76
RET-0053,VS30,0.0029,PO-2023-4481,0.39,62724.55,24462.57,69.8
RET-0053,VS31,0.0104,PO-2023-4151,0.39,94259.36,36761.15,382.28
RET-0053,VS32,0.0124,PO-2021-1378,0.39,86461.79,33720.1,417.13
RET-0053,VS33,0.0066,PO-2022-2218,0.39,85470.95,33333.67,220.02
RET-0053,VS34,0.0085,PO-2023-3989,0.39,119858.37,46744.76,398.92
RET-0256,VS01,0.0293,PO-2022-2271,1.132,49381.32,55891.45,1638.67
RET-0256,VS02,0.0134,PO-2023-4207,2.35,70826.47,166442.2,2222.51
RET-0256,VS03,0.1033,PO-2023-3681,2.35,72157.52,169570.17,17514.66
RET-0256,VS04,0.0184,PO-2023-3984,2.35,70318.39,165248.22,3038.96
RET-0256,VS05,0.0239,PO-2023-4471,2.35,99274.86,233295.92,5568.78
RET-0256,VS06,0.0241,PO-2023-3676,2.35,78423.62,184295.51,4438.88
RET-0256,VS07,0.008,PO-2022-2020,2.35,99404.93,233601.59,1878.05
RET-0256,VS08,0.0242,PO-2021-0439,2.35,77204.16,181429.78,4399.32
RET-0256,VS09,0.0186,PO-2021-1334,2.35,111375.86,261733.27,4873.56
RET-0256,VS10,0.0293,PO-2022-2331,2.35,46835.99,110064.58,3222.89
RET-0256,VS11,0.0343,PO-2023-3938,2.35,112182.71,263629.37,9038.93
RET-0256,VS12,0.1436,PO-2021-1057,2.35,85065.68,199904.35,28699.22
RET-0256,VS13,0.0236,PO-2022-1953,2.35,114989.43,270225.16,6381.57
RET-0256,VS14,0.0238,PO-2023-3440,2.35,90345.09,212310.96,5063.17
RET-0256,VS15,0.008,PO-2021-0049,2.35,97981.44,230256.38,1835.65
RET-0256,VS16,0.0344,PO-2021-0129,2.35,88110.89,207060.59,7123.57
RET-0256,VS17,0.0343,PO-2022-2592,2.35,66050.11,155217.76,5319.35
RET-0256,VS18,0.0239,PO-2021-0489,2.35,59959.34,140904.45,3361.53
RET-0256,VS19,0.1083,PO-2021-1210,2.35,47414.19,111423.35,12066.88
RET-0256,VS20,0.0133,PO-2021-0919,2.35,53155.85,124916.25,1662.75
RET-0256,VS21,0.0133,PO-2021-0450,2.35,102241.81,240268.25,3194.43
RET-0256,VS22,0.0079,PO-2022-2810,2.35,88158.28,207171.96,1636.81
RET-0256,VS23,0.0131,PO-2023-4082,2.35,92527.93,217440.64,2847.94
RET-0256,VS24,0.0132,PO-2022-2445,2.35,107727.93,253160.64,3352.82
RET-0256,VS25,0.024,PO-2023-4122,2.35,69938.67,164355.87,3944.27
RET-0256,VS26,0.0134,PO-2023-3378,2.35,116500.58,273776.36,3657.91
RET-0256,VS27,0.0131,PO-2023-3477,2.35,70733.66,166224.1,2177.21
RET-0256,VS28,0.0293,PO-2023-4760,2.35,114216.31,268408.33,7859.32
RET-0256,VS29,0.0186,PO-2023-4378,2.35,74638.01,175399.32,3260.47
RET-0256,VS30,0.008,PO-2022-1715,2.35,52840.1,124174.24,992.93
RET-0256,VS31,0.0291,PO-2022-1995,2.35,97966.81,230222.0,6708.82
RET-0256,VS32,0.0347,PO-2021-0978,2.35,85541.4,201022.29,6968.41
RET-0256,VS33,0.0185,PO-2023-3365,2.35,111207.3,261337.16,4833.85
RET-0256,VS34,0.0239,PO-2021-0087,2.35,78204.08,183779.59,4395.02
RET-0359,VS01,0.0236,PO-2023-3545,1.991,86140.78,171533.53,4044.67
RET-0359,VS02,0.0107,PO-2022-1812,2.29,103636.69,237328.02,2548.69
RET-0359,VS03,0.14,PO-2023-4639,4.62,121720.35,562348.02,78729.36
RET-0359,VS04,0.0148,PO-2023-3363,4.62,85048.64,392924.72,5811.45
RET-0359,VS05,0.0192,PO-2023-3502,4.62,98594.02,455504.37,8744.46
RET-0359,VS06,0.0194,PO-2023-3499,4.62,71707.46,331288.47,6417.3
RET-0359,VS07,0.0065,PO-2022-2385,4.62,93432.91,431660.04,2791.01
RET-0359,VS08,0.0195,PO-2022-2882,4.62,99224.95,458419.27,8939.79
RET-0359,VS09,0.015,PO-2021-0531,4.62,119121.0,550339.02,8241.47
RET-0359,VS10,0.0235,PO-2022-2548,4.62,89076.23,411532.18,9691.44
RET-0359,VS11,0.0276,PO-2021-0714,4.62,94126.43,434864.11,11991.24
RET-0359,VS12,0.1946,PO-2023-3659,4.62,107653.42,497358.8,96782.51
RET-0359,VS13,0.019,PO-2022-1697,4.62,82398.82,380682.55,7230.23
RET-0359,VS14,0.0192,PO-2022-2316,4.62,74017.57,341961.17,6558.64
RET-0359,VS15,0.0064,PO-2021-1563,4.62,66888.25,309023.72,1981.34
RET-0359,VS16,0.0277,PO-2022-2659,4.62,90517.6,418191.31,11570.78
RET-0359,VS17,0.0276,PO-2023-3309,4.62,92986.41,429597.21,11840.4
RET-0359,VS18,0.0192,PO-2021-0525,4.62,97235.32,449227.18,8619.16
RET-0359,VS19,0.1468,PO-2023-3306,4.62,51362.2,237293.36,34832.42
RET-0359,VS20,0.0107,PO-2023-4084,2.252,114547.05,257919.81,2761.09
RET-0359,VS21,0.0107,PO-2023-3292,4.62,85242.11,393818.55,4210.95
RET-0359,VS22,0.0064,PO-2023-4174,4.62,94759.46,437788.71,2781.76
RET-0359,VS23,0.0105,PO-2023-3685,4.62,102930.31,475538.03,5009.13
RET-0359,VS24,0.0107,PO-2022-2801,4.62,111226.53,513866.57,5473.33
RET-0359,VS25,0.0193,PO-2022-2125,4.62,74938.37,346215.27,6682.13
RET-0359,VS26,0.0107,PO-2022-1609,4.62,58777.03,271549.88,2917.92
RET-0359,VS27,0.0105,PO-2022-2558,4.62,92365.35,426727.92,4495.15
RET-0359,VS28,0.0235,PO-2022-3112,4.62,97404.73,450009.85,10597.38
RET-0359,VS29,0.0149,PO-2022-3078,4.62,55212.32,255080.92,3813.45
RET-0359,VS30,0.0064,PO-2023-4431,4.62,76340.93,352695.1,2268.17
RET-0359,VS31,0.0234,PO-2022-2601,4.62,72084.61,333030.9,7804.97
RET-0359,VS32,0.0279,PO-2022-2415,4.62,71362.27,329693.69,9191.52
RET-0359,VS33,0.0149,PO-2022-3032,4.62,86778.44,400916.39,5963.94
RET-0359,VS34,0.0192,PO-2021-0947,4.62,51330.11,237145.11,4561.05
RET-0197,VS01,0.0161,PO-2023-4585,2.64,82778.63,218535.58,3526.55
RET-0197,VS02,0.0073,PO-2023-4202,2.64,66577.38,175764.28,1291.79
RET-0197,VS03,0.1876,PO-2023-3846,2.64,90793.79,239695.61,44968.45
RET-0197,VS04,0.0101,PO-2021-1274,2.64,69003.11,182168.21,1843.92
RET-0197,VS05,0.0131,PO-2022-2543,2.64,79675.24,210342.63,2763.52
RET-0197,VS06,0.0133,PO-2021-0700,2.64,85779.83,226458.75,3002.13
RET-0197,VS07,0.0044,PO-2021-0065,2.64,90030.87,237681.5,1051.74
RET-0197,VS08,0.0133,PO-2023-3354,2.64,115324.57,304456.86,4063.35
RET-0197,VS09,0.0102,PO-2021-0841,2.64,112398.24,296731.35,3041.11
RET-0197,VS10,0.0161,PO-2022-1933,2.64,60334.64,159283.45,2567.14
RET-0197,VS11,0.0189,PO-2021-0107,2.64,86418.86,228145.79,4305.44
RET-0197,VS12,0.2608,PO-2021-0746,2.64,99309.04,262175.87,68365.36
RET-0197,VS13,0.013,PO-2022-3120,2.64,97416.7,257180.09,3342.88
RET-0197,VS14,0.0131,PO-2022-2088,2.64,69001.19,182163.14,2391.07
RET-0197,VS15,0.0044,PO-2022-1673,2.64,108034.26,285210.45,1251.49
RET-0197,VS16,0.0189,PO-2021-0473,2.64,68625.67,181171.77,3430.62
RET-0197,VS17,0.0189,PO-2023-4411,2.64,118154.76,311928.57,5883.75
RET-0197,VS18,0.0131,PO-2023-4086,2.64,64186.35,169451.96,2225.05
RET-0197,VS19,0.1967,PO-2023-3811,2.64,72247.42,190733.19,37518.08
RET-0197,VS20,0.0073,PO-2022-2233,2.64,96227.4,254040.34,1861.2
RET-0197,VS21,0.0073,PO-2023-4345,2.64,98529.75,260118.54,1903.49
RET-0197,VS22,0.0043,PO-2023-3697,2.64,98843.51,260946.87,1134.75
RET-0197,VS23,0.0072,PO-2021-0577,2.64,73766.29,194743.01,1403.89
RET-0197,VS24,0.0073,PO-2023-4403,2.64,72950.83,192590.19,1403.88
RET-0197,VS25,0.0132,PO-2023-4142,2.64,75409.46,199080.97,2629.62
RET-0197,VS26,0.0074,PO-2023-4713,2.64,49722.49,131267.37,965.33
RET-0197,VS27,0.0072,PO-2021-1567,2.64,49294.76,130138.17,938.19
RET-0197,VS28,0.0161,PO-2022-3133,2.64,48481.97,127992.4,2062.79
RET-0197,VS29,0.0102,PO-2022-2217,2.64,95600.07,252384.18,2582.24
RET-0197,VS30,0.0044,PO-2021-0309,2.64,96455.52,254642.57,1120.73
RET-0197,VS31,0.016,PO-2021-0528,2.64,112708.29,297549.89,4772.44
RET-0197,VS32,0.0191,PO-2022-3060,2.64,58865.87,155405.9,2965.1
RET-0197,VS33,0.0102,PO-2021-1489,2.64,85832.04,226596.59,2306.89
RET-0197,VS34,0.0132,PO-2022-2076,2.64,62068.97,163862.08,2156.87
RET-0244,VS01,0.0196,PO-2023-3978,2.99,74622.86,223122.35,4369.25
RET-0244,VS02,0.0089,PO-2021-0284,2.99,56357.34,168508.45,1502.86
RET-0244,VS03,0.1656,PO-2023-4416,2.99,118144.91,353253.28,58487.98
RET-0244,VS04,0.0123,PO-2021-1313,2.99,90805.4,271508.15,3334.94
RET-0244,VS05,0.0159,PO-2023-4489,2.99,52257.17,156248.94,2491.08
RET-0244,VS06,0.0161,PO-2021-0608,2.99,87977.62,263053.08,4231.74
RET-0244,VS07,0.0054,PO-2021-0967,2.99,52746.53,157712.12,846.87
RET-0244,VS08,0.0162,PO-2021-0108,2.99,93578.23,279798.91,4531.48
RET-0244,VS09,0.0124,PO-2023-3683,2.99,119347.99,356850.49,4438.03
RET-0244,VS10,0.0196,PO-2023-3577,2.99,61407.23,183607.62,3590.91
RET-0244,VS11,0.0229,PO-2021-0514,2.99,108432.19,324212.25,7424.54
RET-0244,VS12,0.2301,PO-2023-3259,2.99,55372.98,165565.21,38101.76
RET-0244,VS13,0.0158,PO-2022-2854,2.99,99622.76,297872.05,4698.39
RET-0244,VS14,0.0159,PO-2023-4776,2.99,99170.78,296520.63,4723.04
RET-0244,VS15,0.0053,PO-2023-3202,2.99,54904.27,164163.77,874.12
RET-0244,VS16,0.023,PO-2022-2530,2.99,114453.87,342217.07,7863.55
RET-0244,VS17,0.0229,PO-2021-1425,2.99,56052.55,167597.12,3836.2
RET-0244,VS18,0.0159,PO-2022-2357,2.99,97972.25,292937.03,4667.7
RET-0244,VS19,0.1736,PO-2023-4126,2.99,120819.83,361251.29,62712.82
RET-0244,VS20,0.0089,PO-2021-1335,2.99,105711.58,316077.62,2810.09
RET-0244,VS21,0.0089,PO-2023-3223,2.99,54826.81,163932.16,1455.72
RET-0244,VS22,0.0053,PO-2022-2267,2.206,78039.79,172157.05,908.47
RET-0244,VS23,0.0087,PO-2022-2265,2.99,93310.14,278997.32,2440.66
RET-0244,VS24,0.0088,PO-2021-1249,2.99,98373.03,294135.36,2601.82
RET-0244,VS25,0.016,PO-2022-1635,2.99,71170.35,212799.35,3410.89
RET-0244,VS26,0.0089,PO-2021-1239,2.99,111568.48,333589.76,2976.92
RET-0244,VS27,0.0087,PO-2021-0438,2.99,51501.6,153989.78,1347.14
RET-0244,VS28,0.0196,PO-2022-2840,2.99,104162.07,311444.59,6090.98
RET-0244,VS29,0.0124,PO-2022-1840,1.803,45665.3,82329.01,1022.17
RET-0244,VS30,0.0053,PO-2021-1018,2.99,110564.93,330589.14,1765.61
RET-0244,VS31,0.0195,PO-2021-1203,2.99,110158.54,329374.03,6410.7
RET-0244,VS32,0.0232,PO-2023-4067,2.99,100195.8,299585.44,6936.29
RET-0244,VS33,0.0124,PO-2022-2422,2.99,58592.5,175191.58,2164.32
RET-0244,VS34,0.016,PO-2022-2019,2.97,69494.14,206397.6,3296.74
RET-0144,VS01,0.0188,PO-2022-2271,0.8,49381.32,39505.06,742.4
RET-0144,VS02,0.0086,PO-2023-4207,0.8,70826.47,56661.18,484.96
RET-0144,VS03,0.1706,PO-2023-3681,0.8,72157.52,57726.02,9849.25
RET-0144,VS04,0.0118,PO-2023-3984,0.8,70318.39,56254.71,663.11
RET-0144,VS05,0.0153,PO-2023-4471,0.8,99274.86,79419.89,1215.13
RET-0144,VS06,0.0154,PO-2023-3676,0.8,78423.62,62738.9,968.58
RET-0144,VS07,0.0052,PO-2022-2020,0.8,99404.93,79523.94,409.8
RET-0144,VS08,0.0155,PO-2021-0439,0.8,77204.16,61763.33,959.95
RET-0144,VS09,0.0119,PO-2021-1334,0.8,111375.86,89100.69,1063.43
RET-0144,VS10,0.0188,PO-2023-4711,0.8,111789.82,89431.86,1678.54
RET-0144,VS11,0.022,PO-2023-3938,0.8,112182.71,89746.17,1972.33
RET-0144,VS12,0.2372,PO-2021-1057,0.8,85065.68,68052.54,16138.81
RET-0144,VS13,0.0151,PO-2022-1953,0.8,114989.43,91991.54,1392.49
RET-0144,VS14,0.0153,PO-2023-3440,0.8,90345.09,72276.07,1104.8
RET-0144,VS15,0.0051,PO-2021-0049,0.8,97981.44,78385.15,400.55
RET-0144,VS16,0.0221,PO-2021-0129,0.8,88110.89,70488.71,1554.39
RET-0144,VS17,0.022,PO-2022-2592,0.8,66050.11,52840.09,1160.71
RET-0144,VS18,0.0153,PO-2021-0489,0.8,59959.34,47967.47,733.5
RET-0144,VS19,0.1789,PO-2021-1210,0.8,47414.19,37931.35,6785.73
RET-0144,VS20,0.0085,PO-2021-0919,0.8,53155.85,42524.68,362.82
RET-0144,VS21,0.0085,PO-2021-0450,0.8,102241.81,81793.45,697.04
RET-0144,VS22,0.0051,PO-2022-2810,0.8,88158.28,70526.62,357.16
RET-0144,VS23,0.0084,PO-2023-4483,0.8,100663.89,80531.11,676.07
RET-0144,VS24,0.0085,PO-2022-2445,0.8,107727.93,86182.34,731.6
RET-0144,VS25,0.0154,PO-2023-4122,0.8,69938.67,55950.94,860.66
RET-0144,VS26,0.0086,PO-2023-3378,0.8,116500.58,93200.46,798.17
RET-0144,VS27,0.0084,PO-2023-3477,0.8,70733.66,56586.93,475.08
RET-0144,VS28,0.0188,PO-2023-4760,0.8,114216.31,91373.05,1714.94
RET-0144,VS29,0.0119,PO-2023-4378,0.8,74638.01,59710.41,711.45
RET-0144,VS30,0.0051,PO-2022-1715,0.8,52840.1,42272.08,216.66
RET-0144,VS31,0.0187,PO-2022-1995,0.8,97966.81,78373.45,1463.89
RET-0144,VS32,0.0222,PO-2021-0978,0.8,85541.4,68433.12,1520.54
RET-0144,VS33,0.0119,PO-2023-3365,0.8,111207.3,88965.84,1054.77
RET-0144,VS34,0.0153,PO-2021-0087,0.8,78204.08,62563.26,959.01
RET-0343,VS01,0.0234,PO-2023-3230,4.44,62183.64,276095.36,6453.7
RET-0343,VS02,0.0106,PO-2021-1001,4.44,50314.46,223396.2,2378.26
RET-0343,VS03,0.1413,PO-2021-0460,4.44,118577.67,526484.85,74397.47
RET-0343,VS04,0.0147,PO-2021-0282,4.44,92176.89,409265.39,6000.61
RET-0343,VS05,0.019,PO-2023-3705,4.44,89099.86,395603.38,7528.63
RET-0343,VS06,0.0192,PO-2023-4693,4.44,70845.97,314556.11,6040.32
RET-0343,VS07,0.0064,PO-2021-0793,4.44,47386.29,210395.13,1348.56
RET-0343,VS08,0.0193,PO-2023-4533,4.44,97995.93,435101.93,8411.45
RET-0343,VS09,0.0148,PO-2021-0819,4.44,81589.58,362257.74,5377.84
RET-0343,VS10,0.0233,PO-2021-1193,4.44,93541.9,415326.04,9695.92
RET-0343,VS11,0.0273,PO-2021-0407,4.44,59032.39,262103.81,7164.72
RET-0343,VS12,0.1964,PO-2022-2048,4.44,118668.08,526886.28,103486.74
RET-0343,VS13,0.0188,PO-2022-2440,4.44,61059.19,271102.8,5104.33
RET-0343,VS14,0.019,PO-2021-0339,4.44,113027.46,501841.92,9541.56
RET-0343,VS15,0.0064,PO-2023-3647,4.44,49590.11,220180.09,1399.46
RET-0343,VS16,0.0274,PO-2022-2345,4.44,111791.78,496355.5,13614.32
RET-0343,VS17,0.0273,PO-2022-1889,4.44,106040.16,470818.31,12863.93
RET-0343,VS18,0.019,PO-2022-2622,4.44,65222.96,289589.94,5508.05
RET-0343,VS19,0.1482,PO-2021-0488,4.44,89753.72,398506.52,59043.79
RET-0343,VS20,0.0106,PO-2023-3606,4.44,63052.64,279953.72,2970.97
RET-0343,VS21,0.0106,PO-2023-3638,4.44,70272.0,312007.68,3307.23
RET-0343,VS22,0.0063,PO-2023-4130,4.44,93071.52,413237.55,2602.97
RET-0343,VS23,0.0104,PO-2022-1893,4.44,116575.14,517593.62,5404.82
RET-0343,VS24,0.0106,PO-2021-1141,4.44,106602.4,473314.66,4997.66
RET-0343,VS25,0.0191,PO-2022-2296,4.44,57784.35,256562.51,4908.82
RET-0343,VS26,0.0107,PO-2022-2542,4.44,89502.76,397392.25,4233.11
RET-0343,VS27,0.0104,PO-2023-4076,4.44,100527.7,446342.99,4660.98
RET-0343,VS28,0.0233,PO-2023-4169,4.44,72637.68,322511.3,7528.99
RET-0343,VS29,0.0148,PO-2023-3329,4.44,97649.31,433562.94,6425.51
RET-0343,VS30,0.0064,PO-2021-0228,4.44,105862.33,470028.75,2996.51
RET-0343,VS31,0.0232,PO-2022-2426,4.44,74047.78,328772.14,7638.31
RET-0343,VS32,0.0276,PO-2022-2535,4.44,74725.85,331782.77,9169.51
RET-0343,VS33,0.0147,PO-2021-1340,4.44,51105.58,226908.78,3346.16
RET-0343,VS34,0.0191,PO-2022-2338,4.44,76225.91,338443.04,6452.85
RET-0033,VS01,0.0196,PO-2023-3978,2.52,74622.86,188049.61,3682.44
RET-0033,VS02,0.0089,PO-2021-0284,2.52,56357.34,142020.5,1266.63
RET-0033,VS03,0.1656,PO-2021-0547,2.52,74909.26,188771.34,31254.78
RET-0033,VS04,0.0123,PO-2021-1313,2.52,90805.4,228829.61,2810.72
RET-0033,VS05,0.0159,PO-2023-4489,2.52,52257.17,131688.07,2099.5
RET-0033,VS06,0.0161,PO-2021-0608,2.52,87977.62,221703.6,3566.55
RET-0033,VS07,0.0054,PO-2021-0481,2.52,104535.73,263430.04,1414.54
RET-0033,VS08,0.0162,PO-2021-0108,2.52,93578.23,235817.14,3819.17
RET-0033,VS09,0.0124,PO-2023-3683,2.52,119347.99,300756.93,3740.41
RET-0033,VS10,0.0196,PO-2023-3577,2.52,61407.23,154746.22,3026.46
RET-0033,VS11,0.0229,PO-2021-0514,2.52,108432.19,273249.12,6257.47
RET-0033,VS12,0.2301,PO-2023-3259,2.52,55372.98,139539.91,32112.52
RET-0033,VS13,0.0158,PO-2023-4284,2.52,111062.32,279877.05,4414.55
RET-0033,VS14,0.0159,PO-2023-4776,2.52,99170.78,249910.37,3980.62
RET-0033,VS15,0.0053,PO-2023-3202,2.52,54904.27,138358.76,736.72
RET-0033,VS16,0.023,PO-2022-2530,2.52,114453.87,288423.75,6627.48
RET-0033,VS17,0.0229,PO-2021-1425,2.52,56052.55,141252.43,3233.18
RET-0033,VS18,0.0159,PO-2022-2357,2.52,97972.25,246890.07,3933.98
RET-0033,VS19,0.1736,PO-2023-4126,2.52,120819.83,304465.97,52854.95
RET-0033,VS20,0.0089,PO-2021-1335,2.52,105711.58,266393.18,2368.37
RET-0033,VS21,0.0089,PO-2023-3223,2.52,54826.81,138163.56,1226.89
RET-0033,VS22,0.0053,PO-2022-2267,2.194,78039.79,171248.58,903.67
RET-0033,VS23,0.0087,PO-2022-2265,2.52,93310.14,235141.55,2057.01
RET-0033,VS24,0.0088,PO-2021-1249,2.52,98373.03,247900.04,2192.84
RET-0033,VS25,0.016,PO-2022-1635,2.52,71170.35,179349.28,2874.73
RET-0033,VS26,0.0089,PO-2021-1239,2.52,111568.48,281152.57,2508.97
RET-0033,VS27,0.0087,PO-2021-0438,2.52,51501.6,129784.03,1135.39
RET-0033,VS28,0.0196,PO-2022-2840,2.52,104162.07,262488.42,5133.53
RET-0033,VS29,0.0124,PO-2022-1840,1.78,45665.3,81306.84,1009.48
RET-0033,VS30,0.0053,PO-2021-1018,2.52,110564.93,278623.62,1488.07
RET-0033,VS31,0.0195,PO-2021-1203,2.52,110158.54,277599.52,5403.0
RET-0033,VS32,0.0232,PO-2023-4067,2.52,100195.8,252493.42,5845.97
RET-0033,VS33,0.0124,PO-2022-2422,2.52,58592.5,147653.1,1824.11
RET-0033,VS34,0.016,PO-2022-2019,2.52,69494.14,175125.23,2797.24
RET-0368,VS01,0.0171,PO-2023-3230,1.4,62183.64,87057.1,1491.98
RET-0368,VS02,0.0078,PO-2021-1001,1.4,50314.46,70440.24,549.81
RET-0368,VS03,0.1812,PO-2023-4791,1.4,64698.51,90577.91,16413.15
RET-0368,VS04,0.0107,PO-2021-0282,1.4,92176.89,129047.65,1387.24
RET-0368,VS05,0.014,PO-2023-3705,1.4,89099.86,124739.8,1740.49
RET-0368,VS06,0.0141,PO-2023-4693,1.4,70845.97,99184.36,1396.42
RET-0368,VS07,0.0047,PO-2021-0793,1.4,47386.29,66340.81,311.76
RET-0368,VS08,0.0142,PO-2023-4533,1.4,97995.93,137194.3,1944.58
RET-0368,VS09,0.0109,PO-2021-0819,1.4,81589.58,114225.41,1243.26
RET-0368,VS10,0.0171,PO-2021-1193,1.4,93541.9,130958.66,2241.53
RET-0368,VS11,0.02,PO-2021-0407,1.4,59032.39,82645.35,1656.36
RET-0368,VS12,0.2519,PO-2022-2048,1.4,118668.08,166135.31,41843.42
RET-0368,VS13,0.0138,PO-2022-2440,1.4,61059.19,85482.87,1180.03
RET-0368,VS14,0.0139,PO-2021-0339,1.4,113027.46,158238.44,2205.85
RET-0368,VS15,0.0047,PO-2023-3647,1.4,49590.11,69426.15,323.53
RET-0368,VS16,0.0201,PO-2022-2345,1.4,111791.78,156508.49,3147.4
RET-0368,VS17,0.02,PO-2022-1889,1.4,106040.16,148456.22,2973.92
RET-0368,VS18,0.0139,PO-2022-2622,1.4,65222.96,91312.14,1273.37
RET-0368,VS19,0.19,PO-2021-0488,1.4,89753.72,125655.21,23873.53
RET-0368,VS20,0.0078,PO-2023-3606,1.4,63052.64,88273.7,686.84
RET-0368,VS21,0.0078,PO-2023-3638,1.4,70272.0,98380.8,764.58
RET-0368,VS22,0.0046,PO-2022-2156,1.4,79223.7,110913.18,512.23
RET-0368,VS23,0.0077,PO-2022-1893,1.4,116575.14,163205.2,1249.5
RET-0368,VS24,0.0077,PO-2021-1141,1.4,106602.4,149243.36,1155.37
RET-0368,VS25,0.014,PO-2022-2296,1.4,57784.35,80898.09,1134.84
RET-0368,VS26,0.0078,PO-2022-2542,1.4,89502.76,125303.86,978.62
RET-0368,VS27,0.0077,PO-2023-4076,1.4,100527.7,140738.78,1077.54
RET-0368,VS28,0.0171,PO-2023-4169,1.4,72637.68,101692.75,1740.57
RET-0368,VS29,0.0109,PO-2023-3329,1.4,97649.31,136709.03,1485.47
RET-0368,VS30,0.0047,PO-2021-0228,1.4,105862.33,148207.26,692.74
RET-0368,VS31,0.017,PO-2022-2426,1.4,74047.78,103666.89,1765.85
RET-0368,VS32,0.0203,PO-2021-1098,1.4,115680.23,161952.32,3281.63
RET-0368,VS33,0.0108,PO-2021-1340,1.4,51105.58,71547.81,773.57
RET-0368,VS34,0.014,PO-2022-2338,1.4,76225.91,106716.27,1491.79
RET-0309,VS01,0.0105,PO-2022-1908,0.53,101634.14,53866.09,563.57
RET-0309,VS02,0.0048,PO-2022-1812,0.53,103636.69,54927.45,261.73
RET-0309,VS03,0.2239,PO-2023-4639,0.53,121720.35,64511.79,14444.55
RET-0309,VS04,0.0066,PO-2022-3006,0.53,77192.79,40912.18,268.49
RET-0309,VS05,0.0085,PO-2023-3502,0.53,98594.02,52254.83,445.11
RET-0309,VS06,0.0086,PO-2023-4153,0.53,109873.14,58232.76,500.51
RET-0309,VS07,0.0029,PO-2022-2385,0.53,93432.91,49519.44,142.07
RET-0309,VS08,0.0087,PO-2022-2882,0.53,99224.95,52589.22,455.05
RET-0309,VS09,0.0066,PO-2021-0531,0.53,119121.0,63134.13,419.51
RET-0309,VS10,0.0104,PO-2023-4161,0.53,59811.13,31699.9,331.24
RET-0309,VS11,0.0122,PO-2023-3498,0.53,50086.51,26545.85,324.79
RET-0309,VS12,0.3112,PO-2023-3659,0.53,107653.42,57056.31,17756.77
RET-0309,VS13,0.0084,PO-2022-1697,0.53,82398.82,43671.37,368.03
RET-0309,VS14,0.0085,PO-2022-2316,0.53,74017.57,39229.31,333.85
RET-0309,VS15,0.0028,PO-2021-1563,0.53,66888.25,35450.77,100.85
RET-0309,VS16,0.0123,PO-2022-2659,0.53,90517.6,47974.33,588.98
RET-0309,VS17,0.0122,PO-2023-3309,0.53,92986.41,49282.8,602.7
RET-0309,VS18,0.0085,PO-2022-1957,0.53,106749.43,56577.2,481.66
RET-0309,VS19,0.2348,PO-2023-3306,0.53,51362.2,27221.97,6390.73
RET-0309,VS20,0.0048,PO-2022-3168,0.53,77361.39,41001.54,194.76
RET-0309,VS21,0.0047,PO-2023-3292,0.53,85242.11,45178.32,214.35
RET-0309,VS22,0.0028,PO-2023-3257,0.53,63319.79,33559.49,94.62
RET-0309,VS23,0.0047,PO-2023-3685,0.53,102930.31,54553.06,254.97
RET-0309,VS24,0.0047,PO-2022-2801,0.53,111226.53,58950.06,278.6
RET-0309,VS25,0.0086,PO-2022-2977,0.53,50278.77,26647.75,228.21
RET-0309,VS26,0.0048,PO-2022-1609,0.53,58777.03,31151.83,148.53
RET-0309,VS27,0.0047,PO-2023-4340,0.53,70093.12,37149.35,173.64
RET-0309,VS28,0.0104,PO-2022-3112,0.53,97404.73,51624.51,539.43
RET-0309,VS29,0.0066,PO-2022-3078,0.53,55212.32,29262.53,194.11
RET-0309,VS30,0.0029,PO-2021-0593,0.53,58102.64,30794.4,87.87
RET-0309,VS31,0.0104,PO-2022-2601,0.53,72084.61,38204.84,397.29
RET-0309,VS32,0.0124,PO-2022-2415,0.53,71362.27,37822.0,467.87
RET-0309,VS33,0.0066,PO-2022-3032,0.53,86778.44,45992.57,303.58
RET-0309,VS34,0.0085,PO-2021-0947,0.53,51330.11,27204.96,232.17
RET-0345,VS01,0.0231,PO-2023-3230,3.31,62183.64,205827.85,4752.0
RET-0345,VS02,0.0105,PO-2021-1001,3.31,50314.46,166540.86,1751.16
RET-0345,VS03,0.1431,PO-2023-4791,3.31,64698.51,214152.07,30655.8
RET-0345,VS04,0.0145,PO-2021-0282,3.31,92176.89,305105.51,4418.38
RET-0345,VS05,0.0188,PO-2021-0457,3.31,72009.29,238350.75,4480.18
RET-0345,VS06,0.019,PO-2023-4693,3.31,70845.97,234500.16,4447.62
RET-0345,VS07,0.0063,PO-2023-4263,3.31,60127.91,199023.38,1259.97
RET-0345,VS08,0.0191,PO-2023-4533,3.31,97995.93,324366.53,6193.54
RET-0345,VS09,0.0147,PO-2021-0819,3.31,81589.58,270061.51,3959.82
RET-0345,VS10,0.0231,PO-2021-1193,3.31,93541.9,309623.69,7139.32
RET-0345,VS11,0.027,PO-2021-0407,3.31,59032.39,195397.21,5275.54
RET-0345,VS12,0.199,PO-2022-2048,3.31,118668.08,392791.34,78153.4
RET-0345,VS13,0.0186,PO-2022-2309,3.31,51247.96,169630.75,3154.51
RET-0345,VS14,0.0188,PO-2021-0339,3.31,113027.46,374120.89,7025.66
RET-0345,VS15,0.0063,PO-2023-3647,3.31,49590.11,164143.26,1030.45
RET-0345,VS16,0.0271,PO-2022-2345,3.31,111791.78,370030.79,10024.52
RET-0345,VS17,0.027,PO-2022-1889,3.31,106040.16,350992.93,9471.99
RET-0345,VS18,0.0188,PO-2023-3200,3.31,82291.51,272384.9,5117.06
RET-0345,VS19,0.1501,PO-2021-1160,3.31,80442.07,266263.25,39963.92
RET-0345,VS20,0.0105,PO-2023-3606,3.31,63052.64,208704.24,2187.59
RET-0345,VS21,0.0105,PO-2023-3638,3.31,70272.0,232600.32,2435.19
RET-0345,VS22,0.0062,PO-2022-2156,3.31,79223.7,262230.45,1631.46
RET-0345,VS23,0.0103,PO-2022-1893,3.31,116575.14,385863.71,3979.69
RET-0345,VS24,0.0104,PO-2021-1141,3.31,106602.4,352853.94,3679.88
RET-0345,VS25,0.0189,PO-2022-2296,3.31,57784.35,191266.2,3614.47
RET-0345,VS26,0.0105,PO-2022-2542,3.31,89502.76,296254.14,3116.93
RET-0345,VS27,0.0103,PO-2023-4076,3.31,100527.7,332746.69,3431.98
RET-0345,VS28,0.0231,PO-2023-4169,3.31,72637.68,240430.72,5543.76
RET-0345,VS29,0.0146,PO-2023-3329,3.31,97649.31,323219.22,4731.25
RET-0345,VS30,0.0063,PO-2021-0228,3.31,105862.33,350404.31,2206.4
RET-0345,VS31,0.0229,PO-2022-2426,3.31,74047.78,245098.15,5624.25
RET-0345,VS32,0.0273,PO-2021-1098,3.31,115680.23,382901.56,10452.07
RET-0345,VS33,0.0146,PO-2021-0016,3.31,113111.93,374400.49,5453.23
RET-0345,VS34,0.0188,PO-2022-2338,3.31,76225.91,252307.76,4751.38
RET-0180,VS01,0.0103,PO-2023-3362,3.28,57137.91,187412.34,1922.15
RET-0180,VS02,0.0047,PO-2021-0226,3.28,70860.19,232421.42,1085.67
RET-0180,VS03,0.2252,PO-2023-3671,3.28,54878.1,180000.17,40540.46
RET-0180,VS04,0.0064,PO-2022-1611,3.28,59604.79,195503.71,1257.73
RET-0180,VS05,0.0084,PO-2021-1350,3.28,67088.84,220051.4,1837.47
RET-0180,VS06,0.0084,PO-2022-2004,3.28,52605.38,172545.65,1453.8
RET-0180,VS07,0.0028,PO-2022-2694,3.28,97305.46,319161.91,897.61
RET-0180,VS08,0.0085,PO-2023-4234,3.28,89275.52,292823.71,2483.86
RET-0180,VS09,0.0065,PO-2023-4236,3.28,117838.24,386509.43,2517.62
RET-0180,VS10,0.0102,PO-2023-3318,3.28,117871.83,386619.6,3960.27
RET-0180,VS11,0.012,PO-2021-0455,3.28,103584.3,339756.5,4075.06
RET-0180,VS12,0.313,PO-2023-4772,3.28,71528.0,234611.84,73444.83
RET-0180,VS13,0.0083,PO-2023-4799,3.28,101700.4,333577.31,2755.76
RET-0180,VS14,0.0083,PO-2023-3470,3.28,91401.15,299795.77,2501.03
RET-0180,VS15,0.0028,PO-2021-1247,3.28,95019.18,311662.91,869.18
RET-0180,VS16,0.012,PO-2023-4197,3.28,106953.2,350806.5,4221.93
RET-0180,VS17,0.012,PO-2023-4313,3.28,50023.04,164075.57,1967.0
RET-0180,VS18,0.0083,PO-2023-3529,3.28,71931.77,235936.21,1969.02
RET-0180,VS19,0.2361,PO-2022-2097,0.0,80144.87,0.0,0.0
RET-0180,VS20,0.0047,PO-2021-0076,3.28,84819.14,278206.78,1295.45
RET-0180,VS21,0.0047,PO-2021-0822,3.28,46815.51,153554.87,714.17
RET-0180,VS22,0.0028,PO-2023-3715,1.49,52056.54,77564.24,214.37
RET-0180,VS23,0.0046,PO-2021-1597,3.28,110007.94,360826.04,1653.22
RET-0180,VS24,0.0046,PO-2023-4182,3.28,67218.28,220475.96,1021.45
RET-0180,VS25,0.0084,PO-2021-1284,3.28,60956.56,199937.52,1678.49
RET-0180,VS26,0.0047,PO-2021-1525,1.42,77310.29,109780.61,513.1
RET-0180,VS27,0.0046,PO-2022-2443,3.28,107098.17,351282.0,1609.55
RET-0180,VS28,0.0102,PO-2022-2893,3.28,85472.95,280351.28,2871.67
RET-0180,VS29,0.0065,PO-2021-0391,3.28,102925.67,337596.2,2195.3
RET-0180,VS30,0.0028,PO-2021-0466,3.28,82002.05,268966.72,752.37
RET-0180,VS31,0.0102,PO-2021-0677,2.98,102110.43,304289.08,3101.91
RET-0180,VS32,0.0121,PO-2022-2460,3.28,81325.75,266748.46,3234.7
RET-0180,VS33,0.0065,PO-2023-3880,3.28,85799.11,281421.08,1820.92
RET-0180,VS34,0.0084,PO-2023-4559,3.28,110935.35,363867.95,3044.04
RET-0120,VS01,0.0291,PO-2022-2350,1.08,91548.94,98872.86,2875.19
RET-0120,VS02,0.0132,PO-2022-2861,1.08,64042.22,69165.6,916.04
RET-0120,VS03,0.1048,PO-2021-0645,1.08,108904.11,117616.44,12328.37
RET-0120,VS04,0.0182,PO-2023-3927,1.08,54233.12,58571.77,1068.36
RET-0120,VS05,0.0237,PO-2022-1885,1.08,70150.29,75762.31,1793.7
RET-0120,VS06,0.0239,PO-2022-2603,1.08,93636.43,101127.34,2415.85
RET-0120,VS07,0.008,PO-2023-3842,1.08,84591.01,91358.29,728.49
RET-0120,VS08,0.0241,PO-2021-1003,1.08,62783.88,67806.59,1630.77
RET-0120,VS09,0.0185,PO-2021-1024,1.08,53516.83,57798.18,1067.44
RET-0120,VS10,0.029,PO-2023-3311,1.08,105199.83,113615.82,3299.73
RET-0120,VS11,0.034,PO-2022-2091,1.08,118586.58,128073.51,4355.37
RET-0120,VS12,0.1457,PO-2021-1153,1.08,62295.77,67279.43,9802.02
RET-0120,VS13,0.0234,PO-2023-3930,1.08,82117.21,88686.59,2077.32
RET-0120,VS14,0.0237,PO-2023-3818,1.08,73611.39,79500.3,1880.45
RET-0120,VS15,0.0079,PO-2021-0723,1.08,71482.22,77200.8,610.44
RET-0120,VS16,0.0341,PO-2023-3925,1.08,87537.57,94540.58,3225.98
RET-0120,VS17,0.034,PO-2023-4321,1.08,72823.15,78649.0,2673.34
RET-0120,VS18,0.0237,PO-2021-0048,1.08,85511.42,92352.33,2185.26
RET-0120,VS19,0.1099,PO-2023-3391,1.08,93984.38,101503.13,11155.36
RET-0120,VS20,0.0132,PO-2023-3265,1.08,110599.43,119447.38,1576.99
RET-0120,VS21,0.0132,PO-2023-4211,1.08,116836.62,126183.55,1663.96
RET-0120,VS22,0.0078,PO-2021-1407,1.08,85448.38,92284.25,723.17
RET-0120,VS23,0.013,PO-2022-1784,1.08,109399.79,118151.77,1534.87
RET-0120,VS24,0.0131,PO-2022-3115,1.08,72100.95,77869.03,1022.87
RET-0120,VS25,0.0238,PO-2023-4636,1.08,83912.19,90625.17,2157.11
RET-0120,VS26,0.0133,PO-2022-2195,1.08,92960.63,100397.48,1330.46
RET-0120,VS27,0.013,PO-2021-0161,1.08,74904.76,80897.14,1050.95
RET-0120,VS28,0.029,PO-2021-0036,1.08,78161.98,84414.94,2451.61
RET-0120,VS29,0.0184,PO-2021-1405,1.08,68815.4,74320.63,1370.27
RET-0120,VS30,0.0079,PO-2023-4344,1.08,109763.78,118544.88,940.19
RET-0120,VS31,0.0289,PO-2022-2452,1.08,81725.67,88263.72,2551.08
RET-0120,VS32,0.0344,PO-2023-4576,1.08,55178.58,59592.87,2048.93
RET-0120,VS33,0.0183,PO-2022-2067,1.08,73348.41,79216.28,1453.28
RET-0120,VS34,0.0237,PO-2021-1172,1.08,57373.79,61963.69,1469.75
RET-0097,VS01,0.0133,PO-2022-1970,3.96,79526.18,314923.67,4182.62
RET-0097,VS02,0.006,PO-2022-2492,3.96,50778.56,201083.1,1216.33
RET-0097,VS03,0.2059,PO-2021-0231,3.96,114046.81,451625.37,92977.96
RET-0097,VS04,0.0083,PO-2023-3714,3.96,52942.1,209650.72,1746.55
RET-0097,VS05,0.0108,PO-2023-4674,3.96,116923.62,463017.54,5006.65
RET-0097,VS06,0.0109,PO-2022-2666,3.96,105403.0,417395.88,4554.11
RET-0097,VS07,0.0036,PO-2022-2820,3.96,72458.26,286934.71,1044.99
RET-0097,VS08,0.011,PO-2023-4743,3.96,62875.21,248985.83,2734.94
RET-0097,VS09,0.0084,PO-2023-3936,3.96,109545.82,433801.45,3659.1
RET-0097,VS10,0.0133,PO-2021-1031,3.96,92045.71,364501.01,4834.96
RET-0097,VS11,0.0155,PO-2023-3369,3.96,98767.22,391118.19,6074.75
RET-0097,VS12,0.2862,PO-2022-1686,3.96,116010.56,459401.82,131458.88
RET-0097,VS13,0.0107,PO-2021-0079,3.96,65737.47,260320.38,2784.88
RET-0097,VS14,0.0108,PO-2022-2697,3.96,102378.48,405418.78,4379.76
RET-0097,VS15,0.0036,PO-2022-3176,3.96,105374.85,417284.41,1506.98
RET-0097,VS16,0.0156,PO-2021-1452,3.96,115815.74,458630.33,7147.59
RET-0097,VS17,0.0155,PO-2021-1380,3.96,79662.56,315463.74,4897.38
RET-0097,VS18,0.0108,PO-2021-1371,1.333,55701.9,74277.22,802.72
RET-0097,VS19,0.2159,PO-2021-1161,3.96,78664.88,311512.92,67242.56
RET-0097,VS20,0.006,PO-2022-1971,3.96,100358.29,397418.83,2396.37
RET-0097,VS21,0.006,PO-2022-1670,3.96,46923.02,185815.16,1119.12
RET-0097,VS22,0.0036,PO-2022-3183,3.96,62994.69,249458.97,892.82
RET-0097,VS23,0.0059,PO-2023-3566,3.96,56982.71,225651.53,1338.83
RET-0097,VS24,0.006,PO-2023-4459,3.704,65562.3,242872.2,1457.1
RET-0097,VS25,0.0109,PO-2023-4640,3.96,97768.31,387162.51,4208.92
RET-0097,VS26,0.0061,PO-2022-3157,1.13,118827.09,134274.61,812.69
RET-0097,VS27,0.0059,PO-2023-3817,3.96,111177.24,440261.87,2612.24
RET-0097,VS28,0.0133,PO-2023-3754,3.96,90330.39,357708.34,4744.77
RET-0097,VS29,0.0084,PO-2021-0245,3.96,66418.27,263016.35,2214.79
RET-0097,VS30,0.0036,PO-2021-1328,3.96,100093.96,396372.08,1435.78
RET-0097,VS31,0.0132,PO-2023-3258,2.84,100433.61,285231.45,3765.25
RET-0097,VS32,0.0157,PO-2022-1730,3.96,60268.16,238661.91,3747.74
RET-0097,VS33,0.0084,PO-2023-4631,1.398,71650.61,100165.61,839.28
RET-0097,VS34,0.0108,PO-2023-3961,3.96,97423.71,385797.89,4179.46
RET-0070,VS01,0.0233,PO-2022-1891,3.06,86830.29,265700.69,6188.69
RET-0070,VS02,0.0106,PO-2023-4653,3.06,113828.85,348316.28,3694.99
RET-0070,VS03,0.1418,PO-2021-0031,0.0,118994.86,0.0,0.0
RET-0070,VS04,0.0146,PO-2023-4648,3.06,86177.22,263702.29,3852.67
RET-0070,VS05,0.019,PO-2022-1696,3.06,77640.42,237579.69,4505.28
RET-0070,VS06,0.0191,PO-2021-0452,3.06,90922.26,278222.12,5323.66
RET-0070,VS07,0.0064,PO-2023-4010,3.06,93502.71,286118.29,1827.42
RET-0070,VS08,0.0193,PO-2021-1532,3.06,82167.57,251432.76,4843.49
RET-0070,VS09,0.0148,PO-2023-4440,3.06,95752.41,293002.37,4334.29
RET-0070,VS10,0.0233,PO-2022-1950,3.06,81757.01,250176.45,5819.74
RET-0070,VS11,0.0272,PO-2022-2946,3.06,82851.5,253525.59,6905.65
RET-0070,VS12,0.1971,PO-2023-3507,3.06,88418.41,270560.33,53340.71
RET-0070,VS13,0.0188,PO-2022-2521,3.06,76319.18,233536.69,4381.44
RET-0070,VS14,0.0189,PO-2023-3453,3.06,110538.65,338248.27,6408.33
RET-0070,VS15,0.0063,PO-2021-0668,3.06,71961.45,220202.04,1394.63
RET-0070,VS16,0.0273,PO-2022-1861,3.06,94942.7,290524.66,7940.41
RET-0070,VS17,0.0272,PO-2022-3020,3.06,84880.27,259733.63,7071.4
RET-0070,VS18,0.019,PO-2023-3747,3.06,106962.18,327304.27,6203.3
RET-0070,VS19,0.1487,PO-2022-2469,3.06,63994.13,195822.04,29122.4
RET-0070,VS20,0.0106,PO-2021-0451,3.06,108485.11,331964.44,3510.43
RET-0070,VS21,0.0106,PO-2021-1012,3.06,111886.7,342373.3,3616.23
RET-0070,VS22,0.0063,PO-2021-1543,3.06,83239.78,254713.73,1598.74
RET-0070,VS23,0.0104,PO-2023-4050,3.06,64755.34,198151.34,2061.8
RET-0070,VS24,0.0105,PO-2021-1232,3.06,94874.64,290316.4,3054.53
RET-0070,VS25,0.0191,PO-2022-1760,3.06,84492.85,258548.12,4929.26
RET-0070,VS26,0.0106,PO-2022-2760,3.06,89723.4,274553.6,2914.23
RET-0070,VS27,0.0104,PO-2023-4350,3.06,103401.01,316407.09,3292.39
RET-0070,VS28,0.0233,PO-2022-3049,3.06,67065.08,205219.14,4773.83
RET-0070,VS29,0.0148,PO-2023-3680,3.06,113690.98,347894.4,5137.6
RET-0070,VS30,0.0064,PO-2023-4481,3.06,62724.55,191937.12,1219.29
RET-0070,VS31,0.0232,PO-2023-4151,3.06,94259.36,288433.64,6677.36
RET-0070,VS32,0.0275,PO-2021-1378,3.06,86461.79,264573.08,7286.09
RET-0070,VS33,0.0147,PO-2022-2218,3.06,85470.95,261541.11,3843.19
RET-0070,VS34,0.019,PO-2023-3989,3.06,119858.37,366766.61,6968.07
RET-0255,VS01,0.0035,PO-2022-2743,0.55,111546.2,61350.41,213.51
RET-0255,VS02,0.0016,PO-2021-0226,0.55,70860.19,38973.1,61.77
RET-0255,VS03,0.2686,PO-2023-3671,0.55,54878.1,30182.96,8106.21
RET-0255,VS04,0.0022,PO-2022-1611,0.55,59604.79,32782.63,71.56
RET-0255,VS05,0.0028,PO-2021-1350,0.55,67088.84,36898.86,104.55
RET-0255,VS06,0.0029,PO-2022-2004,0.55,52605.38,28932.96,82.72
RET-0255,VS07,0.001,PO-2022-2694,0.55,97305.46,53518.0,51.07
RET-0255,VS08,0.0029,PO-2023-4200,0.55,86739.34,47706.64,137.31
RET-0255,VS09,0.0022,PO-2023-4236,0.55,117838.24,64811.03,143.25
RET-0255,VS10,0.0035,PO-2022-2349,0.55,49426.59,27184.62,94.49
RET-0255,VS11,0.0041,PO-2021-0455,0.55,103584.3,56971.37,231.86
RET-0255,VS12,0.3733,PO-2023-4772,0.55,71528.0,39340.4,14685.56
RET-0255,VS13,0.0028,PO-2021-0778,0.55,109774.32,60375.88,169.24
RET-0255,VS14,0.0028,PO-2023-3470,0.55,91401.15,50270.63,142.3
RET-0255,VS15,0.0009,PO-2021-1247,0.55,95019.18,52260.55,49.45
RET-0255,VS16,0.0041,PO-2023-4197,0.55,106953.2,58824.26,240.22
RET-0255,VS17,0.0041,PO-2023-4313,0.55,50023.04,27512.67,111.92
RET-0255,VS18,0.0028,PO-2023-3529,0.55,71931.77,39562.47,112.03
RET-0255,VS19,0.2816,PO-2022-2097,0.0,80144.87,0.0,0.0
RET-0255,VS20,0.0016,PO-2021-0076,0.55,84819.14,46650.53,73.71
RET-0255,VS21,0.0016,PO-2021-0822,0.55,46815.51,25748.53,40.63
RET-0255,VS22,0.0009,PO-2023-3416,0.55,57466.81,31606.75,29.64
RET-0255,VS23,0.0016,PO-2021-0717,0.55,65738.09,36155.95,56.21
RET-0255,VS24,0.0016,PO-2023-4182,0.55,67218.28,36970.05,58.12
RET-0255,VS25,0.0028,PO-2021-1284,0.55,60956.56,33526.11,95.5
RET-0255,VS26,0.0016,PO-2021-1167,0.55,111916.95,61554.32,97.62
RET-0255,VS27,0.0016,PO-2022-2443,0.55,107098.17,58903.99,91.58
RET-0255,VS28,0.0035,PO-2022-2893,0.55,85472.95,47010.12,163.39
RET-0255,VS29,0.0022,PO-2021-1028,0.55,115902.4,63746.32,140.65
RET-0255,VS30,0.0009,PO-2021-0466,0.55,82002.05,45101.13,42.81
RET-0255,VS31,0.0035,PO-2021-0677,0.55,102110.43,56160.74,194.26
RET-0255,VS32,0.0041,PO-2021-1588,0.55,105803.96,58192.18,239.44
RET-0255,VS33,0.0022,PO-2023-3880,0.55,85799.11,47189.51,103.61
RET-0255,VS34,0.0028,PO-2023-4559,0.55,110935.35,61014.44,173.2
RET-0166,VS01,0.0313,PO-2022-2350,2.94,91548.94,269153.88,8436.01
RET-0166,VS02,0.0143,PO-2023-4400,2.94,103642.1,304707.77,4349.65
RET-0166,VS03,0.0903,PO-2021-0645,2.94,108904.11,320178.08,28925.69
RET-0166,VS04,0.0197,PO-2023-3927,2.94,54233.12,159445.37,3134.66
RET-0166,VS05,0.0255,PO-2021-1437,2.43,62608.51,152138.68,3882.24
RET-0166,VS06,0.0257,PO-2022-2202,2.94,78190.2,229879.19,5919.01
RET-0166,VS07,0.0086,PO-2023-3842,2.94,84591.01,248697.57,2137.44
RET-0166,VS08,0.0259,PO-2022-1868,2.94,112376.54,330387.03,8564.27
RET-0166,VS09,0.0199,PO-2021-1024,2.94,53516.83,157339.48,3131.95
RET-0166,VS10,0.0313,PO-2021-1339,2.94,92209.44,271095.75,8486.14
RET-0166,VS11,0.0367,PO-2022-2091,2.94,118586.58,348644.55,12778.98
RET-0166,VS12,0.1256,PO-2021-1153,2.94,62295.77,183149.56,22998.19
RET-0166,VS13,0.0252,PO-2023-3930,2.94,82117.21,241424.6,6095.0
RET-0166,VS14,0.0255,PO-2023-3818,2.94,73611.39,216417.49,5517.37
RET-0166,VS15,0.0085,PO-2021-0723,2.94,71482.22,210157.73,1791.08
RET-0166,VS16,0.0368,PO-2022-1857,2.94,102573.26,301565.38,11091.03
RET-0166,VS17,0.0366,PO-2023-4321,2.94,72823.15,214100.06,7843.76
RET-0166,VS18,0.0255,PO-2021-0048,2.94,85511.42,251403.57,6411.7
RET-0166,VS19,0.0947,PO-2023-3912,2.94,53863.91,158359.9,15000.43
RET-0166,VS20,0.0142,PO-2023-3265,2.94,110599.43,325162.32,4627.0
RET-0166,VS21,0.0142,PO-2023-4211,2.94,116836.62,343499.66,4882.17
RET-0166,VS22,0.0084,PO-2021-1407,2.94,85448.38,251218.24,2121.82
RET-0166,VS23,0.014,PO-2022-1784,2.94,109399.79,321635.38,4503.43
RET-0166,VS24,0.0142,PO-2021-0594,2.94,53692.58,157856.19,2234.94
RET-0166,VS25,0.0257,PO-2023-4636,2.94,83912.19,246701.84,6329.12
RET-0166,VS26,0.0143,PO-2022-2195,2.94,92960.63,273304.25,3903.67
RET-0166,VS27,0.014,PO-2021-0161,2.94,74904.76,220219.99,3083.56
RET-0166,VS28,0.0313,PO-2021-0877,2.94,88135.7,259118.96,8111.08
RET-0166,VS29,0.0199,PO-2021-1405,2.94,68815.4,202317.28,4020.46
RET-0166,VS30,0.0085,PO-2021-0010,2.94,115180.07,338629.41,2894.7
RET-0166,VS31,0.0312,PO-2023-3710,2.94,108978.53,320396.88,9981.08
RET-0166,VS32,0.0371,PO-2023-4576,2.94,55178.58,162225.03,6011.7
RET-0166,VS33,0.0198,PO-2022-2067,2.94,73348.41,215644.33,4264.03
RET-0166,VS34,0.0256,PO-2022-1932,2.94,72872.39,214244.83,5477.27
RET-0131,VS01,0.0216,PO-2023-3417,2.89,94380.9,272760.8,5901.21
RET-0131,VS02,0.0099,PO-2022-1910,2.89,96605.25,279189.17,2751.01
RET-0131,VS03,0.1524,PO-2021-0177,2.89,93547.35,270351.84,41212.03
RET-0131,VS04,0.0136,PO-2023-4362,2.89,64688.41,186949.5,2537.02
RET-0131,VS05,0.0176,PO-2023-4795,2.89,74847.99,216310.69,3810.16
RET-0131,VS06,0.0178,PO-2022-2532,2.89,81088.03,234344.41,4165.11
RET-0131,VS07,0.0059,PO-2022-1873,2.89,70583.79,203987.15,1210.17
RET-0131,VS08,0.0179,PO-2023-4186,1.25,106380.88,132976.1,2379.38
RET-0131,VS09,0.0137,PO-2023-4245,2.89,73880.31,213514.1,2933.77
RET-0131,VS10,0.0216,PO-2022-2161,2.89,59900.78,173113.25,3740.59
RET-0131,VS11,0.0253,PO-2023-4115,2.89,64062.22,185139.82,4684.2
RET-0131,VS12,0.2119,PO-2022-2806,2.89,57181.64,165254.94,35014.23
RET-0131,VS13,0.0174,PO-2022-3169,2.89,70784.24,204566.45,3564.91
RET-0131,VS14,0.0176,PO-2021-1366,2.89,84329.68,243712.78,4288.85
RET-0131,VS15,0.0059,PO-2021-0755,2.89,78237.03,226105.02,1330.15
RET-0131,VS16,0.0254,PO-2022-2204,2.89,105864.4,305948.12,7767.13
RET-0131,VS17,0.0253,PO-2021-0736,2.89,116889.51,337810.68,8542.86
RET-0131,VS18,0.0176,PO-2022-2335,2.89,90511.87,261579.3,4604.98
RET-0131,VS19,0.1598,PO-2023-4597,2.89,112266.24,324449.43,51857.09
RET-0131,VS20,0.0098,PO-2021-0289,2.89,118669.52,342954.91,3368.67
RET-0131,VS21,0.0098,PO-2023-4525,2.89,74220.88,214498.34,2104.42
RET-0131,VS22,0.0058,PO-2021-0563,2.89,92873.52,268404.47,1564.84
RET-0131,VS23,0.0097,PO-2022-2470,2.89,86528.27,250066.7,2416.9
RET-0131,VS24,0.0098,PO-2023-4470,2.89,102821.12,297153.04,2904.06
RET-0131,VS25,0.0177,PO-2021-0631,2.89,104762.52,302763.68,5361.63
RET-0131,VS26,0.0099,PO-2023-3233,2.89,99007.13,286130.61,2821.07
RET-0131,VS27,0.0097,PO-2021-0839,2.89,76984.87,222486.27,2150.41
RET-0131,VS28,0.0216,PO-2021-1403,2.89,49494.23,143038.32,3090.68
RET-0131,VS29,0.0137,PO-2021-1570,2.89,60293.9,174249.37,2390.21
RET-0131,VS30,0.0059,PO-2022-2498,2.89,98265.69,283987.84,1675.72
RET-0131,VS31,0.0215,PO-2023-4621,2.89,76674.83,221590.26,4764.99
RET-0131,VS32,0.0256,PO-2021-0053,2.89,81423.15,235312.9,6019.32
RET-0131,VS33,0.0136,PO-2022-2454,2.89,112935.81,326384.49,4454.86
RET-0131,VS34,0.0176,PO-2023-4779,2.89,69273.24,200199.66,3532.96
RET-0168,VS01,0.0234,PO-2023-3230,4.57,62183.64,284179.23,6642.65
RET-0168,VS02,0.0106,PO-2021-0281,4.57,94169.32,430353.79,4581.51
RET-0168,VS03,0.1413,PO-2021-1212,4.57,86841.75,396866.8,56081.17
RET-0168,VS04,0.0147,PO-2022-2930,4.57,64963.06,296881.18,4352.85
RET-0168,VS05,0.019,PO-2021-0457,4.57,72009.29,329082.46,6262.69
RET-0168,VS06,0.0192,PO-2023-4693,4.57,70845.97,323766.08,6217.18
RET-0168,VS07,0.0064,PO-2021-0558,4.12,119127.07,490803.53,3145.88
RET-0168,VS08,0.0193,PO-2023-4533,4.57,97995.93,447841.4,8657.73
RET-0168,VS09,0.0148,PO-2021-0819,4.57,81589.58,372864.38,5535.3
RET-0168,VS10,0.0233,PO-2021-1193,4.57,93541.9,427486.48,9979.81
RET-0168,VS11,0.0273,PO-2021-1105,4.57,68434.48,312745.57,8549.04
RET-0168,VS12,0.1964,PO-2022-2048,4.57,118668.08,542313.13,106516.76
RET-0168,VS13,0.0188,PO-2022-2309,4.57,51247.96,234203.18,4409.58
RET-0168,VS14,0.019,PO-2022-2551,4.57,72315.7,330482.75,6283.5
RET-0168,VS15,0.0064,PO-2023-3647,4.57,49590.11,226626.8,1440.43
RET-0168,VS16,0.0274,PO-2022-2345,4.57,111791.78,510888.43,14012.93
RET-0168,VS17,0.0273,PO-2022-1843,4.57,92275.36,421698.4,11521.85
RET-0168,VS18,0.019,PO-2023-3200,3.308,82291.51,272205.33,5177.39
RET-0168,VS19,0.1482,PO-2021-1160,4.57,80442.07,367620.26,54467.6
RET-0168,VS20,0.0106,PO-2021-0261,4.57,105551.2,482368.98,5119.07
RET-0168,VS21,0.0106,PO-2023-4692,4.57,50951.21,232847.03,2468.14
RET-0168,VS22,0.0063,PO-2022-2156,4.57,79223.7,362052.31,2280.56
RET-0168,VS23,0.0104,PO-2023-3377,4.57,95666.77,437197.14,4565.31
RET-0168,VS24,0.0106,PO-2022-3065,4.57,48402.86,221201.07,2335.63
RET-0168,VS25,0.0191,PO-2023-4270,4.57,64513.33,294825.92,5640.91
RET-0168,VS26,0.0107,PO-2022-2542,4.57,89502.76,409027.61,4357.05
RET-0168,VS27,0.0104,PO-2023-4076,4.57,100527.7,459411.59,4797.45
RET-0168,VS28,0.0233,PO-2023-4169,4.57,72637.68,331954.2,7749.44
RET-0168,VS29,0.0148,PO-2023-3329,4.57,97649.31,446257.35,6613.65
RET-0168,VS30,0.0064,PO-2021-1130,4.57,77709.97,355134.56,2264.04
RET-0168,VS31,0.0232,PO-2022-2426,4.57,74047.78,338398.35,7861.95
RET-0168,VS32,0.0276,PO-2021-1098,4.57,115680.23,528658.65,14610.59
RET-0168,VS33,0.0147,PO-2021-0016,4.57,113111.93,516921.52,7622.89
RET-0168,VS34,0.0191,PO-2022-2338,4.57,76225.91,348352.41,6641.79
RET-0226,VS01,0.0216,PO-2023-3417,2.63,94380.9,248221.77,5370.3
RET-0226,VS02,0.0099,PO-2022-1910,2.63,96605.25,254071.81,2503.51
RET-0226,VS03,0.1524,PO-2021-0177,2.63,93547.35,246029.53,37504.37
RET-0226,VS04,0.0136,PO-2023-4362,2.63,64688.41,170130.52,2308.78
RET-0226,VS05,0.0176,PO-2023-4795,2.63,74847.99,196850.21,3467.38
RET-0226,VS06,0.0178,PO-2022-2532,2.63,81088.03,213261.52,3790.39
RET-0226,VS07,0.0059,PO-2022-2027,2.63,98175.64,258201.93,1531.81
RET-0226,VS08,0.0179,PO-2023-4186,1.228,106380.88,130596.72,2336.8
RET-0226,VS09,0.0137,PO-2023-4245,2.63,73880.31,194305.22,2669.83
RET-0226,VS10,0.0216,PO-2022-2161,2.63,59900.78,157539.05,3404.07
RET-0226,VS11,0.0253,PO-2023-4115,2.63,64062.22,168483.64,4262.78
RET-0226,VS12,0.2119,PO-2022-2806,2.63,57181.64,150387.71,31864.16
RET-0226,VS13,0.0174,PO-2022-3169,2.63,70784.24,186162.55,3244.19
RET-0226,VS14,0.0176,PO-2023-4113,2.63,59433.23,156309.39,2750.73
RET-0226,VS15,0.0059,PO-2021-0755,2.63,78237.03,205763.39,1210.49
RET-0226,VS16,0.0254,PO-2022-2204,2.63,105864.4,278423.37,7068.35
RET-0226,VS17,0.0253,PO-2021-0736,2.63,116889.51,307419.41,7774.3
RET-0226,VS18,0.0176,PO-2021-0243,2.63,46943.5,123461.4,2173.48
RET-0226,VS19,0.1598,PO-2023-4597,2.63,112266.24,295260.21,47191.74
RET-0226,VS20,0.0098,PO-2021-0289,2.63,118669.52,312100.84,3065.61
RET-0226,VS21,0.0098,PO-2021-0330,2.63,55744.53,146608.11,1438.36
RET-0226,VS22,0.0058,PO-2021-0563,2.63,92873.52,244257.36,1424.06
RET-0226,VS23,0.0097,PO-2022-2470,2.63,86528.27,227569.35,2199.46
RET-0226,VS24,0.0098,PO-2023-4470,2.63,102821.12,270419.55,2642.8
RET-0226,VS25,0.0177,PO-2021-0631,2.63,104762.52,275525.43,4879.27
RET-0226,VS26,0.0099,PO-2023-3233,2.63,99007.13,260388.75,2567.27
RET-0226,VS27,0.0097,PO-2023-3331,2.63,78926.29,207576.14,2006.3
RET-0226,VS28,0.0216,PO-2021-1403,2.63,49494.23,130169.82,2812.63
RET-0226,VS29,0.0137,PO-2021-1570,2.63,60293.9,158572.96,2175.18
RET-0226,VS30,0.0059,PO-2022-2498,2.63,98265.69,258438.76,1524.96
RET-0226,VS31,0.0215,PO-2023-4621,2.63,76674.83,201654.8,4336.31
RET-0226,VS32,0.0256,PO-2023-4001,2.63,95762.29,251854.82,6442.47
RET-0226,VS33,0.0136,PO-2022-2454,2.63,112935.81,297021.18,4054.08
RET-0226,VS34,0.0176,PO-2023-4779,2.63,69273.24,182188.62,3215.12
RET-0205,VS01,0.008,PO-2022-2743,2.32,111546.2,258787.18,2070.99
RET-0205,VS02,0.0036,PO-2021-1446,2.32,117719.82,273109.98,995.42
RET-0205,VS03,0.2396,PO-2023-3826,2.32,101275.29,234958.67,56305.51
RET-0205,VS04,0.005,PO-2023-4413,2.32,47391.08,109947.31,551.9
RET-0205,VS05,0.0065,PO-2021-1350,2.32,67088.84,155646.11,1014.1
RET-0205,VS06,0.0066,PO-2022-2004,2.32,52605.38,122044.48,802.35
RET-0205,VS07,0.0022,PO-2022-1955,2.32,82709.5,191886.04,421.08
RET-0205,VS08,0.0066,PO-2023-4200,2.32,86739.34,201235.27,1331.89
RET-0205,VS09,0.0051,PO-2021-1189,2.32,107403.97,249177.21,1266.44
RET-0205,VS10,0.008,PO-2022-2349,2.32,49426.59,114669.69,916.5
RET-0205,VS11,0.0094,PO-2021-0455,2.32,103584.3,240315.58,2249.02
RET-0205,VS12,0.3331,PO-2023-4772,2.32,71528.0,165944.96,55273.76
RET-0205,VS13,0.0064,PO-2021-0778,2.32,109774.32,254676.42,1641.64
RET-0205,VS14,0.0065,PO-2023-3470,2.32,91401.15,212050.67,1380.31
RET-0205,VS15,0.0022,PO-2021-1247,2.32,95019.18,220444.5,479.7
RET-0205,VS16,0.0094,PO-2023-4197,2.32,106953.2,248131.42,2330.08
RET-0205,VS17,0.0094,PO-2023-4313,2.32,50023.04,116053.45,1085.58
RET-0205,VS18,0.0065,PO-2023-3529,2.32,71931.77,166881.71,1086.7
RET-0205,VS19,0.2513,PO-2022-2516,0.0,87125.81,0.0,0.0
RET-0205,VS20,0.0036,PO-2021-1524,2.32,71229.13,165251.58,600.4
RET-0205,VS21,0.0036,PO-2021-1238,1.38,65983.56,91057.31,330.45
RET-0205,VS22,0.0022,PO-2021-0170,1.3,110239.7,143311.61,309.06
RET-0205,VS23,0.0036,PO-2021-0717,2.32,65738.09,152512.37,545.23
RET-0205,VS24,0.0036,PO-2023-4182,2.32,67218.28,155946.41,563.74
RET-0205,VS25,0.0066,PO-2021-1284,2.32,60956.56,141419.22,926.36
RET-0205,VS26,0.0036,PO-2022-2138,2.32,64888.6,150541.55,549.01
RET-0205,VS27,0.0036,PO-2022-2443,2.32,107098.17,248467.75,888.31
RET-0205,VS28,0.008,PO-2021-0923,2.32,88704.52,205794.49,1644.79
RET-0205,VS29,0.0051,PO-2021-1028,2.32,115902.4,268893.57,1364.34
RET-0205,VS30,0.0022,PO-2021-0466,2.32,82002.05,190244.76,415.23
RET-0205,VS31,0.008,PO-2022-2359,2.32,107385.33,249133.97,1981.62
RET-0205,VS32,0.0095,PO-2023-3423,2.32,78647.0,182461.04,1726.43
RET-0205,VS33,0.005,PO-2022-1761,2.32,77075.19,178814.44,902.78
RET-0205,VS34,0.0065,PO-2023-4559,2.32,110935.35,257370.01,1680.0
RET-0049,VS01,0.0234,PO-2022-3047,4.32,52542.87,226985.2,5305.75
RET-0049,VS02,0.0106,PO-2023-3881,4.32,45933.57,198433.02,2112.5
RET-0049,VS03,0.1413,PO-2021-0547,2.863,74909.26,214447.59,30303.55
RET-0049,VS04,0.0147,PO-2022-2756,4.32,58289.19,251809.3,3692.01
RET-0049,VS05,0.019,PO-2023-3291,4.32,119516.02,516309.21,9825.75
RET-0049,VS06,0.0192,PO-2022-2971,4.32,83772.87,361898.8,6949.43
RET-0049,VS07,0.0064,PO-2021-0117,4.32,113283.13,489383.12,3136.78
RET-0049,VS08,0.0193,PO-2023-4792,4.32,54253.71,234376.03,4530.99
RET-0049,VS09,0.0148,PO-2022-2240,4.32,66971.94,289318.78,4295.03
RET-0049,VS10,0.0233,PO-2023-3577,4.32,61407.23,265279.23,6193.03
RET-0049,VS11,0.0273,PO-2023-3687,4.32,86472.36,373560.6,10211.44
RET-0049,VS12,0.1964,PO-2021-0872,4.32,74894.71,323545.15,63548.12
RET-0049,VS13,0.0188,PO-2023-4284,4.32,111062.32,479789.22,9033.48
RET-0049,VS14,0.019,PO-2022-2458,4.32,58006.17,250586.65,4764.43
RET-0049,VS15,0.0064,PO-2023-3758,4.32,102862.17,444364.57,2824.37
RET-0049,VS16,0.0274,PO-2022-2530,4.32,114453.87,494440.72,13561.8
RET-0049,VS17,0.0273,PO-2021-1425,4.32,56052.55,242147.02,6616.06
RET-0049,VS18,0.019,PO-2023-3268,4.32,88118.99,380674.04,7240.48
RET-0049,VS19,0.1482,PO-2023-3252,4.32,68959.21,297903.79,44138.22
RET-0049,VS20,0.0106,PO-2021-0865,4.32,58552.2,252945.5,2684.35
RET-0049,VS21,0.0106,PO-2023-4649,4.32,107955.77,466368.93,4943.44
RET-0049,VS22,0.0063,PO-2021-0394,4.32,84083.61,363241.2,2288.05
RET-0049,VS23,0.0104,PO-2021-0077,4.32,63855.28,275854.81,2880.53
RET-0049,VS24,0.0106,PO-2022-2102,4.32,53327.31,230373.98,2432.48
RET-0049,VS25,0.0191,PO-2022-3043,4.32,69855.56,301776.02,5773.89
RET-0049,VS26,0.0107,PO-2021-0955,4.32,101181.82,437105.46,4656.14
RET-0049,VS27,0.0104,PO-2023-3663,3.81,80526.75,306806.92,3203.86
RET-0049,VS28,0.0233,PO-2023-3403,4.32,82699.02,357259.77,8340.19
RET-0049,VS29,0.0148,PO-2023-3255,4.32,111361.01,481079.56,7129.72
RET-0049,VS30,0.0064,PO-2021-1200,4.32,64880.58,280284.11,1786.86
RET-0049,VS31,0.0232,PO-2021-0669,4.32,103107.52,445424.49,10348.47
RET-0049,VS32,0.0276,PO-2021-0666,4.32,94456.67,408052.81,11277.39
RET-0049,VS33,0.0147,PO-2022-2422,4.12,58592.5,241406.18,3559.95
RET-0049,VS34,0.0191,PO-2022-2019,2.882,69494.14,200303.62,3819.05
RET-0026,VS01,0.0145,PO-2023-4494,0.86,61491.7,52882.86,768.41
RET-0026,VS02,0.0066,PO-2022-3121,0.86,79385.72,68271.72,451.81
RET-0026,VS03,0.1979,PO-2022-2264,0.86,73425.1,63145.59,12495.55
RET-0026,VS04,0.0091,PO-2021-1109,0.86,54614.85,46968.77,428.08
RET-0026,VS05,0.0118,PO-2023-4177,0.86,72246.31,62131.83,735.02
RET-0026,VS06,0.0119,PO-2022-2874,0.86,93218.38,80167.81,956.95
RET-0026,VS07,0.004,PO-2023-3368,0.86,59240.39,50946.74,202.99
RET-0026,VS08,0.012,PO-2021-0179,0.86,77299.13,66477.25,798.88
RET-0026,VS09,0.0092,PO-2022-3055,0.86,54952.58,47259.22,436.12
RET-0026,VS10,0.0145,PO-2021-0151,0.86,118802.11,102169.81,1482.69
RET-0026,VS11,0.017,PO-2023-3796,0.86,97159.2,83556.91,1419.83
RET-0026,VS12,0.275,PO-2023-3734,0.86,120569.59,103689.85,28519.64
RET-0026,VS13,0.0117,PO-2022-2411,0.86,67183.81,57778.08,676.23
RET-0026,VS14,0.0118,PO-2022-1683,0.86,61482.08,52874.59,624.92
RET-0026,VS15,0.004,PO-2022-2815,0.86,92109.58,79214.24,312.98
RET-0026,VS16,0.0171,PO-2023-4368,0.86,77448.78,66605.95,1135.65
RET-0026,VS17,0.017,PO-2023-3885,0.86,83042.16,71416.26,1212.96
RET-0026,VS18,0.0118,PO-2022-2968,0.86,76229.32,65557.22,775.11
RET-0026,VS19,0.2075,PO-2023-4647,0.86,88360.27,75989.83,15766.46
RET-0026,VS20,0.0066,PO-2022-3016,0.86,114062.44,98093.7,647.11
RET-0026,VS21,0.0066,PO-2021-1361,0.86,47415.67,40777.48,268.69
RET-0026,VS22,0.0039,PO-2021-1317,0.86,69614.53,59868.5,234.42
RET-0026,VS23,0.0065,PO-2021-0745,0.86,71331.79,61345.34,398.2
RET-0026,VS24,0.0066,PO-2023-3957,0.86,77227.49,66415.64,435.93
RET-0026,VS25,0.0119,PO-2023-3898,0.86,118216.73,101666.39,1209.17
RET-0026,VS26,0.0066,PO-2021-1484,0.86,106309.71,91426.35,605.39
RET-0026,VS27,0.0065,PO-2022-2253,0.86,76022.99,65379.77,424.4
RET-0026,VS28,0.0145,PO-2023-4435,0.86,84428.93,72608.88,1053.68
RET-0026,VS29,0.0092,PO-2021-0510,0.86,63715.56,54795.38,504.81
RET-0026,VS30,0.004,PO-2021-1149,0.86,93102.96,80068.55,317.31
RET-0026,VS31,0.0144,PO-2023-4476,0.86,77527.62,66673.75,962.91
RET-0026,VS32,0.0172,PO-2021-0269,0.86,74493.16,64064.12,1100.61
RET-0026,VS33,0.0092,PO-2023-4798,0.86,108228.18,93076.23,853.22
RET-0026,VS34,0.0119,PO-2021-0013,0.86,86595.17,74471.85,882.64
RET-0196,VS01,0.0236,PO-2023-4273,4.63,117802.1,545423.72,12860.8
RET-0196,VS02,0.0107,PO-2023-4653,4.63,113828.85,527027.58,5659.8
RET-0196,VS03,0.14,PO-2021-0031,0.0,118994.86,0.0,0.0
RET-0196,VS04,0.0148,PO-2023-4648,4.63,86177.22,399000.53,5901.31
RET-0196,VS05,0.0192,PO-2022-1696,4.63,77640.42,359475.14,6900.96
RET-0196,VS06,0.0194,PO-2023-4531,4.63,49827.89,230703.13,4468.89
RET-0196,VS07,0.0065,PO-2023-4010,4.63,93502.71,432917.55,2799.14
RET-0196,VS08,0.0195,PO-2021-0165,4.63,94900.54,439389.5,8568.68
RET-0196,VS09,0.015,PO-2023-4440,4.63,95752.41,443333.66,6639.04
RET-0196,VS10,0.0235,PO-2022-3089,4.63,75422.37,349205.57,8223.67
RET-0196,VS11,0.0276,PO-2022-2946,4.63,82851.5,383602.44,10577.72
RET-0196,VS12,0.1946,PO-2022-3199,4.63,86227.9,399235.18,77688.35
RET-0196,VS13,0.019,PO-2022-2521,4.63,76319.18,353357.8,6711.26
RET-0196,VS14,0.0192,PO-2023-3453,4.63,110538.65,511793.95,9815.95
RET-0196,VS15,0.0064,PO-2021-0668,4.63,71961.45,333181.51,2136.23
RET-0196,VS16,0.0277,PO-2023-4449,4.63,72938.41,337704.84,9343.83
RET-0196,VS17,0.0276,PO-2022-3020,3.537,84880.27,300195.18,8273.87
RET-0196,VS18,0.0192,PO-2023-4318,4.63,81365.81,376723.7,7228.06
RET-0196,VS19,0.1468,PO-2022-1997,4.63,88460.98,409574.34,60121.63
RET-0196,VS20,0.0107,PO-2021-0451,4.63,108485.11,502286.06,5377.09
RET-0196,VS21,0.0107,PO-2021-1012,4.63,111886.7,518035.42,5539.16
RET-0196,VS22,0.0064,PO-2021-1543,4.63,83239.78,385400.18,2448.87
RET-0196,VS23,0.0105,PO-2023-4050,4.63,64755.34,299817.22,3158.16
RET-0196,VS24,0.0107,PO-2021-1232,4.63,94874.64,439269.58,4678.77
RET-0196,VS25,0.0193,PO-2022-1760,4.63,84492.85,391201.9,7550.39
RET-0196,VS26,0.0107,PO-2022-1630,4.63,113785.51,526826.91,5660.99
RET-0196,VS27,0.0105,PO-2021-0844,4.63,100920.73,467262.98,4922.14
RET-0196,VS28,0.0235,PO-2021-1127,4.63,107266.08,496641.95,11695.53
RET-0196,VS29,0.0149,PO-2022-1643,4.63,95223.33,440884.02,6591.2
RET-0196,VS30,0.0064,PO-2021-1194,4.63,105115.85,486686.39,3129.86
RET-0196,VS31,0.0234,PO-2022-1604,4.63,78298.02,362519.83,8496.08
RET-0196,VS32,0.0279,PO-2023-3768,4.63,67020.0,310302.6,8650.92
RET-0196,VS33,0.0149,PO-2022-2218,4.63,85470.95,395730.5,5886.8
RET-0196,VS34,0.0192,PO-2021-0875,4.63,97187.21,449976.78,8654.48
RET-0235,VS01,0.0181,PO-2023-4358,2.89,49264.83,142375.36,2574.31
RET-0235,VS02,0.0082,PO-2023-4052,2.89,115322.38,333281.68,2744.55
RET-0235,VS03,0.1752,PO-2023-4150,2.89,64866.66,187464.65,32838.53
RET-0235,VS04,0.0113,PO-2022-1644,2.89,77140.07,222934.8,2528.4
RET-0235,VS05,0.0147,PO-2022-3113,2.89,92014.57,265922.11,3914.6
RET-0235,VS06,0.0149,PO-2021-1112,2.89,53585.35,154861.66,2300.29
RET-0235,VS07,0.005,PO-2022-2995,2.89,117930.92,340820.36,1689.81
RET-0235,VS08,0.015,PO-2021-0861,2.89,78704.88,227457.1,3401.39
RET-0235,VS09,0.0115,PO-2022-2680,2.89,105149.53,303882.14,3489.57
RET-0235,VS10,0.0181,PO-2022-2851,2.89,103163.85,298143.53,5383.96
RET-0235,VS11,0.0211,PO-2021-0509,2.89,95251.84,275277.82,5820.68
RET-0235,VS12,0.2435,PO-2022-1642,2.89,68164.61,196995.72,47964.13
RET-0235,VS13,0.0146,PO-2021-1391,2.89,111171.45,321285.49,4679.21
RET-0235,VS14,0.0147,PO-2021-1021,2.89,70177.1,202811.82,2982.79
RET-0235,VS15,0.0049,PO-2021-1456,2.89,73275.77,211766.98,1041.16
RET-0235,VS16,0.0212,PO-2021-0070,2.89,78810.15,227761.33,4832.36
RET-0235,VS17,0.0211,PO-2023-4023,2.89,78387.75,226540.6,4787.87
RET-0235,VS18,0.0147,PO-2021-1120,2.89,84829.77,245158.04,3606.92
RET-0235,VS19,0.1837,PO-2023-3974,2.89,50659.12,146404.86,26889.72
RET-0235,VS20,0.0082,PO-2023-4680,2.89,101511.42,293368.0,2408.25
RET-0235,VS21,0.0082,PO-2022-2836,2.89,69298.24,200271.91,1642.09
RET-0235,VS22,0.0049,PO-2023-4438,2.89,82055.39,237140.08,1155.45
RET-0235,VS23,0.0081,PO-2022-3095,2.89,74779.94,216114.03,1745.63
RET-0235,VS24,0.0082,PO-2023-3730,2.89,74384.26,214970.51,1755.79
RET-0235,VS25,0.0148,PO-2023-4487,2.89,104059.42,300731.72,4450.82
RET-0235,VS26,0.0082,PO-2021-0119,2.89,108925.6,314794.98,2593.85
RET-0235,VS27,0.0081,PO-2021-1429,2.89,87945.88,254163.59,2053.04
RET-0235,VS28,0.0181,PO-2022-2001,2.89,94053.37,271814.24,4908.41
RET-0235,VS29,0.0115,PO-2023-4677,2.89,91154.9,263437.66,3020.02
RET-0235,VS30,0.0049,PO-2021-0262,2.89,56856.03,164313.93,810.29
RET-0235,VS31,0.018,PO-2021-1400,2.89,90640.0,261949.6,4707.57
RET-0235,VS32,0.0214,PO-2021-0316,2.89,78411.2,226608.37,4844.45
RET-0235,VS33,0.0114,PO-2022-3063,2.89,105837.21,305869.54,3489.05
RET-0235,VS34,0.0147,PO-2022-1949,2.89,108164.34,312594.94,4610.25
RET-0243,VS01,0.0385,PO-2021-0763,3.82,75880.19,289862.33,11152.07
RET-0243,VS02,0.0175,PO-2023-4383,3.82,113410.12,433226.66,7591.24
RET-0243,VS03,0.0447,PO-2021-0777,3.82,66558.39,254253.05,11372.33
RET-0243,VS04,0.0241,PO-2021-0663,3.82,86224.85,329378.93,7948.79
RET-0243,VS05,0.0313,PO-2021-0725,3.82,80741.66,308433.14,9661.21
RET-0243,VS06,0.0316,PO-2022-2746,3.82,73372.21,280281.84,8858.72
RET-0243,VS07,0.0105,PO-2021-0199,3.82,66311.02,253308.1,2672.38
RET-0243,VS08,0.0318,PO-2021-1266,3.82,116637.62,445555.71,14177.39
RET-0243,VS09,0.0244,PO-2021-1455,3.82,81896.91,312846.2,7644.26
RET-0243,VS10,0.0384,PO-2023-3848,3.82,47487.9,181403.78,6970.45
RET-0243,VS11,0.045,PO-2023-3713,3.82,68655.38,262263.55,11799.9
RET-0243,VS12,0.0622,PO-2022-2571,3.82,47908.49,183010.43,11377.71
RET-0243,VS13,0.031,PO-2023-3360,3.82,110472.61,422005.37,13077.88
RET-0243,VS14,0.0313,PO-2021-0630,2.57,106051.97,272553.56,8529.41
RET-0243,VS15,0.0105,PO-2023-3940,3.82,93877.92,358613.65,3751.66
RET-0243,VS16,0.0451,PO-2021-1520,3.82,109335.46,417661.46,18855.67
RET-0243,VS17,0.045,PO-2022-2083,3.82,65646.63,250770.13,11277.44
RET-0243,VS18,0.0313,PO-2022-1967,3.82,70608.94,269726.15,8444.07
RET-0243,VS19,0.0469,PO-2021-0766,3.82,79006.5,301804.83,14153.9
RET-0243,VS20,0.0175,PO-2022-2450,3.82,113949.51,435287.13,7603.3
RET-0243,VS21,0.0174,PO-2021-0624,3.82,60066.68,229454.72,4003.24
RET-0243,VS22,0.0104,PO-2022-2403,3.82,100859.54,385283.44,3994.52
RET-0243,VS23,0.0172,PO-2022-1905,3.82,48691.14,186000.15,3196.84
RET-0243,VS24,0.0174,PO-2021-0273,3.82,73976.16,282588.93,4911.18
RET-0243,VS25,0.0315,PO-2023-4274,3.82,109406.12,417931.38,13161.44
RET-0243,VS26,0.0175,PO-2023-4351,3.82,109373.36,417806.24,7325.36
RET-0243,VS27,0.0172,PO-2023-4132,3.82,101181.22,386512.26,6643.33
RET-0243,VS28,0.0384,PO-2021-1122,3.82,76073.57,290601.04,11166.15
RET-0243,VS29,0.0244,PO-2021-0840,3.82,93935.45,358833.42,8753.12
RET-0243,VS30,0.0105,PO-2022-2235,3.82,103804.7,396533.95,4160.89
RET-0243,VS31,0.0382,PO-2023-4386,3.82,87874.29,335679.79,12836.36
RET-0243,VS32,0.0455,PO-2021-1058,3.82,61839.02,236225.06,10745.65
RET-0243,VS33,0.0243,PO-2022-2792,3.82,93545.31,357343.08,8673.51
RET-0243,VS34,0.0314,PO-2022-2651,3.82,84814.94,323993.07,10167.55
RET-0254,VS01,0.0106,PO-2023-4144,2.09,87949.31,183814.06,1941.53
RET-0254,VS02,0.0048,PO-2022-2492,2.09,50778.56,106127.19,510.54
RET-0254,VS03,0.2233,PO-2021-0478,2.09,72367.91,151248.93,33768.74
RET-0254,VS04,0.0066,PO-2023-3714,2.09,52942.1,110648.99,733.09
RET-0254,VS05,0.0086,PO-2023-4301,2.09,59319.91,123978.61,1066.15
RET-0254,VS06,0.0087,PO-2023-4774,2.09,78760.91,164610.3,1428.35
RET-0254,VS07,0.0029,PO-2023-4758,2.09,50580.8,105713.87,306.18
RET-0254,VS08,0.0087,PO-2023-4743,2.09,62875.21,131409.19,1147.95
RET-0254,VS09,0.0067,PO-2022-2894,2.09,64451.79,134704.24,903.62
RET-0254,VS10,0.0105,PO-2022-2119,2.09,60460.81,126363.09,1333.02
RET-0254,VS11,0.0124,PO-2022-1645,2.09,76432.58,159744.09,1973.18
RET-0254,VS12,0.3103,PO-2023-4607,2.09,56950.43,119026.4,36936.97
RET-0254,VS13,0.0085,PO-2022-2098,2.09,78007.74,163036.18,1387.09
RET-0254,VS14,0.0086,PO-2022-2697,2.09,102378.48,213971.02,1838.33
RET-0254,VS15,0.0029,PO-2022-3176,2.09,105374.85,220233.44,632.53
RET-0254,VS16,0.0124,PO-2021-1221,2.09,119944.59,250684.19,3107.04
RET-0254,VS17,0.0123,PO-2021-1380,2.09,79662.56,166494.75,2055.59
RET-0254,VS18,0.0086,PO-2023-4355,2.09,82163.05,171720.77,1475.89
RET-0254,VS19,0.2341,PO-2021-1161,2.09,78664.88,164409.6,38487.18
RET-0254,VS20,0.0048,PO-2023-3249,2.09,83437.06,174383.46,836.24
RET-0254,VS21,0.0048,PO-2023-4024,2.09,50804.54,106181.49,508.59
RET-0254,VS22,0.0028,PO-2022-3183,2.09,62994.69,131658.9,374.75
RET-0254,VS23,0.0047,PO-2023-3566,2.09,56982.71,119093.86,561.95
RET-0254,VS24,0.0048,PO-2023-4459,2.09,65562.3,137025.21,653.78
RET-0254,VS25,0.0086,PO-2022-2245,2.09,85332.28,178344.47,1541.91
RET-0254,VS26,0.0048,PO-2022-3157,1.123,118827.09,133461.92,642.41
RET-0254,VS27,0.0047,PO-2023-3817,2.09,111177.24,232360.43,1096.44
RET-0254,VS28,0.0105,PO-2023-4170,2.09,62913.16,131488.5,1387.06
RET-0254,VS29,0.0067,PO-2021-0784,2.04,73332.67,149598.65,1001.84
RET-0254,VS30,0.0029,PO-2021-1328,2.09,100093.96,209196.38,602.65
RET-0254,VS31,0.0105,PO-2023-4053,2.09,82952.39,173370.5,1820.09
RET-0254,VS32,0.0125,PO-2021-1297,0.0,118819.77,0.0,0.0
RET-0254,VS33,0.0067,PO-2021-1492,2.09,94696.27,197915.2,1318.83
RET-0254,VS34,0.0086,PO-2022-2799,2.09,101232.34,211575.59,1822.84
RET-0158,VS01,0.033,PO-2022-2173,3.75,84318.07,316192.76,10427.72
RET-0158,VS02,0.015,PO-2021-0028,3.75,64591.14,242216.78,3638.11
RET-0158,VS03,0.0799,PO-2021-0396,1.98,73560.08,145648.96,11633.84
RET-0158,VS04,0.0207,PO-2022-1768,3.75,95580.97,358428.64,7414.49
RET-0158,VS05,0.0268,PO-2021-1030,3.75,53401.84,200256.9,5376.89
RET-0158,VS06,0.0271,PO-2021-0821,3.75,76765.55,287870.81,7799.15
RET-0158,VS07,0.009,PO-2023-3599,3.75,58630.86,219865.72,1988.29
RET-0158,VS08,0.0273,PO-2021-1548,3.75,96222.11,360832.91,9841.79
RET-0158,VS09,0.0209,PO-2022-1618,3.75,112238.34,420893.78,8815.57
RET-0158,VS10,0.0329,PO-2021-1138,3.75,117744.26,441540.98,14543.17
RET-0158,VS11,0.0386,PO-2023-3444,3.75,85522.69,320710.09,12368.78
RET-0158,VS12,0.111,PO-2021-0453,1.47,57502.52,84528.7,9384.59
RET-0158,VS13,0.0266,PO-2023-3248,3.75,92247.4,345927.75,9189.21
RET-0158,VS14,0.0268,PO-2022-1903,3.75,90997.8,341241.75,9153.83
RET-0158,VS15,0.009,PO-2023-3701,3.75,117443.86,440414.48,3949.4
RET-0158,VS16,0.0387,PO-2021-1309,3.75,116910.2,438413.25,16965.81
RET-0158,VS17,0.0385,PO-2021-0511,3.75,48611.06,182291.47,7027.07
RET-0158,VS18,0.0268,PO-2021-0232,3.75,77771.35,291642.56,7826.24
RET-0158,VS19,0.0837,PO-2022-1748,3.75,85716.31,321436.16,26920.12
RET-0158,VS20,0.015,PO-2021-1544,3.75,66041.7,247656.38,3708.08
RET-0158,VS21,0.015,PO-2023-3527,3.75,54791.25,205467.19,3072.77
RET-0158,VS22,0.0089,PO-2021-0137,3.75,50647.45,189927.94,1687.9
RET-0158,VS23,0.0147,PO-2023-4419,3.75,95743.8,359039.25,5289.6
RET-0158,VS24,0.0149,PO-2021-0168,3.75,88057.5,330215.62,4919.29
RET-0158,VS25,0.027,PO-2021-0976,3.75,71944.58,269792.18,7282.85
RET-0158,VS26,0.015,PO-2023-3744,3.75,101127.17,379226.89,5699.37
RET-0158,VS27,0.0147,PO-2022-2408,3.75,93292.67,349847.51,5154.36
RET-0158,VS28,0.0329,PO-2022-2425,3.75,117642.36,441158.85,14530.31
RET-0158,VS29,0.0209,PO-2021-0095,3.75,67806.84,254275.65,5316.78
RET-0158,VS30,0.009,PO-2022-3076,3.75,94270.29,353513.59,3179.7
RET-0158,VS31,0.0328,PO-2022-2904,3.75,105756.59,396587.21,12999.57
RET-0158,VS32,0.039,PO-2021-1180,3.75,46947.16,176051.85,6864.69
RET-0158,VS33,0.0208,PO-2023-4191,3.75,110263.62,413488.57,8602.93
RET-0158,VS34,0.0269,PO-2022-2886,3.75,103875.08,389531.55,10478.44
RET-0048,VS01,0.0338,PO-2023-4085,2.51,70089.19,175923.87,5950.36
RET-0048,VS02,0.0154,PO-2022-2434,2.51,59009.3,148113.34,2281.64
RET-0048,VS03,0.0745,PO-2021-1531,2.51,120773.32,303141.03,22576.1
RET-0048,VS04,0.0212,PO-2023-3301,2.51,72764.63,182639.22,3874.84
RET-0048,VS05,0.0275,PO-2021-0189,2.51,92096.16,231161.36,6365.61
RET-0048,VS06,0.0278,PO-2021-1364,2.51,86468.01,217034.71,6030.59
RET-0048,VS07,0.0093,PO-2023-3983,2.51,77321.5,194076.96,1800.02
RET-0048,VS08,0.028,PO-2023-3720,2.51,117684.54,295388.2,8263.08
RET-0048,VS09,0.0215,PO-2022-2661,2.51,81788.13,205288.21,4409.84
RET-0048,VS10,0.0338,PO-2023-3506,2.51,64876.1,162839.01,5500.82
RET-0048,VS11,0.0396,PO-2023-3421,2.51,67895.54,170417.81,6740.78
RET-0048,VS12,0.1035,PO-2022-2038,2.51,123581.85,310190.44,32109.1
RET-0048,VS13,0.0272,PO-2021-0268,2.51,83604.36,209846.94,5717.11
RET-0048,VS14,0.0275,PO-2021-1201,2.51,118663.96,297846.54,8194.35
RET-0048,VS15,0.0092,PO-2021-0505,2.51,100049.62,251124.55,2309.62
RET-0048,VS16,0.0397,PO-2021-0917,2.51,50842.08,127613.62,5064.88
RET-0048,VS17,0.0395,PO-2021-0963,2.51,65796.56,165149.37,6529.29
RET-0048,VS18,0.0275,PO-2021-0726,2.51,96233.05,241544.96,6647.85
RET-0048,VS19,0.0781,PO-2021-0941,0.0,118783.43,0.0,0.0
RET-0048,VS20,0.0154,PO-2022-1757,2.51,95919.24,240757.29,3697.09
RET-0048,VS21,0.0153,PO-2022-3198,2.51,106173.41,266495.26,4087.51
RET-0048,VS22,0.0091,PO-2022-1665,2.51,119462.18,299850.07,2733.02
RET-0048,VS23,0.0151,PO-2021-0550,2.51,64399.49,161642.72,2442.41
RET-0048,VS24,0.0153,PO-2021-0062,2.51,117280.11,294373.08,4497.63
RET-0048,VS25,0.0277,PO-2021-1293,2.51,105890.23,265784.48,7358.39
RET-0048,VS26,0.0154,PO-2021-0054,2.51,113965.62,286053.71,4409.17
RET-0048,VS27,0.0151,PO-2021-1273,2.51,117084.25,293881.47,4440.68
RET-0048,VS28,0.0338,PO-2023-4407,2.51,107409.37,269597.52,9107.03
RET-0048,VS29,0.0214,PO-2022-2652,2.51,89570.22,224821.25,4821.28
RET-0048,VS30,0.0092,PO-2023-3650,2.51,57149.82,143446.05,1323.27
RET-0048,VS31,0.0336,PO-2022-2485,2.51,109023.52,273649.04,9199.52
RET-0048,VS32,0.04,PO-2023-3834,2.51,48787.33,122456.2,4897.14
RET-0048,VS33,0.0213,PO-2023-4702,2.51,53269.3,133705.94,2853.09
RET-0048,VS34,0.0276,PO-2022-3135,2.51,79645.78,199910.91,5515.33
RET-0043,VS01,0.0302,PO-2021-0073,3.87,51420.97,198999.15,6012.36
RET-0043,VS02,0.0138,PO-2023-4364,3.87,51176.06,198051.35,2725.25
RET-0043,VS03,0.0976,PO-2023-4747,3.87,85746.47,331838.84,32377.13
RET-0043,VS04,0.019,PO-2023-3424,3.87,48537.27,187839.23,3559.77
RET-0043,VS05,0.0246,PO-2021-0224,3.87,103980.93,402406.2,9898.4
RET-0043,VS06,0.0248,PO-2022-1608,3.87,116330.48,450198.96,11174.06
RET-0043,VS07,0.0083,PO-2021-0361,3.87,62232.49,240839.74,1995.3
RET-0043,VS08,0.025,PO-2022-2577,3.87,103465.31,400410.75,10005.3
RET-0043,VS09,0.0192,PO-2022-2716,3.87,115550.08,447178.81,8580.56
RET-0043,VS10,0.0302,PO-2023-4214,3.87,85741.64,331820.15,10012.61
RET-0043,VS11,0.0353,PO-2023-4694,3.87,81640.85,315950.09,11163.21
RET-0043,VS12,0.1356,PO-2023-3478,3.87,109764.56,424788.85,57607.6
RET-0043,VS13,0.0243,PO-2022-2011,3.87,99572.16,385344.26,9377.74
RET-0043,VS14,0.0246,PO-2023-4633,3.87,72350.99,279998.33,6881.02
RET-0043,VS15,0.0082,PO-2023-4135,3.87,74523.86,288407.34,2369.37
RET-0043,VS16,0.0355,PO-2021-0836,3.87,49650.73,192148.33,6812.15
RET-0043,VS17,0.0353,PO-2023-4160,3.87,115090.12,445398.76,15729.46
RET-0043,VS18,0.0246,PO-2022-1899,3.87,108824.13,421149.38,10353.69
RET-0043,VS19,0.1023,PO-2022-2671,3.87,50111.87,193932.94,19839.43
RET-0043,VS20,0.0137,PO-2021-0230,3.87,106155.46,410821.63,5635.2
RET-0043,VS21,0.0137,PO-2022-2526,3.87,96146.8,372088.12,5097.89
RET-0043,VS22,0.0081,PO-2022-1740,3.87,109271.71,422881.52,3442.97
RET-0043,VS23,0.0135,PO-2023-4303,3.44,48154.71,165652.2,2235.81
RET-0043,VS24,0.0136,PO-2022-2625,3.87,52412.59,202836.72,2768.26
RET-0043,VS25,0.0247,PO-2021-0159,3.87,82916.33,320886.2,7935.6
RET-0043,VS26,0.0138,PO-2023-4589,3.87,73314.0,283725.18,3906.45
RET-0043,VS27,0.0135,PO-2021-0285,3.87,114039.07,441331.2,5956.86
RET-0043,VS28,0.0302,PO-2022-1915,3.87,67661.55,261850.2,7901.14
RET-0043,VS29,0.0192,PO-2023-3973,3.87,93669.87,362502.4,6944.02
RET-0043,VS30,0.0082,PO-2022-3056,3.87,107327.78,415358.51,3422.62
RET-0043,VS31,0.03,PO-2022-2446,3.87,93453.07,361663.38,10860.54
RET-0043,VS32,0.0357,PO-2021-1035,3.87,78394.22,303385.63,10837.57
RET-0043,VS33,0.0191,PO-2021-0279,3.87,98155.49,379861.75,7240.44
RET-0043,VS34,0.0246,PO-2023-3726,3.87,100411.3,388591.73,9576.45
RET-0239,VS01,0.0131,PO-2022-1648,2.57,115036.45,295643.68,3864.39
RET-0239,VS02,0.006,PO-2022-2895,2.57,114763.89,294943.2,1755.84
RET-0239,VS03,0.2072,PO-2023-4056,2.57,53720.8,138062.46,28609.2
RET-0239,VS04,0.0082,PO-2022-2771,2.57,67051.24,172321.69,1412.84
RET-0239,VS05,0.0106,PO-2022-2313,2.57,117423.33,301777.96,3211.49
RET-0239,VS06,0.0107,PO-2023-3524,2.57,113539.68,291796.98,3133.32
RET-0239,VS07,0.0036,PO-2023-3640,2.57,72908.7,187375.36,671.6
RET-0239,VS08,0.0108,PO-2021-0274,2.57,74542.78,191574.94,2071.0
RET-0239,VS09,0.0083,PO-2021-1075,2.57,68057.12,174906.8,1451.97
RET-0239,VS10,0.0131,PO-2021-0217,2.57,113804.71,292478.1,3818.18
RET-0239,VS11,0.0153,PO-2023-4469,1.14,62626.61,71394.34,1091.32
RET-0239,VS12,0.288,PO-2023-3667,2.57,55100.51,141608.31,40786.3
RET-0239,VS13,0.0105,PO-2021-0560,2.57,63022.66,161968.24,1705.29
RET-0239,VS14,0.0106,PO-2021-0685,2.57,72166.72,185468.47,1971.9
RET-0239,VS15,0.0036,PO-2023-4228,2.57,70345.28,180787.37,642.56
RET-0239,VS16,0.0153,PO-2021-0467,1.3,75752.71,98478.52,1510.45
RET-0239,VS17,0.0153,PO-2022-2610,2.57,106083.47,272634.52,4165.47
RET-0239,VS18,0.0106,PO-2022-3064,2.57,86516.41,222347.17,2364.88
RET-0239,VS19,0.2173,PO-2023-3522,2.57,58049.53,149187.29,32413.68
RET-0239,VS20,0.0059,PO-2023-3347,2.57,95528.95,245509.4,1456.94
RET-0239,VS21,0.0059,PO-2023-4168,2.57,115041.5,295656.65,1752.47
RET-0239,VS22,0.0035,PO-2021-1230,2.57,60141.77,154564.35,544.43
RET-0239,VS23,0.0058,PO-2023-3211,2.57,74307.41,190970.04,1115.12
RET-0239,VS24,0.0059,PO-2022-1693,2.57,54172.77,139224.02,822.04
RET-0239,VS25,0.0107,PO-2021-0365,2.57,96698.29,248514.61,2658.88
RET-0239,VS26,0.006,PO-2023-3584,2.57,65704.65,168860.95,1005.85
RET-0239,VS27,0.0058,PO-2022-2841,2.57,54730.24,140656.72,821.36
RET-0239,VS28,0.0131,PO-2023-3949,2.57,81957.24,210630.11,2749.63
RET-0239,VS29,0.0083,PO-2022-1623,2.57,72023.73,185100.99,1534.01
RET-0239,VS30,0.0036,PO-2021-1217,2.57,99224.63,255007.3,909.09
RET-0239,VS31,0.013,PO-2022-2850,2.57,109705.33,281942.7,3662.9
RET-0239,VS32,0.0155,PO-2023-4660,2.57,86345.12,221906.96,3429.46
RET-0239,VS33,0.0082,PO-2022-3015,2.57,112034.57,287928.84,2374.34
RET-0239,VS34,0.0107,PO-2022-2162,2.57,84792.12,217915.75,2323.36
RET-0115,VS01,0.0089,PO-2023-4144,1.42,87949.31,124888.02,1106.35
RET-0115,VS02,0.004,PO-2022-2492,1.42,50778.56,72105.56,290.92
RET-0115,VS03,0.2342,PO-2021-0478,1.42,72367.91,102762.43,24063.29
RET-0115,VS04,0.0056,PO-2023-3714,1.42,52942.1,75177.78,417.74
RET-0115,VS05,0.0072,PO-2023-4301,1.42,59319.91,84234.27,607.53
RET-0115,VS06,0.0073,PO-2023-4774,1.42,78760.91,111840.49,813.92
RET-0115,VS07,0.0024,PO-2023-4758,1.42,50580.8,71824.74,174.47
RET-0115,VS08,0.0073,PO-2021-0383,1.42,85922.18,122009.5,893.91
RET-0115,VS09,0.0056,PO-2022-2894,1.42,64451.79,91521.54,514.91
RET-0115,VS10,0.0088,PO-2022-2119,1.42,60460.81,85854.35,759.6
RET-0115,VS11,0.0104,PO-2022-1645,1.42,76432.58,108534.26,1124.38
RET-0115,VS12,0.3255,PO-2023-4607,1.42,56950.43,80869.61,26320.94
RET-0115,VS13,0.0071,PO-2022-2098,1.42,78007.74,110770.99,790.41
RET-0115,VS14,0.0072,PO-2022-2697,1.42,102378.48,145377.44,1047.54
RET-0115,VS15,0.0024,PO-2021-0132,1.42,95832.33,136081.91,327.8
RET-0115,VS16,0.0104,PO-2021-1221,1.42,119944.59,170321.32,1770.49
RET-0115,VS17,0.0104,PO-2022-2302,1.42,118652.73,168486.88,1744.65
RET-0115,VS18,0.0072,PO-2023-4355,1.42,82163.05,116671.53,841.01
RET-0115,VS19,0.2455,PO-2021-0999,1.42,72874.98,103482.47,25407.02
RET-0115,VS20,0.004,PO-2023-3249,1.42,83437.06,118480.63,476.52
RET-0115,VS21,0.004,PO-2023-4716,1.42,109567.15,155585.35,625.01
RET-0115,VS22,0.0024,PO-2022-3183,1.42,62994.69,89452.46,213.54
RET-0115,VS23,0.004,PO-2023-3213,1.42,56126.89,79700.18,315.41
RET-0115,VS24,0.004,PO-2023-4459,1.42,65562.3,93098.47,372.55
RET-0115,VS25,0.0073,PO-2022-2245,1.42,85332.28,121171.84,878.63
RET-0115,VS26,0.004,PO-2022-3157,1.118,118827.09,132819.51,536.2
RET-0115,VS27,0.004,PO-2023-3817,1.42,111177.24,157871.68,624.79
RET-0115,VS28,0.0088,PO-2023-4170,1.42,62913.16,89336.69,790.39
RET-0115,VS29,0.0056,PO-2021-0784,1.42,73332.67,104132.39,584.87
RET-0115,VS30,0.0024,PO-2021-1328,1.42,100093.96,142133.42,343.41
RET-0115,VS31,0.0088,PO-2023-4053,1.42,82952.39,117792.39,1037.15
RET-0115,VS32,0.0105,PO-2021-1297,0.0,118819.77,0.0,0.0
RET-0115,VS33,0.0056,PO-2021-1492,1.42,94696.27,134468.7,751.52
RET-0115,VS34,0.0072,PO-2022-2799,1.42,101232.34,143749.92,1038.71
RET-0250,VS01,0.0066,PO-2022-2743,1.95,111546.2,217515.09,1442.85
RET-0250,VS02,0.003,PO-2021-0497,1.95,87270.49,170177.46,514.12
RET-0250,VS03,0.2484,PO-2023-4412,1.95,103276.66,201389.49,50024.97
RET-0250,VS04,0.0042,PO-2023-4250,1.95,80319.86,156623.73,651.68
RET-0250,VS05,0.0054,PO-2021-1350,1.95,67088.84,130823.24,706.52
RET-0250,VS06,0.0054,PO-2022-2579,1.95,105495.14,205715.52,1121.02
RET-0250,VS07,0.0018,PO-2022-1955,1.95,82709.5,161283.52,293.36
RET-0250,VS08,0.0055,PO-2023-4200,1.95,86739.34,169141.71,927.93
RET-0250,VS09,0.0042,PO-2023-4617,1.95,118346.31,230775.3,972.22
RET-0250,VS10,0.0066,PO-2022-2349,1.95,49426.59,96381.85,638.53
RET-0250,VS11,0.0078,PO-2021-0455,1.95,103584.3,201989.38,1566.89
RET-0250,VS12,0.3453,PO-2023-4772,1.95,71528.0,139479.6,48156.65
RET-0250,VS13,0.0053,PO-2021-0778,1.95,109774.32,214059.92,1143.73
RET-0250,VS14,0.0054,PO-2023-3426,1.95,67317.23,131268.6,708.27
RET-0250,VS15,0.0018,PO-2021-1247,1.95,95019.18,185287.4,334.2
RET-0250,VS16,0.0078,PO-2023-4197,1.95,106953.2,208558.74,1623.36
RET-0250,VS17,0.0078,PO-2023-4313,1.95,50023.04,97544.93,756.32
RET-0250,VS18,0.0054,PO-2023-3529,1.95,71931.77,140266.95,757.1
RET-0250,VS19,0.2604,PO-2022-2516,0.0,87125.81,0.0,0.0
RET-0250,VS20,0.003,PO-2021-1524,1.95,71229.13,138896.8,418.3
RET-0250,VS21,0.003,PO-2021-1238,1.375,65983.56,90726.87,272.91
RET-0250,VS22,0.0018,PO-2021-0642,1.95,116273.12,226732.58,405.29
RET-0250,VS23,0.003,PO-2022-2190,1.95,63652.58,124122.53,367.81
RET-0250,VS24,0.003,PO-2023-4182,1.95,67218.28,131075.65,392.75
RET-0250,VS25,0.0054,PO-2021-1051,0.0,70869.02,0.0,0.0
RET-0250,VS26,0.003,PO-2023-4184,1.95,73708.62,143731.81,434.49
RET-0250,VS27,0.003,PO-2022-2443,1.95,107098.17,208841.43,618.88
RET-0250,VS28,0.0066,PO-2022-2831,1.95,68799.55,134159.12,888.78
RET-0250,VS29,0.0042,PO-2021-1028,1.95,115902.4,226009.68,950.53
RET-0250,VS30,0.0018,PO-2023-3907,1.95,53408.54,104146.65,188.42
RET-0250,VS31,0.0066,PO-2022-2359,1.95,107385.33,209401.39,1380.59
RET-0250,VS32,0.0078,PO-2021-0580,1.95,57366.26,111864.21,877.34
RET-0250,VS33,0.0042,PO-2022-1761,1.95,77075.19,150296.62,628.97
RET-0250,VS34,0.0054,PO-2023-4559,1.95,110935.35,216323.93,1170.45
RET-0063,VS01,0.0344,PO-2021-0468,1.07,94297.79,100898.64,3469.61
RET-0063,VS02,0.0157,PO-2023-4354,4.2,46806.58,196587.64,3078.83
RET-0063,VS03,0.0709,PO-2023-3953,4.2,60018.33,252076.99,17864.45
RET-0063,VS04,0.0216,PO-2023-3890,4.2,74950.55,314792.31,6789.85
RET-0063,VS05,0.028,PO-2021-1437,2.368,62608.51,148256.44,4150.64
RET-0063,VS06,0.0282,PO-2023-3460,4.2,85384.58,358615.24,10130.62
RET-0063,VS07,0.0094,PO-2022-2040,4.2,84938.13,356740.15,3363.82
RET-0063,VS08,0.0284,PO-2022-1868,4.2,112376.54,471981.47,13423.03
RET-0063,VS09,0.0218,PO-2023-3422,4.2,53674.21,225431.68,4923.23
RET-0063,VS10,0.0343,PO-2021-1339,4.2,92209.44,387279.65,13300.57
RET-0063,VS11,0.0402,PO-2023-4176,4.2,94199.1,395636.22,15909.91
RET-0063,VS12,0.0985,PO-2023-3227,4.2,97975.0,411495.0,40533.74
RET-0063,VS13,0.0277,PO-2023-4198,4.2,115775.93,486258.91,13468.46
RET-0063,VS14,0.028,PO-2021-0702,4.2,52993.74,222573.71,6225.47
RET-0063,VS15,0.0094,PO-2022-3102,4.2,114912.56,482632.75,4512.78
RET-0063,VS16,0.0404,PO-2021-0153,1.76,64902.56,114228.51,4609.17
RET-0063,VS17,0.0402,PO-2023-3556,4.2,101942.22,428157.32,17209.54
RET-0063,VS18,0.028,PO-2021-0048,4.2,85511.42,359147.96,10049.25
RET-0063,VS19,0.0743,PO-2023-3413,4.2,64181.31,269561.5,20030.0
RET-0063,VS20,0.0156,PO-2023-3265,4.2,110599.43,464517.61,7252.03
RET-0063,VS21,0.0156,PO-2023-4211,4.2,116836.62,490713.8,7651.98
RET-0063,VS22,0.0093,PO-2021-1407,4.2,85448.38,358883.2,3325.59
RET-0063,VS23,0.0154,PO-2021-1592,4.2,81096.64,340605.89,5232.27
RET-0063,VS24,0.0155,PO-2023-4017,4.2,76073.96,319510.63,4963.04
RET-0063,VS25,0.0281,PO-2021-0964,4.2,64367.9,270345.18,7609.36
RET-0063,VS26,0.0157,PO-2021-0367,2.45,65499.53,160473.85,2514.72
RET-0063,VS27,0.0154,PO-2022-2629,1.06,59506.44,63076.83,969.0
RET-0063,VS28,0.0343,PO-2021-0877,4.2,88135.7,370169.94,12712.73
RET-0063,VS29,0.0218,PO-2022-3132,4.2,109552.78,460121.68,10031.69
RET-0063,VS30,0.0094,PO-2021-0114,4.2,118558.1,497944.02,4670.01
RET-0063,VS31,0.0342,PO-2023-3710,4.2,108978.53,457709.83,15643.65
RET-0063,VS32,0.0407,PO-2023-4576,4.2,55178.58,231750.04,9422.32
RET-0063,VS33,0.0217,PO-2022-2830,4.2,111987.82,470348.84,10203.77
RET-0063,VS34,0.028,PO-2021-0333,4.2,75619.44,317601.65,8908.29
RET-0057,VS01,0.0283,PO-2023-3746,3.61,62120.19,224253.89,6349.36
RET-0057,VS02,0.0129,PO-2022-3121,3.61,79385.72,286582.45,3695.5
RET-0057,VS03,0.1097,PO-2023-4389,3.61,61123.58,220656.12,24210.54
RET-0057,VS04,0.0178,PO-2022-2667,3.61,119130.22,430060.09,7637.67
RET-0057,VS05,0.0231,PO-2023-4177,3.61,72246.31,260809.18,6012.01
RET-0057,VS06,0.0233,PO-2022-2874,3.61,93218.38,336518.35,7827.29
RET-0057,VS07,0.0078,PO-2023-3368,3.61,59240.39,213857.81,1660.35
RET-0057,VS08,0.0234,PO-2021-0179,3.61,77299.13,279049.86,6534.35
RET-0057,VS09,0.018,PO-2022-3055,3.61,54952.58,198378.81,3567.19
RET-0057,VS10,0.0283,PO-2021-0151,3.61,118802.11,428875.62,12127.53
RET-0057,VS11,0.0331,PO-2021-0990,3.61,51054.2,184305.66,6102.47
RET-0057,VS12,0.1525,PO-2023-3734,3.61,120569.59,435256.22,66378.75
RET-0057,VS13,0.0228,PO-2022-2411,1.729,67183.81,116183.67,2649.66
RET-0057,VS14,0.023,PO-2023-3401,3.61,116273.67,419747.95,9666.79
RET-0057,VS15,0.0077,PO-2023-4219,3.61,59583.85,215097.7,1655.99
RET-0057,VS16,0.0332,PO-2022-1699,3.61,93275.0,336722.75,11187.07
RET-0057,VS17,0.0331,PO-2023-3885,3.61,83042.16,299782.2,9921.26
RET-0057,VS18,0.023,PO-2023-3828,3.61,110527.8,399005.36,9192.51
RET-0057,VS19,0.115,PO-2023-4647,3.61,88360.27,318980.57,36696.04
RET-0057,VS20,0.0129,PO-2023-4212,3.61,65869.3,237788.17,3056.63
RET-0057,VS21,0.0128,PO-2021-1361,3.61,47415.67,171170.57,2197.71
RET-0057,VS22,0.0076,PO-2021-1317,3.61,69614.53,251308.45,1917.42
RET-0057,VS23,0.0126,PO-2021-0600,3.61,110996.27,400696.53,5068.15
RET-0057,VS24,0.0128,PO-2023-3957,3.61,77227.49,278791.24,3565.63
RET-0057,VS25,0.0232,PO-2023-3898,3.61,118216.73,426762.4,9890.33
RET-0057,VS26,0.0129,PO-2022-2462,3.61,105899.34,382296.62,4932.66
RET-0057,VS27,0.0126,PO-2022-2253,3.61,76022.99,274442.99,3471.37
RET-0057,VS28,0.0283,PO-2023-3840,3.61,63529.43,229341.24,6485.07
RET-0057,VS29,0.018,PO-2022-2942,3.61,49628.59,179159.21,3216.15
RET-0057,VS30,0.0077,PO-2021-0788,3.61,82946.83,299438.06,2312.27
RET-0057,VS31,0.0281,PO-2023-3281,3.61,77268.31,278938.6,7849.67
RET-0057,VS32,0.0335,PO-2022-2417,3.61,117207.62,423119.51,14164.34
RET-0057,VS33,0.0179,PO-2023-4798,3.61,108228.18,390703.73,6978.84
RET-0057,VS34,0.0231,PO-2022-1963,3.61,75237.98,271609.11,6272.65
RET-0119,VS01,0.0233,PO-2023-3399,1.03,48444.32,49897.65,1162.21
RET-0119,VS02,0.0106,PO-2022-2754,3.0,73139.36,219418.08,2327.62
RET-0119,VS03,0.1418,PO-2021-0935,3.0,101780.84,305342.52,43309.83
RET-0119,VS04,0.0146,PO-2023-3204,3.0,92197.48,276592.44,4040.99
RET-0119,VS05,0.019,PO-2023-4215,3.0,76528.4,229585.2,4353.68
RET-0119,VS06,0.0191,PO-2022-2912,3.0,66579.4,199738.2,3821.9
RET-0119,VS07,0.0064,PO-2022-3097,3.0,97487.79,292463.37,1867.94
RET-0119,VS08,0.0193,PO-2022-2590,3.0,92856.02,278568.06,5366.21
RET-0119,VS09,0.0148,PO-2021-0531,3.0,119121.0,357363.0,5286.35
RET-0119,VS10,0.0233,PO-2021-0628,3.0,59992.68,179978.04,4186.74
RET-0119,VS11,0.0272,PO-2021-0431,3.0,67913.19,203739.57,5549.56
RET-0119,VS12,0.1971,PO-2023-3239,3.0,46841.18,140523.54,27704.08
RET-0119,VS13,0.0188,PO-2022-3014,3.0,119574.75,358724.25,6730.11
RET-0119,VS14,0.0189,PO-2023-3509,3.0,56198.2,168594.6,3194.13
RET-0119,VS15,0.0063,PO-2022-2991,1.44,114893.66,165446.87,1047.85
RET-0119,VS16,0.0273,PO-2023-3693,3.0,85666.04,256998.12,7024.09
RET-0119,VS17,0.0272,PO-2022-1674,3.0,115123.19,345369.57,9402.88
RET-0119,VS18,0.019,PO-2022-2176,3.0,111833.76,335501.28,6358.66
RET-0119,VS19,0.1487,PO-2023-4173,3.0,65322.55,195967.65,29144.06
RET-0119,VS20,0.0106,PO-2023-3844,3.0,94366.83,283100.49,2993.71
RET-0119,VS21,0.0106,PO-2021-0891,3.0,51509.83,154529.49,1632.18
RET-0119,VS22,0.0063,PO-2023-4439,3.0,99082.77,297248.31,1865.72
RET-0119,VS23,0.0104,PO-2023-4462,3.0,68715.63,206146.89,2144.99
RET-0119,VS24,0.0105,PO-2021-0612,3.0,108323.81,324971.43,3419.15
RET-0119,VS25,0.0191,PO-2021-0241,3.0,95929.65,287788.95,5486.75
RET-0119,VS26,0.0106,PO-2022-2251,3.0,89906.37,269719.11,2862.91
RET-0119,VS27,0.0104,PO-2023-3316,3.0,111814.16,335442.48,3490.46
RET-0119,VS28,0.0233,PO-2022-3112,3.0,97404.73,292214.19,6797.51
RET-0119,VS29,0.0148,PO-2023-4042,3.0,93278.06,279834.18,4132.5
RET-0119,VS30,0.0064,PO-2023-4037,3.0,68713.71,206141.13,1309.52
RET-0119,VS31,0.0232,PO-2023-3894,3.0,95917.21,287751.63,6661.57
RET-0119,VS32,0.0275,PO-2022-2415,3.0,71362.27,214086.81,5895.75
RET-0119,VS33,0.0147,PO-2022-3032,3.0,86778.44,260335.32,3825.47
RET-0119,VS34,0.019,PO-2023-3206,2.77,114058.11,315940.96,6002.45
RET-0370,VS01,0.0216,PO-2023-3417,2.49,94380.9,235008.44,5084.43
RET-0370,VS02,0.0099,PO-2022-3109,2.49,107192.52,266909.37,2630.01
RET-0370,VS03,0.1524,PO-2021-0177,2.49,93547.35,232932.9,35507.94
RET-0370,VS04,0.0136,PO-2023-4579,2.49,110347.0,274764.03,3728.72
RET-0370,VS05,0.0176,PO-2021-0012,2.49,56831.01,141509.21,2492.59
RET-0370,VS06,0.0178,PO-2021-0038,2.49,61848.05,154001.64,2737.14
RET-0370,VS07,0.0059,PO-2022-2027,2.49,98175.64,244457.34,1450.27
RET-0370,VS08,0.0179,PO-2023-3464,2.49,48169.69,119942.53,2146.16
RET-0370,VS09,0.0137,PO-2021-0665,2.49,91463.68,227744.56,3129.3
RET-0370,VS10,0.0216,PO-2021-0283,2.49,116115.39,289127.32,6247.39
RET-0370,VS11,0.0253,PO-2022-3137,2.49,86304.81,214898.98,5437.13
RET-0370,VS12,0.2119,PO-2022-2964,2.06,66651.98,137303.08,29091.79
RET-0370,VS13,0.0174,PO-2022-2617,2.49,116185.73,289302.47,5041.58
RET-0370,VS14,0.0176,PO-2023-4113,2.49,59433.23,147988.74,2604.3
RET-0370,VS15,0.0059,PO-2021-0325,2.49,56634.1,141018.91,829.6
RET-0370,VS16,0.0254,PO-2023-4315,2.49,89495.03,222842.62,5657.32
RET-0370,VS17,0.0253,PO-2023-3321,2.49,79080.26,196909.85,4979.63
RET-0370,VS18,0.0176,PO-2021-1454,2.49,94944.95,236412.93,4161.93
RET-0370,VS19,0.1598,PO-2023-3475,2.49,99749.73,248376.83,39698.32
RET-0370,VS20,0.0098,PO-2021-0289,2.49,118669.52,295487.1,2902.42
RET-0370,VS21,0.0098,PO-2022-2550,2.49,77650.11,193348.77,1896.93
RET-0370,VS22,0.0058,PO-2023-4497,2.49,48276.08,120207.44,700.83
RET-0370,VS23,0.0097,PO-2021-0933,2.49,90342.99,224954.05,2174.18
RET-0370,VS24,0.0098,PO-2023-4470,2.49,102821.12,256024.59,2502.12
RET-0370,VS25,0.0177,PO-2021-0631,2.49,104762.52,260858.67,4619.54
RET-0370,VS26,0.0099,PO-2023-3233,2.49,99007.13,246527.75,2430.61
RET-0370,VS27,0.0097,PO-2023-3398,1.69,114409.08,193351.35,1868.81
RET-0370,VS28,0.0216,PO-2021-1457,2.49,53676.75,133655.11,2887.93
RET-0370,VS29,0.0137,PO-2021-1447,2.49,75012.39,186780.85,2562.11
RET-0370,VS30,0.0059,PO-2022-2498,2.49,98265.69,244681.57,1443.78
RET-0370,VS31,0.0215,PO-2022-1860,2.49,76413.77,190270.29,4091.5
RET-0370,VS32,0.0256,PO-2022-2633,2.49,87182.65,217084.8,5553.05
RET-0370,VS33,0.0136,PO-2023-3494,2.49,61083.68,152098.36,2076.01
RET-0370,VS34,0.0176,PO-2023-4335,2.49,103423.4,257524.27,4544.58
RET-0280,VS01,0.0286,PO-2023-3746,4.91,62120.19,305010.13,8718.06
RET-0280,VS02,0.013,PO-2022-2117,4.91,77036.22,378247.84,4923.98
RET-0280,VS03,0.108,PO-2023-4389,4.91,61123.58,300116.78,32411.49
RET-0280,VS04,0.0179,PO-2022-2667,4.91,119130.22,584929.38,10486.98
RET-0280,VS05,0.0233,PO-2023-4177,4.91,72246.31,354729.38,8254.85
RET-0280,VS06,0.0235,PO-2022-2874,4.91,93218.38,457702.25,10747.35
RET-0280,VS07,0.0078,PO-2023-4749,4.77,71095.1,339123.63,2657.97
RET-0280,VS08,0.0236,PO-2021-0179,4.91,77299.13,379538.73,8972.06
RET-0280,VS09,0.0182,PO-2022-3055,4.91,54952.58,269817.17,4897.97
RET-0280,VS10,0.0285,PO-2021-0151,4.91,118802.11,583318.36,16651.84
RET-0280,VS11,0.0334,PO-2021-0990,4.91,51054.2,250676.12,8379.06
RET-0280,VS12,0.1501,PO-2023-3734,4.433,120569.59,534474.87,80229.03
RET-0280,VS13,0.023,PO-2022-2411,1.69,67183.81,113534.0,2613.89
RET-0280,VS14,0.0232,PO-2023-3401,4.91,116273.67,570903.72,13273.09
RET-0280,VS15,0.0078,PO-2023-4219,4.91,59583.85,292556.7,2273.78
RET-0280,VS16,0.0335,PO-2022-1699,4.91,93275.0,457980.25,15360.53
RET-0280,VS17,0.0334,PO-2023-3885,4.91,83042.16,407737.01,13622.5
RET-0280,VS18,0.0233,PO-2023-3828,4.91,110527.8,542691.5,12621.87
RET-0280,VS19,0.1132,PO-2023-4647,4.91,88360.27,433848.93,49126.26
RET-0280,VS20,0.013,PO-2023-4212,4.91,65869.3,323418.26,4196.94
RET-0280,VS21,0.013,PO-2021-1361,4.91,47415.67,232810.94,3017.58
RET-0280,VS22,0.0077,PO-2021-1317,4.91,69614.53,341807.34,2632.74
RET-0280,VS23,0.0128,PO-2021-0600,4.91,110996.27,544991.69,6958.87
RET-0280,VS24,0.0129,PO-2023-3957,4.91,77227.49,379186.98,4895.83
RET-0280,VS25,0.0234,PO-2023-3898,4.91,118216.73,580444.14,13580.03
RET-0280,VS26,0.013,PO-2022-2462,4.183,105899.34,443021.55,5770.6
RET-0280,VS27,0.0128,PO-2022-2253,4.91,76022.99,373272.88,4766.41
RET-0280,VS28,0.0285,PO-2023-3840,4.91,63529.43,311929.5,8904.4
RET-0280,VS29,0.0181,PO-2022-2942,4.91,49628.59,243676.38,4415.96
RET-0280,VS30,0.0078,PO-2023-4794,4.91,58136.36,285449.53,2225.24
RET-0280,VS31,0.0284,PO-2023-3281,4.91,77268.31,379387.4,10778.08
RET-0280,VS32,0.0338,PO-2022-2417,4.91,117207.62,575489.41,19448.5
RET-0280,VS33,0.018,PO-2023-4798,4.91,108228.18,531400.36,9582.38
RET-0280,VS34,0.0233,PO-2022-1963,4.91,75237.98,369418.48,8612.74
RET-0175,VS01,0.0118,PO-2023-3417,0.28,94380.9,26426.65,313.0
RET-0175,VS02,0.0054,PO-2022-3109,0.28,107192.52,30013.91,161.9
RET-0175,VS03,0.2151,PO-2021-0177,0.28,93547.35,26193.26,5633.33
RET-0175,VS04,0.0074,PO-2023-4579,0.28,110347.0,30897.16,229.54
RET-0175,VS05,0.0096,PO-2022-2000,0.28,59097.79,16547.38,159.56
RET-0175,VS06,0.0097,PO-2021-0038,0.28,61848.05,17317.45,168.5
RET-0175,VS07,0.0032,PO-2022-2027,0.28,98175.64,27489.18,89.28
RET-0175,VS08,0.0098,PO-2023-3464,0.28,48169.69,13487.51,132.12
RET-0175,VS09,0.0075,PO-2021-0665,0.28,91463.68,25609.83,192.64
RET-0175,VS10,0.0118,PO-2021-0283,0.28,116115.39,32512.31,384.59
RET-0175,VS11,0.0139,PO-2022-3137,0.28,86304.81,24165.35,334.71
RET-0175,VS12,0.2989,PO-2022-2964,0.28,66651.98,18662.55,5578.82
RET-0175,VS13,0.0095,PO-2022-2617,0.28,116185.73,32532.0,310.36
RET-0175,VS14,0.0096,PO-2023-4113,0.28,59433.23,16641.3,160.32
RET-0175,VS15,0.0032,PO-2021-1356,0.28,60740.63,17007.38,54.77
RET-0175,VS16,0.0139,PO-2023-4315,0.28,89495.03,25058.61,348.27
RET-0175,VS17,0.0138,PO-2023-3321,0.28,79080.26,22142.47,306.55
RET-0175,VS18,0.0096,PO-2021-1454,0.28,94944.95,26584.59,256.21
RET-0175,VS19,0.2255,PO-2023-3475,0.28,99749.73,27929.92,6298.13
RET-0175,VS20,0.0054,PO-2021-0289,0.28,118669.52,33227.47,178.67
RET-0175,VS21,0.0054,PO-2022-2550,0.28,77650.11,21742.03,116.78
RET-0175,VS22,0.0032,PO-2023-4497,0.28,48276.08,13517.3,43.14
RET-0175,VS23,0.0053,PO-2021-0933,0.28,90342.99,25296.04,133.84
RET-0175,VS24,0.0054,PO-2023-3874,0.28,53772.99,15056.44,80.55
RET-0175,VS25,0.0097,PO-2021-0631,0.28,104762.52,29333.51,284.38
RET-0175,VS26,0.0054,PO-2023-3233,0.28,99007.13,27722.0,149.63
RET-0175,VS27,0.0053,PO-2023-3398,0.28,114409.08,32034.54,169.5
RET-0175,VS28,0.0118,PO-2021-1457,0.28,53676.75,15029.49,177.78
RET-0175,VS29,0.0075,PO-2021-1447,0.28,75012.39,21003.47,157.72
RET-0175,VS30,0.0032,PO-2022-2498,0.28,98265.69,27514.39,88.88
RET-0175,VS31,0.0118,PO-2022-1985,0.28,72991.11,20437.51,240.59
RET-0175,VS32,0.014,PO-2022-2633,0.28,87182.65,24411.14,341.85
RET-0175,VS33,0.0075,PO-2023-3494,0.28,61083.68,17103.43,127.8
RET-0175,VS34,0.0097,PO-2023-4335,0.28,103423.4,28958.55,279.77
RET-0229,VS01,0.0171,PO-2022-3074,1.47,103972.59,152839.71,2619.37
RET-0229,VS02,0.0078,PO-2022-2813,1.47,116719.42,171577.55,1339.23
RET-0229,VS03,0.1812,PO-2023-4727,0.0,72239.2,0.0,0.0
RET-0229,VS04,0.0107,PO-2022-2930,1.47,64963.06,95495.7,1026.56
RET-0229,VS05,0.014,PO-2022-3021,1.47,61308.2,90123.05,1257.48
RET-0229,VS06,0.0141,PO-2023-4693,1.47,70845.97,104143.58,1466.24
RET-0229,VS07,0.0047,PO-2021-0513,1.47,88354.16,129880.62,610.37
RET-0229,VS08,0.0142,PO-2021-1584,1.47,53260.17,78292.45,1109.71
RET-0229,VS09,0.0109,PO-2021-0878,1.47,92389.32,135812.3,1478.22
RET-0229,VS10,0.0171,PO-2021-1193,1.47,93541.9,137506.59,2353.61
RET-0229,VS11,0.02,PO-2021-1105,1.47,68434.48,100598.69,2016.18
RET-0229,VS12,0.2519,PO-2021-0966,1.47,88969.31,130784.89,32939.94
RET-0229,VS13,0.0138,PO-2022-2309,1.47,51247.96,75334.5,1039.94
RET-0229,VS14,0.0139,PO-2023-4235,1.47,107565.96,158121.96,2204.22
RET-0229,VS15,0.0047,PO-2023-3436,1.47,103818.67,152613.44,711.19
RET-0229,VS16,0.0201,PO-2022-2179,1.47,117243.33,172347.7,3465.92
RET-0229,VS17,0.02,PO-2023-3617,1.47,54046.08,79447.74,1591.52
RET-0229,VS18,0.0139,PO-2023-3200,1.47,82291.51,120968.52,1686.93
RET-0229,VS19,0.19,PO-2021-1160,1.47,80442.07,118249.84,22466.57
RET-0229,VS20,0.0078,PO-2021-1553,1.47,60149.93,88420.4,687.98
RET-0229,VS21,0.0078,PO-2021-0920,1.47,49611.17,72928.42,566.77
RET-0229,VS22,0.0046,PO-2022-2156,1.47,79223.7,116458.84,537.84
RET-0229,VS23,0.0077,PO-2023-3377,1.47,95666.77,140630.15,1076.67
RET-0229,VS24,0.0077,PO-2022-3065,1.47,48402.86,71152.2,550.83
RET-0229,VS25,0.014,PO-2022-2839,1.47,117232.15,172331.26,2417.46
RET-0229,VS26,0.0078,PO-2023-4719,1.47,65024.62,95586.19,746.53
RET-0229,VS27,0.0077,PO-2023-4076,1.47,100527.7,147775.72,1131.41
RET-0229,VS28,0.0171,PO-2021-1140,1.47,117248.65,172355.52,2950.04
RET-0229,VS29,0.0109,PO-2021-1590,1.47,53487.3,78626.33,854.35
RET-0229,VS30,0.0047,PO-2021-0911,1.47,80650.08,118555.62,554.15
RET-0229,VS31,0.017,PO-2022-2426,1.47,74047.78,108850.24,1854.14
RET-0229,VS32,0.0203,PO-2021-1098,1.47,115680.23,170049.94,3445.72
RET-0229,VS33,0.0108,PO-2023-4493,1.47,61233.8,90013.69,973.23
RET-0229,VS34,0.014,PO-2021-1343,1.47,82109.4,120700.82,1687.28
RET-0242,VS01,0.0234,PO-2022-3074,4.175,103972.59,434065.51,10146.23
RET-0242,VS02,0.0106,PO-2022-2813,4.93,116719.42,575426.74,6125.95
RET-0242,VS03,0.1413,PO-2023-4727,0.0,72239.2,0.0,0.0
RET-0242,VS04,0.0147,PO-2022-2930,4.93,64963.06,320267.89,4695.74
RET-0242,VS05,0.019,PO-2022-3021,4.93,61308.2,302249.43,5752.03
RET-0242,VS06,0.0192,PO-2023-4693,4.93,70845.97,349270.63,6706.93
RET-0242,VS07,0.0064,PO-2021-0513,4.93,88354.16,435586.01,2791.96
RET-0242,VS08,0.0193,PO-2021-1584,4.93,53260.17,262572.64,5076.09
RET-0242,VS09,0.0148,PO-2021-0878,4.93,92389.32,455479.35,6761.74
RET-0242,VS10,0.0233,PO-2021-1193,4.93,93541.9,461161.57,10765.97
RET-0242,VS11,0.0273,PO-2021-1105,4.93,68434.48,337381.99,9222.48
RET-0242,VS12,0.1964,PO-2021-0966,2.94,88969.31,261548.48,51371.24
RET-0242,VS13,0.0188,PO-2022-2309,4.93,51247.96,252652.44,4756.95
RET-0242,VS14,0.019,PO-2023-4235,4.93,107565.96,530300.18,10082.64
RET-0242,VS15,0.0064,PO-2023-3436,4.93,103818.67,511826.04,3253.15
RET-0242,VS16,0.0274,PO-2022-2179,4.93,117243.33,578009.62,15853.97
RET-0242,VS17,0.0273,PO-2023-3617,4.93,54046.08,266447.17,7280.0
RET-0242,VS18,0.019,PO-2023-3674,4.93,49541.25,244238.36,4645.46
RET-0242,VS19,0.1482,PO-2021-1160,4.93,80442.07,396579.41,58758.26
RET-0242,VS20,0.0106,PO-2021-1553,4.93,60149.93,296539.15,3146.98
RET-0242,VS21,0.0106,PO-2021-0920,4.93,49611.17,244583.07,2592.54
RET-0242,VS22,0.0063,PO-2022-2156,4.93,79223.7,390572.84,2460.21
RET-0242,VS23,0.0104,PO-2023-3377,4.93,95666.77,471637.18,4924.94
RET-0242,VS24,0.0106,PO-2022-3065,4.93,48402.86,238626.1,2519.62
RET-0242,VS25,0.0191,PO-2022-2839,4.93,117232.15,577954.5,11058.02
RET-0242,VS26,0.0107,PO-2023-4719,4.93,65024.62,320571.38,3414.79
RET-0242,VS27,0.0104,PO-2023-4076,4.93,100527.7,495601.56,5175.36
RET-0242,VS28,0.0233,PO-2021-1140,4.93,117248.65,578035.84,13494.19
RET-0242,VS29,0.0148,PO-2021-1590,4.93,53487.3,263692.39,3907.99
RET-0242,VS30,0.0064,PO-2021-0911,2.463,80650.08,198651.55,1266.44
RET-0242,VS31,0.0232,PO-2022-2426,4.93,74047.78,365055.56,8481.27
RET-0242,VS32,0.0276,PO-2021-1098,4.93,115680.23,570303.53,15761.53
RET-0242,VS33,0.0147,PO-2023-4493,4.93,61233.8,301882.63,4451.77
RET-0242,VS34,0.0191,PO-2021-1343,4.93,82109.4,404799.34,7718.02
RET-0073,VS01,0.0386,PO-2021-0659,4.93,55603.04,274122.99,10587.23
RET-0073,VS02,0.0176,PO-2021-0837,4.93,61918.7,305259.19,5369.57
RET-0073,VS03,0.0438,PO-2021-1352,4.93,62138.41,306342.36,13411.21
RET-0073,VS04,0.0242,PO-2021-0663,4.93,86224.85,425088.51,10298.11
RET-0073,VS05,0.0314,PO-2023-3899,4.93,54730.49,269821.32,8484.37
RET-0073,VS06,0.0317,PO-2023-3770,4.93,108243.1,533638.48,16931.54
RET-0073,VS07,0.0106,PO-2021-0199,4.93,66311.02,326913.33,3462.22
RET-0073,VS08,0.0319,PO-2021-0585,4.93,97640.12,481365.79,15375.97
RET-0073,VS09,0.0245,PO-2021-0164,3.59,116746.85,419121.19,10280.57
RET-0073,VS10,0.0386,PO-2022-2366,4.93,106077.31,522961.14,20172.37
RET-0073,VS11,0.0452,PO-2023-3713,4.93,68655.38,338471.02,15287.45
RET-0073,VS12,0.0608,PO-2021-0334,4.93,113048.59,557329.55,33913.19
RET-0073,VS13,0.0311,PO-2023-3360,4.93,110472.61,544629.97,16943.14
RET-0073,VS14,0.0314,PO-2021-0630,2.49,106051.97,264024.15,8294.38
RET-0073,VS15,0.0105,PO-2022-2624,4.93,115048.22,567187.72,5956.57
RET-0073,VS16,0.0453,PO-2021-1520,4.93,109335.46,539023.82,24428.59
RET-0073,VS17,0.0451,PO-2021-0646,4.93,46852.93,230984.94,10427.77
RET-0073,VS18,0.0314,PO-2022-1967,4.93,70608.94,348102.07,10939.78
RET-0073,VS19,0.0459,PO-2022-2258,4.93,113529.63,559701.08,25691.16
RET-0073,VS20,0.0175,PO-2022-2450,4.93,113949.51,561771.08,9850.51
RET-0073,VS21,0.0175,PO-2021-0624,4.93,60066.68,296128.73,5186.42
RET-0073,VS22,0.0104,PO-2022-2403,4.93,100859.54,497237.53,5175.13
RET-0073,VS23,0.0173,PO-2022-1905,4.034,48691.14,196436.84,3389.25
RET-0073,VS24,0.0174,PO-2022-1919,4.93,78920.28,389076.98,6787.96
RET-0073,VS25,0.0316,PO-2023-4616,4.93,98112.73,483695.76,15291.27
RET-0073,VS26,0.0176,PO-2023-4351,4.93,109373.36,539210.66,9490.42
RET-0073,VS27,0.0173,PO-2022-1797,4.93,70553.35,347828.02,6001.5
RET-0073,VS28,0.0386,PO-2021-1122,4.93,76073.57,375042.7,14466.39
RET-0073,VS29,0.0245,PO-2023-4484,4.93,46894.46,231189.69,5661.24
RET-0073,VS30,0.0105,PO-2023-3243,4.93,79042.74,389680.71,4104.76
RET-0073,VS31,0.0384,PO-2022-2029,1.62,70544.7,114282.41,4387.01
RET-0073,VS32,0.0457,PO-2021-1058,4.93,61839.02,304866.37,13921.61
RET-0073,VS33,0.0244,PO-2022-2792,4.93,93545.31,461178.38,11237.03
RET-0073,VS34,0.0315,PO-2022-2651,4.93,84814.94,418137.65,13172.64
RET-0341,VS01,0.0171,PO-2021-1355,1.97,119195.6,234815.33,4024.26
RET-0341,VS02,0.0078,PO-2022-2813,1.97,116719.42,229937.26,1794.75
RET-0341,VS03,0.1812,PO-2023-4727,0.0,72239.2,0.0,0.0
RET-0341,VS04,0.0107,PO-2023-4501,1.97,78614.97,154871.49,1664.84
RET-0341,VS05,0.014,PO-2022-3021,1.97,61308.2,120777.15,1685.2
RET-0341,VS06,0.0141,PO-2023-4693,1.97,70845.97,139566.56,1964.96
RET-0341,VS07,0.0047,PO-2021-0513,1.97,88354.16,174057.7,817.97
RET-0341,VS08,0.0142,PO-2021-1584,1.97,53260.17,104922.53,1487.17
RET-0341,VS09,0.0109,PO-2021-0878,1.97,92389.32,182006.96,1981.02
RET-0341,VS10,0.0171,PO-2021-1193,1.97,93541.9,184277.54,3154.16
RET-0341,VS11,0.02,PO-2021-1105,1.97,68434.48,134815.93,2701.95
RET-0341,VS12,0.2519,PO-2021-0966,1.97,88969.31,175269.54,44144.0
RET-0341,VS13,0.0138,PO-2022-2309,1.97,51247.96,100958.48,1393.66
RET-0341,VS14,0.0139,PO-2023-4235,1.97,107565.96,211904.94,2953.96
RET-0341,VS15,0.0047,PO-2023-3436,1.97,103818.67,204522.78,953.09
RET-0341,VS16,0.0201,PO-2022-2179,1.97,117243.33,230969.36,4644.81
RET-0341,VS17,0.02,PO-2023-3617,1.97,54046.08,106470.78,2132.85
RET-0341,VS18,0.0139,PO-2023-3674,1.97,49541.25,97596.26,1361.0
RET-0341,VS19,0.19,PO-2021-1160,1.97,80442.07,158470.88,30108.26
RET-0341,VS20,0.0078,PO-2021-1553,1.97,60149.93,118495.36,921.98
RET-0341,VS21,0.0078,PO-2021-0920,1.97,49611.17,97734.0,759.55
RET-0341,VS22,0.0046,PO-2022-2156,1.97,79223.7,156070.69,720.78
RET-0341,VS23,0.0077,PO-2023-3377,1.97,95666.77,188463.54,1442.88
RET-0341,VS24,0.0077,PO-2022-3065,1.97,48402.86,95353.63,738.18
RET-0341,VS25,0.014,PO-2022-2839,1.97,117232.15,230947.34,3239.72
RET-0341,VS26,0.0078,PO-2023-4719,1.97,65024.62,128098.5,1000.45
RET-0341,VS27,0.0077,PO-2023-4076,1.97,100527.7,198039.57,1516.25
RET-0341,VS28,0.0171,PO-2021-1140,1.97,117248.65,230979.84,3953.45
RET-0341,VS29,0.0109,PO-2021-1590,1.97,53487.3,105369.98,1144.94
RET-0341,VS30,0.0047,PO-2021-0911,1.97,80650.08,158880.66,742.63
RET-0341,VS31,0.017,PO-2022-2426,1.97,74047.78,145874.13,2484.8
RET-0341,VS32,0.0203,PO-2021-1098,1.97,115680.23,227890.05,4617.73
RET-0341,VS33,0.0108,PO-2023-4493,1.97,61233.8,120630.59,1304.26
RET-0341,VS34,0.014,PO-2021-1343,1.97,82109.4,161755.52,2261.18
RET-0065,VS01,0.0164,PO-2023-4101,4.04,106647.61,430856.34,7066.78
RET-0065,VS02,0.0075,PO-2022-2895,4.04,114763.89,463646.12,3463.46
RET-0065,VS03,0.1859,PO-2023-4056,4.04,53720.8,217032.03,40349.41
RET-0065,VS04,0.0103,PO-2022-2771,4.04,67051.24,270887.01,2786.88
RET-0065,VS05,0.0134,PO-2023-4251,2.28,88162.4,201010.27,2684.19
RET-0065,VS06,0.0135,PO-2022-1763,4.04,67679.25,273424.17,3684.16
RET-0065,VS07,0.0045,PO-2023-4433,4.04,95085.06,384143.64,1727.7
RET-0065,VS08,0.0136,PO-2022-2172,4.04,55680.63,224949.75,3051.44
RET-0065,VS09,0.0104,PO-2021-1359,4.04,100335.38,405354.94,4222.46
RET-0065,VS10,0.0164,PO-2021-0817,4.04,80689.1,325983.96,5339.94
RET-0065,VS11,0.0192,PO-2023-4469,1.123,62626.61,70303.01,1348.47
RET-0065,VS12,0.2584,PO-2022-1936,4.04,124278.2,502083.93,129743.38
RET-0065,VS13,0.0132,PO-2021-0560,4.04,63022.66,254611.55,3363.74
RET-0065,VS14,0.0133,PO-2021-1016,4.04,62929.68,254235.91,3391.79
RET-0065,VS15,0.0045,PO-2021-0732,3.63,104945.24,380923.12,1698.87
RET-0065,VS16,0.0192,PO-2022-2735,4.04,52720.8,212992.03,4099.27
RET-0065,VS17,0.0192,PO-2022-2200,4.04,84962.08,343246.8,6580.61
RET-0065,VS18,0.0133,PO-2022-3064,4.04,86516.41,349526.3,4664.81
RET-0065,VS19,0.1949,PO-2021-0346,4.04,64741.45,261555.46,50985.14
RET-0065,VS20,0.0074,PO-2023-3347,4.04,95528.95,385936.96,2873.87
RET-0065,VS21,0.0074,PO-2021-0561,4.04,94155.04,380386.36,2829.2
RET-0065,VS22,0.0044,PO-2021-0202,4.04,107171.92,432974.56,1913.69
RET-0065,VS23,0.0073,PO-2022-1867,4.04,86770.56,350553.06,2568.54
RET-0065,VS24,0.0074,PO-2022-1693,4.04,54172.77,218857.99,1621.51
RET-0065,VS25,0.0134,PO-2022-2989,4.04,58824.4,237650.58,3190.53
RET-0065,VS26,0.0075,PO-2023-3815,1.76,47482.02,83568.36,624.63
RET-0065,VS27,0.0073,PO-2023-3831,4.04,117054.77,472901.27,3465.12
RET-0065,VS28,0.0164,PO-2022-1779,2.36,79281.17,187103.56,3064.88
RET-0065,VS29,0.0104,PO-2022-1623,4.04,72023.73,290975.87,3025.88
RET-0065,VS30,0.0045,PO-2021-1217,4.04,99224.63,400867.51,1793.21
RET-0065,VS31,0.0163,PO-2023-4087,4.04,113295.37,457713.29,7461.66
RET-0065,VS32,0.0194,PO-2021-0421,4.04,65153.79,263221.31,5104.5
RET-0065,VS33,0.0103,PO-2021-1514,4.04,83625.86,337848.47,3495.88
RET-0065,VS34,0.0134,PO-2023-3985,4.04,49311.74,199219.43,2665.25
RET-0151,VS01,0.0105,PO-2021-0067,0.34,52915.42,17991.24,188.23
RET-0151,VS02,0.0048,PO-2022-2110,0.34,116984.12,39774.6,189.53
RET-0151,VS03,0.2239,PO-2023-3486,0.34,67089.96,22810.59,5107.42
RET-0151,VS04,0.0066,PO-2022-2738,0.34,46722.05,15885.5,104.25
RET-0151,VS05,0.0085,PO-2022-1849,0.34,55730.96,18948.53,161.4
RET-0151,VS06,0.0086,PO-2021-1191,0.34,91040.08,30953.63,266.05
RET-0151,VS07,0.0029,PO-2023-4509,0.34,90660.18,30824.46,88.43
RET-0151,VS08,0.0087,PO-2021-0535,0.34,87494.54,29748.14,257.41
RET-0151,VS09,0.0066,PO-2022-1814,0.34,86215.87,29313.4,194.78
RET-0151,VS10,0.0104,PO-2022-3089,0.34,75422.37,25643.61,267.96
RET-0151,VS11,0.0122,PO-2021-0512,0.34,73403.44,24957.17,305.36
RET-0151,VS12,0.3112,PO-2022-1830,0.34,98311.39,33425.87,10402.63
RET-0151,VS13,0.0084,PO-2022-2521,0.34,76319.18,25948.52,218.68
RET-0151,VS14,0.0085,PO-2023-3929,0.34,111388.1,37871.95,322.3
RET-0151,VS15,0.0028,PO-2023-4472,0.34,62816.93,21357.76,60.76
RET-0151,VS16,0.0123,PO-2023-4374,0.34,112953.9,38404.33,471.49
RET-0151,VS17,0.0122,PO-2023-3771,0.34,54853.02,18650.03,228.08
RET-0151,VS18,0.0085,PO-2023-4318,0.34,81365.81,27664.38,235.52
RET-0151,VS19,0.2348,PO-2021-0627,0.34,87572.94,29774.8,6990.05
RET-0151,VS20,0.0048,PO-2021-0451,0.34,108485.11,36884.94,175.2
RET-0151,VS21,0.0047,PO-2023-3203,0.34,80102.29,27234.78,129.21
RET-0151,VS22,0.0028,PO-2022-2587,0.34,45557.84,15489.67,43.67
RET-0151,VS23,0.0047,PO-2023-4050,0.34,64755.34,22016.82,102.9
RET-0151,VS24,0.0047,PO-2022-2400,0.34,63990.02,21756.61,102.82
RET-0151,VS25,0.0086,PO-2023-4548,0.34,115240.61,39181.81,335.55
RET-0151,VS26,0.0048,PO-2022-2241,0.34,81784.9,27806.87,132.58
RET-0151,VS27,0.0047,PO-2021-0844,0.34,100920.73,34313.05,160.38
RET-0151,VS28,0.0104,PO-2021-1127,0.34,107266.08,36470.47,381.08
RET-0151,VS29,0.0066,PO-2022-1870,0.34,80782.95,27466.2,182.2
RET-0151,VS30,0.0029,PO-2021-0801,0.34,57510.7,19553.64,55.8
RET-0151,VS31,0.0104,PO-2021-1062,0.34,92099.7,31313.9,325.63
RET-0151,VS32,0.0124,PO-2023-4690,0.34,82678.64,28110.74,347.74
RET-0151,VS33,0.0066,PO-2021-0387,0.34,104304.07,35463.38,234.08
RET-0151,VS34,0.0085,PO-2023-4309,0.34,87656.27,29803.13,254.34
RET-0006,VS01,0.0299,PO-2022-1925,3.84,101627.84,390250.91,11678.71
RET-0006,VS02,0.0136,PO-2022-2954,3.84,68429.53,262769.4,3581.46
RET-0006,VS03,0.0994,PO-2022-2307,3.84,72979.52,280241.36,27857.03
RET-0006,VS04,0.0188,PO-2023-4189,3.84,105315.52,404411.6,7591.3
RET-0006,VS05,0.0244,PO-2022-2386,3.84,46679.59,179249.63,4367.33
RET-0006,VS06,0.0246,PO-2022-1754,3.84,99978.99,383919.32,9438.51
RET-0006,VS07,0.0082,PO-2021-0616,3.84,59065.76,226812.52,1861.25
RET-0006,VS08,0.0248,PO-2023-4078,3.84,91258.6,350433.02,8673.34
RET-0006,VS09,0.019,PO-2022-2026,3.84,89930.96,345334.89,6563.45
RET-0006,VS10,0.0299,PO-2021-1430,3.84,114751.26,440644.84,13170.14
RET-0006,VS11,0.035,PO-2022-2257,3.84,98626.75,378726.72,13254.2
RET-0006,VS12,0.1382,PO-2023-4187,2.75,101433.83,278943.03,38540.17
RET-0006,VS13,0.0241,PO-2022-2464,3.49,77078.05,269002.39,6484.29
RET-0006,VS14,0.0243,PO-2023-4588,3.84,66094.42,253802.57,6178.03
RET-0006,VS15,0.0081,PO-2023-4524,3.84,52325.09,200928.35,1635.03
RET-0006,VS16,0.0351,PO-2021-0024,3.84,97595.86,374768.1,13160.35
RET-0006,VS17,0.035,PO-2021-1495,3.84,112774.5,433054.08,15148.3
RET-0006,VS18,0.0244,PO-2022-2456,3.84,95226.35,365669.18,8904.39
RET-0006,VS19,0.1042,PO-2022-2608,3.84,113578.92,436143.05,45456.71
RET-0006,VS20,0.0136,PO-2021-1068,3.84,96626.0,371043.84,5041.25
RET-0006,VS21,0.0136,PO-2023-3323,3.84,93453.67,358862.09,4870.0
RET-0006,VS22,0.0081,PO-2022-1943,3.84,100294.91,385132.45,3105.86
RET-0006,VS23,0.0134,PO-2021-0288,3.84,59419.81,228172.07,3050.4
RET-0006,VS24,0.0135,PO-2022-2804,3.84,115067.31,441858.47,5973.12
RET-0006,VS25,0.0245,PO-2023-3804,3.84,95835.06,368006.63,9014.49
RET-0006,VS26,0.0136,PO-2021-1560,3.84,45270.04,173836.95,2370.74
RET-0006,VS27,0.0134,PO-2022-1746,3.84,48082.5,184636.8,2468.47
RET-0006,VS28,0.0299,PO-2023-3441,3.84,70609.13,271139.06,8103.74
RET-0006,VS29,0.019,PO-2023-3977,3.84,104758.48,402272.56,7632.69
RET-0006,VS30,0.0082,PO-2021-0477,3.84,51781.57,198841.23,1622.93
RET-0006,VS31,0.0297,PO-2022-2525,3.84,86094.4,330602.5,9833.54
RET-0006,VS32,0.0354,PO-2023-4402,3.41,73532.21,250744.84,8872.09
RET-0006,VS33,0.0189,PO-2022-3129,3.84,56360.01,216422.44,4086.01
RET-0006,VS34,0.0244,PO-2022-1934,3.84,60796.28,233457.72,5698.7
RET-0147,VS01,0.0111,PO-2023-4101,1.63,106647.61,173835.6,1928.06
RET-0147,VS02,0.0051,PO-2022-2895,1.63,114763.89,187065.14,944.95
RET-0147,VS03,0.2199,PO-2023-4056,1.63,53720.8,87564.9,19254.07
RET-0147,VS04,0.007,PO-2022-2771,1.63,67051.24,109293.52,760.36
RET-0147,VS05,0.009,PO-2023-4251,1.63,88162.4,143704.71,1297.65
RET-0147,VS06,0.0091,PO-2022-1763,1.63,67679.25,110317.18,1005.16
RET-0147,VS07,0.003,PO-2023-4433,1.63,95085.06,154988.65,471.38
RET-0147,VS08,0.0092,PO-2022-2172,1.63,55680.63,90759.43,832.54
RET-0147,VS09,0.007,PO-2021-1359,1.63,100335.38,163546.67,1152.03
RET-0147,VS10,0.0111,PO-2021-0817,1.63,80689.1,131523.23,1456.92
RET-0147,VS11,0.013,PO-2023-4469,1.101,62626.61,68954.55,894.38
RET-0147,VS12,0.3056,PO-2022-1936,1.63,124278.2,202573.47,61911.39
RET-0147,VS13,0.0089,PO-2021-0560,1.63,63022.66,102726.94,917.74
RET-0147,VS14,0.009,PO-2022-1723,1.63,77313.63,126021.22,1136.92
RET-0147,VS15,0.003,PO-2021-0732,1.63,104945.24,171060.74,515.9
RET-0147,VS16,0.013,PO-2021-1537,1.63,59014.52,96193.67,1251.93
RET-0147,VS17,0.013,PO-2022-2200,1.63,84962.08,138488.19,1795.42
RET-0147,VS18,0.009,PO-2022-3064,1.63,86516.41,141021.75,1272.72
RET-0147,VS19,0.2305,PO-2021-0346,1.63,64741.45,105528.56,24329.26
RET-0147,VS20,0.005,PO-2023-3347,1.63,95528.95,155712.19,784.09
RET-0147,VS21,0.005,PO-2021-0561,1.63,94155.04,153472.72,771.9
RET-0147,VS22,0.003,PO-2021-0202,1.63,107171.92,174690.23,522.12
RET-0147,VS23,0.005,PO-2022-1867,1.63,86770.56,141436.01,700.78
RET-0147,VS24,0.005,PO-2022-1693,1.63,54172.77,88301.62,442.4
RET-0147,VS25,0.0091,PO-2022-2989,1.63,58824.4,95883.77,870.48
RET-0147,VS26,0.0051,PO-2023-3815,1.63,47482.02,77395.69,391.19
RET-0147,VS27,0.005,PO-2023-3831,1.63,117054.77,190799.28,945.4
RET-0147,VS28,0.0111,PO-2022-1779,1.63,79281.17,129228.31,1431.47
RET-0147,VS29,0.007,PO-2022-1623,1.63,72023.73,117398.68,825.56
RET-0147,VS30,0.003,PO-2021-1217,1.63,99224.63,161736.15,489.25
RET-0147,VS31,0.011,PO-2023-4087,1.63,113295.37,184671.45,2035.79
RET-0147,VS32,0.0131,PO-2021-0421,1.63,65153.79,106200.68,1392.68
RET-0147,VS33,0.007,PO-2021-1514,1.63,83625.86,136310.15,953.8
RET-0147,VS34,0.009,PO-2023-3985,1.63,49311.74,80378.14,727.17
RET-0020,VS01,0.0105,PO-2022-2743,4.84,111546.2,539883.61,5646.51
RET-0020,VS02,0.0048,PO-2021-0497,4.84,87270.49,422389.17,2012.0
RET-0020,VS03,0.2239,PO-2022-2055,4.84,119136.41,576620.22,129122.18
RET-0020,VS04,0.0066,PO-2022-1640,4.84,118392.06,573017.57,3759.15
RET-0020,VS05,0.0085,PO-2023-3574,4.84,47202.38,228459.52,1945.34
RET-0020,VS06,0.0086,PO-2023-3472,4.84,66892.41,323759.26,2781.73
RET-0020,VS07,0.0029,PO-2022-1955,4.84,82709.5,400313.98,1148.07
RET-0020,VS08,0.0086,PO-2023-4200,4.84,86739.34,419818.41,3631.39
RET-0020,VS09,0.0066,PO-2023-4617,4.84,118346.31,572796.14,3804.7
RET-0020,VS10,0.0104,PO-2023-4784,1.13,76580.08,86535.49,903.91
RET-0020,VS11,0.0122,PO-2022-2689,4.84,73024.87,353440.37,4322.88
RET-0020,VS12,0.3112,PO-2023-4772,4.84,71528.0,346195.52,107752.65
RET-0020,VS13,0.0084,PO-2021-0778,4.84,109774.32,531307.71,4475.92
RET-0020,VS14,0.0085,PO-2023-3426,4.84,67317.23,325815.39,2771.76
RET-0020,VS15,0.0028,PO-2021-1247,4.84,95019.18,459892.83,1307.88
RET-0020,VS16,0.0123,PO-2023-4197,4.84,106953.2,517653.49,6352.92
RET-0020,VS17,0.0122,PO-2023-3926,4.84,96000.71,464643.44,5680.3
RET-0020,VS18,0.0085,PO-2023-3529,4.84,71931.77,348149.77,2962.86
RET-0020,VS19,0.2348,PO-2022-2516,0.0,87125.81,0.0,0.0
RET-0020,VS20,0.0047,PO-2023-4528,4.84,88447.11,428084.01,2032.69
RET-0020,VS21,0.0047,PO-2021-1461,4.84,115044.39,556814.85,2640.84
RET-0020,VS22,0.0028,PO-2021-0567,4.84,67053.83,324540.54,914.68
RET-0020,VS23,0.0047,PO-2021-0683,4.84,81158.26,392805.98,1835.28
RET-0020,VS24,0.0047,PO-2023-4182,4.84,67218.28,325336.48,1537.02
RET-0020,VS25,0.0086,PO-2023-3986,4.84,52988.35,256463.61,2195.54
RET-0020,VS26,0.0048,PO-2023-4184,2.244,73708.62,165409.91,788.37
RET-0020,VS27,0.0047,PO-2022-2443,4.84,107098.17,518355.14,2421.96
RET-0020,VS28,0.0104,PO-2022-2831,4.84,68799.55,332989.82,3478.19
RET-0020,VS29,0.0066,PO-2023-4310,4.84,98460.51,476548.87,3160.05
RET-0020,VS30,0.0029,PO-2023-4601,4.84,89757.96,434428.53,1239.2
RET-0020,VS31,0.0104,PO-2022-2359,4.84,107385.33,519745.0,5402.86
RET-0020,VS32,0.0124,PO-2023-4513,4.84,96245.08,465826.19,5760.33
RET-0020,VS33,0.0066,PO-2023-3328,4.5,102456.65,461054.92,3042.14
RET-0020,VS34,0.0085,PO-2023-4559,4.84,110935.35,536927.09,4580.5
RET-0193,VS01,0.021,PO-2021-0468,0.9,94297.79,84868.01,1785.33
RET-0193,VS02,0.0096,PO-2022-2779,0.9,101270.34,91143.31,873.24
RET-0193,VS03,0.1563,PO-2023-3777,0.9,64575.7,58118.13,9081.96
RET-0193,VS04,0.0132,PO-2022-2828,0.9,88767.53,79890.78,1054.17
RET-0193,VS05,0.0171,PO-2021-1437,0.9,62608.51,56347.66,965.06
RET-0193,VS06,0.0173,PO-2022-2663,0.9,96100.42,86490.38,1494.7
RET-0193,VS07,0.0058,PO-2022-2072,0.9,65360.52,58824.47,339.33
RET-0193,VS08,0.0174,PO-2022-1868,0.9,112376.54,101138.89,1759.64
RET-0193,VS09,0.0134,PO-2021-1399,0.9,102128.72,91915.85,1228.02
RET-0193,VS10,0.021,PO-2022-3188,0.9,72841.18,65557.06,1377.35
RET-0193,VS11,0.0246,PO-2023-4176,0.9,94199.1,84779.19,2085.64
RET-0193,VS12,0.2172,PO-2023-3227,0.9,97975.0,88177.5,19152.32
RET-0193,VS13,0.0169,PO-2023-4198,0.9,115775.93,104198.34,1765.59
RET-0193,VS14,0.0171,PO-2023-4255,0.9,56337.65,50703.88,867.6
RET-0193,VS15,0.0057,PO-2022-3068,0.9,116297.94,104668.15,598.72
RET-0193,VS16,0.0247,PO-2021-1545,0.9,58631.37,52768.23,1302.57
RET-0193,VS17,0.0246,PO-2023-3556,0.9,101942.22,91748.0,2256.01
RET-0193,VS18,0.0171,PO-2023-4691,0.9,61410.82,55269.74,946.08
RET-0193,VS19,0.1638,PO-2023-3413,0.9,64181.31,57763.18,9464.24
RET-0193,VS20,0.0096,PO-2023-3265,0.9,110599.43,99539.49,950.67
RET-0193,VS21,0.0095,PO-2021-0474,0.9,62520.84,56268.76,536.77
RET-0193,VS22,0.0057,PO-2021-1407,0.9,85448.38,76903.54,435.95
RET-0193,VS23,0.0094,PO-2023-4699,0.9,71864.28,64677.85,607.82
RET-0193,VS24,0.0095,PO-2023-4017,0.9,76073.96,68466.56,650.61
RET-0193,VS25,0.0172,PO-2021-0964,0.9,64367.9,57931.11,997.52
RET-0193,VS26,0.0096,PO-2023-3294,0.9,101370.48,91233.43,874.62
RET-0193,VS27,0.0094,PO-2021-0050,0.9,76183.07,68564.76,644.37
RET-0193,VS28,0.021,PO-2021-0804,0.9,87235.85,78512.27,1649.51
RET-0193,VS29,0.0133,PO-2023-4697,0.9,107927.28,97134.55,1295.55
RET-0193,VS30,0.0057,PO-2021-0114,0.9,118558.1,106702.29,612.2
RET-0193,VS31,0.0209,PO-2023-3710,0.9,108978.53,98080.68,2050.74
RET-0193,VS32,0.0249,PO-2023-4576,0.9,55178.58,49660.72,1235.18
RET-0193,VS33,0.0133,PO-2021-0802,0.9,85042.54,76538.29,1015.78
RET-0193,VS34,0.0172,PO-2023-4574,0.9,118230.37,106407.33,1825.84
RET-0086,VS01,0.0236,PO-2023-3399,1.006,48444.32,48735.44,1149.16
RET-0086,VS02,0.0107,PO-2022-2719,4.47,110612.18,494436.44,5309.8
RET-0086,VS03,0.14,PO-2021-0935,4.47,101780.84,454960.35,63694.97
RET-0086,VS04,0.0148,PO-2023-3204,4.47,92197.48,412122.74,6095.39
RET-0086,VS05,0.0192,PO-2022-1791,4.47,53585.53,239527.32,4598.28
RET-0086,VS06,0.0194,PO-2021-1192,4.47,117995.38,527439.35,10216.89
RET-0086,VS07,0.0065,PO-2022-3097,4.47,97487.79,435770.42,2817.59
RET-0086,VS08,0.0195,PO-2022-2590,4.47,92856.02,415066.41,8094.35
RET-0086,VS09,0.015,PO-2021-0531,4.47,119121.0,532470.87,7973.89
RET-0086,VS10,0.0235,PO-2021-0628,4.47,59992.68,268167.28,6315.25
RET-0086,VS11,0.0276,PO-2021-0518,4.47,60416.29,270060.82,7446.84
RET-0086,VS12,0.1946,PO-2023-3239,4.47,46841.18,209380.07,40743.89
RET-0086,VS13,0.019,PO-2023-4356,4.47,97205.55,434508.81,8252.55
RET-0086,VS14,0.0192,PO-2023-3336,4.47,68830.96,307674.39,5901.04
RET-0086,VS15,0.0064,PO-2022-2991,1.431,114893.66,164399.02,1054.06
RET-0086,VS16,0.0277,PO-2021-1338,4.47,89049.44,398051.0,11013.52
RET-0086,VS17,0.0276,PO-2021-1139,4.47,73102.87,326769.83,9006.31
RET-0086,VS18,0.0192,PO-2021-0238,4.47,92813.44,414876.08,7960.08
RET-0086,VS19,0.1468,PO-2021-0442,4.47,108714.69,485954.66,71333.54
RET-0086,VS20,0.0107,PO-2021-0088,4.47,100506.7,449264.95,4809.49
RET-0086,VS21,0.0107,PO-2021-0891,4.47,51509.83,230248.94,2461.97
RET-0086,VS22,0.0064,PO-2021-0198,4.47,93547.9,418159.11,2657.03
RET-0086,VS23,0.0105,PO-2021-1111,4.47,63571.04,284162.55,2993.26
RET-0086,VS24,0.0107,PO-2021-0797,4.47,64936.17,290264.68,3091.68
RET-0086,VS25,0.0193,PO-2021-1442,4.47,110480.81,493849.22,9531.53
RET-0086,VS26,0.0107,PO-2022-2186,4.47,104110.23,465372.73,5000.64
RET-0086,VS27,0.0105,PO-2023-3316,4.47,111814.16,499809.3,5264.98
RET-0086,VS28,0.0235,PO-2022-3112,4.47,97404.73,435399.14,10253.31
RET-0086,VS29,0.0149,PO-2021-1282,0.0,79848.9,0.0,0.0
RET-0086,VS30,0.0064,PO-2023-4037,4.47,68713.71,307150.28,1975.27
RET-0086,VS31,0.0234,PO-2022-2947,4.47,89163.13,398559.19,9340.7
RET-0086,VS32,0.0279,PO-2023-3886,4.47,117371.59,524651.01,14626.74
RET-0086,VS33,0.0149,PO-2022-3032,4.47,86778.44,387899.63,5770.31
RET-0086,VS34,0.0192,PO-2021-0855,4.47,77966.54,348510.43,6702.96
RET-0302,VS01,0.008,PO-2023-3902,2.2,99820.05,219604.11,1757.42
RET-0302,VS02,0.0036,PO-2021-0497,2.2,87270.49,191995.08,699.78
RET-0302,VS03,0.2396,PO-2022-2055,2.2,119136.41,262100.1,62809.68
RET-0302,VS04,0.005,PO-2023-3924,2.2,64174.5,141183.9,708.7
RET-0302,VS05,0.0065,PO-2023-3574,2.2,47202.38,103845.24,676.59
RET-0302,VS06,0.0066,PO-2023-3472,2.2,66892.41,147163.3,967.49
RET-0302,VS07,0.0022,PO-2022-1955,2.2,82709.5,181960.9,399.3
RET-0302,VS08,0.0066,PO-2022-1815,2.2,70734.42,155615.72,1029.96
RET-0302,VS09,0.0051,PO-2023-4617,2.2,118346.31,260361.88,1323.28
RET-0302,VS10,0.008,PO-2023-4784,1.118,76580.08,85631.58,684.41
RET-0302,VS11,0.0094,PO-2022-2689,2.2,73024.87,160654.71,1503.51
RET-0302,VS12,0.3331,PO-2023-4772,2.2,71528.0,157361.6,52414.77
RET-0302,VS13,0.0064,PO-2021-0778,2.2,109774.32,241503.5,1556.73
RET-0302,VS14,0.0065,PO-2023-3426,2.2,67317.23,148097.91,964.02
RET-0302,VS15,0.0022,PO-2021-1247,2.2,95019.18,209042.2,454.88
RET-0302,VS16,0.0094,PO-2023-4197,2.2,106953.2,235297.04,2209.56
RET-0302,VS17,0.0094,PO-2023-3926,2.2,96000.71,211201.56,1975.62
RET-0302,VS18,0.0065,PO-2023-3529,2.2,71931.77,158249.89,1030.49
RET-0302,VS19,0.2513,PO-2022-2516,0.0,87125.81,0.0,0.0
RET-0302,VS20,0.0036,PO-2023-4528,2.2,88447.11,194583.64,706.97
RET-0302,VS21,0.0036,PO-2022-3104,2.2,49464.08,108820.98,394.91
RET-0302,VS22,0.0022,PO-2021-0567,2.2,67053.83,147518.43,318.13
RET-0302,VS23,0.0036,PO-2021-0683,2.2,81158.26,178548.17,638.31
RET-0302,VS24,0.0036,PO-2023-4182,2.2,67218.28,147880.22,534.58
RET-0302,VS25,0.0066,PO-2023-3986,2.2,52988.35,116574.37,763.61
RET-0302,VS26,0.0036,PO-2023-4184,2.2,73708.62,162158.96,591.38
RET-0302,VS27,0.0036,PO-2022-2443,2.2,107098.17,235615.97,842.36
RET-0302,VS28,0.008,PO-2022-2831,2.2,68799.55,151359.01,1209.72
RET-0302,VS29,0.0051,PO-2023-4310,2.2,98460.51,216613.12,1099.07
RET-0302,VS30,0.0022,PO-2023-4601,2.2,89757.96,197467.51,431.0
RET-0302,VS31,0.008,PO-2023-3956,2.2,77102.07,169624.55,1349.2
RET-0302,VS32,0.0095,PO-2023-4513,2.2,96245.08,211739.18,2003.45
RET-0302,VS33,0.005,PO-2023-3328,2.2,102456.65,225404.63,1138.0
RET-0302,VS34,0.0065,PO-2023-4559,2.2,110935.35,244057.77,1593.1
RET-0171,VS01,0.0161,PO-2022-1780,2.15,93781.67,201630.59,3253.75
RET-0171,VS02,0.0073,PO-2023-3787,2.15,55424.92,119163.58,875.8
RET-0171,VS03,0.1876,PO-2023-3846,2.15,90793.79,195206.65,36622.03
RET-0171,VS04,0.0101,PO-2021-0166,2.15,71373.46,153452.94,1553.26
RET-0171,VS05,0.0131,PO-2022-2511,2.15,83442.11,179400.54,2356.99
RET-0171,VS06,0.0133,PO-2021-0369,2.15,98483.14,211738.75,2806.99
RET-0171,VS07,0.0044,PO-2022-1687,2.15,60437.39,129940.39,574.99
RET-0171,VS08,0.0133,PO-2021-0176,2.15,89485.07,192392.9,2567.72
RET-0171,VS09,0.0102,PO-2021-0380,2.15,116045.92,249498.73,2557.04
RET-0171,VS10,0.0161,PO-2021-1587,2.15,66525.42,143029.65,2305.18
RET-0171,VS11,0.0189,PO-2023-3733,2.15,86435.3,185835.9,3506.99
RET-0171,VS12,0.2608,PO-2022-2952,2.15,115811.86,248995.5,64928.43
RET-0171,VS13,0.013,PO-2022-1725,2.15,58248.38,125234.02,1627.82
RET-0171,VS14,0.0131,PO-2021-1522,2.15,116935.12,251410.51,3300.01
RET-0171,VS15,0.0044,PO-2023-3635,2.15,52010.43,111822.42,490.67
RET-0171,VS16,0.0189,PO-2022-2547,2.15,60791.05,130700.76,2474.91
RET-0171,VS17,0.0189,PO-2021-1428,2.15,84990.1,182728.72,3446.72
RET-0171,VS18,0.0131,PO-2023-4086,2.15,64186.35,138000.65,1812.07
RET-0171,VS19,0.1967,PO-2022-2062,2.15,59147.59,127167.32,25014.39
RET-0171,VS20,0.0073,PO-2022-2233,2.15,96227.4,206888.91,1515.75
RET-0171,VS21,0.0073,PO-2023-4345,2.15,98529.75,211838.96,1550.19
RET-0171,VS22,0.0043,PO-2022-2014,2.15,46764.78,100544.28,437.23
RET-0171,VS23,0.0072,PO-2022-1977,2.15,97474.04,209569.19,1510.77
RET-0171,VS24,0.0073,PO-2022-2131,2.15,77561.17,166756.52,1215.56
RET-0171,VS25,0.0132,PO-2022-2733,2.15,93131.2,200232.08,2644.82
RET-0171,VS26,0.0074,PO-2023-4408,2.15,63025.32,135504.44,996.49
RET-0171,VS27,0.0072,PO-2023-4629,2.15,109839.57,236155.08,1702.49
RET-0171,VS28,0.0161,PO-2023-3384,2.15,77840.46,167356.99,2697.21
RET-0171,VS29,0.0102,PO-2021-0892,2.15,67673.87,145498.82,1488.65
RET-0171,VS30,0.0044,PO-2023-4789,2.04,90965.58,185569.78,816.73
RET-0171,VS31,0.016,PO-2021-1261,2.15,112521.55,241921.33,3880.21
RET-0171,VS32,0.0191,PO-2023-4000,2.15,118026.2,253756.33,4841.59
RET-0171,VS33,0.0102,PO-2021-0447,2.15,82578.67,177544.14,1807.51
RET-0171,VS34,0.0132,PO-2021-0569,2.15,110313.69,237174.43,3121.86
RET-0312,VS01,0.033,PO-2022-2905,3.13,49454.89,154793.81,5104.94
RET-0312,VS02,0.015,PO-2021-0028,3.88,64591.14,250613.62,3764.23
RET-0312,VS03,0.0799,PO-2021-1421,3.88,90917.47,352759.78,28177.0
RET-0312,VS04,0.0207,PO-2022-1768,3.88,95580.97,370854.16,7671.53
RET-0312,VS05,0.0268,PO-2021-1030,3.88,53401.84,207199.14,5563.29
RET-0312,VS06,0.0271,PO-2021-0393,3.88,99761.3,387073.84,10486.81
RET-0312,VS07,0.009,PO-2023-3599,3.88,58630.86,227487.74,2057.22
RET-0312,VS08,0.0273,PO-2023-3491,3.88,107935.78,418790.83,11422.6
RET-0312,VS09,0.0209,PO-2021-0706,3.88,78494.62,304559.13,6378.95
RET-0312,VS10,0.0329,PO-2023-3916,3.88,82128.12,318657.11,10495.71
RET-0312,VS11,0.0386,PO-2021-0598,2.52,99480.83,250691.69,9668.39
RET-0312,VS12,0.111,PO-2021-0355,3.88,87702.06,340283.99,37779.2
RET-0312,VS13,0.0266,PO-2023-3248,3.88,92247.4,357919.91,9507.77
RET-0312,VS14,0.0268,PO-2022-1903,3.88,90997.8,353071.46,9471.16
RET-0312,VS15,0.009,PO-2022-2907,3.88,65712.75,254965.47,2286.4
RET-0312,VS16,0.0387,PO-2021-1309,3.88,116910.2,453611.58,17553.96
RET-0312,VS17,0.0385,PO-2021-0511,3.88,48611.06,188610.91,7270.68
RET-0312,VS18,0.0268,PO-2021-0232,3.88,77771.35,301752.84,8097.55
RET-0312,VS19,0.0837,PO-2022-1748,3.88,85716.31,332579.28,27853.35
RET-0312,VS20,0.015,PO-2023-4700,3.88,78044.98,302814.52,4533.95
RET-0312,VS21,0.015,PO-2021-0986,3.88,88197.53,342206.42,5117.71
RET-0312,VS22,0.0089,PO-2021-0137,3.88,50647.45,196512.11,1746.41
RET-0312,VS23,0.0147,PO-2023-3723,3.88,91313.34,354295.76,5219.71
RET-0312,VS24,0.0149,PO-2021-0140,3.88,80360.77,311799.79,4644.94
RET-0312,VS25,0.027,PO-2022-2675,3.88,56195.48,218038.46,5885.79
RET-0312,VS26,0.015,PO-2023-3400,3.88,110207.91,427606.69,6426.47
RET-0312,VS27,0.0147,PO-2023-3856,3.88,77296.01,299908.52,4418.6
RET-0312,VS28,0.0329,PO-2022-2425,3.88,117642.36,456452.36,15034.03
RET-0312,VS29,0.0209,PO-2022-2911,3.88,79645.96,309026.32,6461.59
RET-0312,VS30,0.009,PO-2022-3076,3.88,94270.29,365768.73,3289.93
RET-0312,VS31,0.0328,PO-2022-2904,3.88,105756.59,410335.57,13450.22
RET-0312,VS32,0.039,PO-2021-0106,2.4,92251.67,221404.01,8633.08
RET-0312,VS33,0.0208,PO-2023-4466,1.33,111649.94,148494.42,3089.54
RET-0312,VS34,0.0269,PO-2021-0154,3.88,80718.45,313187.59,8424.78
RET-0212,VS01,0.0133,PO-2022-2709,3.48,90730.7,315742.84,4193.5
RET-0212,VS02,0.006,PO-2022-2188,3.48,46810.83,162901.69,985.38
RET-0212,VS03,0.2059,PO-2021-1344,3.48,62634.04,217966.46,44873.65
RET-0212,VS04,0.0083,PO-2021-0105,3.48,54825.99,190794.45,1589.46
RET-0212,VS05,0.0108,PO-2023-3947,3.48,61585.29,214316.81,2317.43
RET-0212,VS06,0.0109,PO-2023-4774,3.48,78760.91,274087.97,2990.51
RET-0212,VS07,0.0036,PO-2021-0650,3.48,97705.71,340015.87,1238.31
RET-0212,VS08,0.011,PO-2022-1660,3.48,116291.36,404693.93,4445.29
RET-0212,VS09,0.0084,PO-2023-3534,3.48,119934.55,417372.23,3520.52
RET-0212,VS10,0.0133,PO-2021-1005,3.48,79124.32,275352.63,3652.44
RET-0212,VS11,0.0155,PO-2022-1645,3.48,76432.58,265985.38,4131.22
RET-0212,VS12,0.2862,PO-2023-3837,3.48,76202.52,265184.77,75883.23
RET-0212,VS13,0.0107,PO-2022-2098,3.48,78007.74,271466.94,2904.13
RET-0212,VS14,0.0108,PO-2023-3883,3.48,70690.93,246004.44,2657.6
RET-0212,VS15,0.0036,PO-2023-3214,3.48,90254.23,314084.72,1134.29
RET-0212,VS16,0.0156,PO-2021-1221,3.48,119944.59,417407.17,6505.14
RET-0212,VS17,0.0155,PO-2022-2522,1.007,49967.12,50337.22,781.45
RET-0212,VS18,0.0108,PO-2021-0148,3.48,116175.81,404291.82,4369.21
RET-0212,VS19,0.2159,PO-2021-0999,3.48,72874.98,253604.93,54742.65
RET-0212,VS20,0.006,PO-2023-3600,3.48,65922.44,229410.09,1383.31
RET-0212,VS21,0.006,PO-2023-4716,3.48,109567.15,381293.68,2296.43
RET-0212,VS22,0.0036,PO-2022-3183,3.48,62994.69,219221.52,784.6
RET-0212,VS23,0.0059,PO-2022-2039,3.48,89943.64,313003.87,1857.1
RET-0212,VS24,0.006,PO-2023-4459,3.48,65562.3,228156.8,1368.81
RET-0212,VS25,0.0109,PO-2022-2245,3.48,85332.28,296956.33,3228.27
RET-0212,VS26,0.0061,PO-2021-0064,3.48,96796.08,336850.36,2038.78
RET-0212,VS27,0.0059,PO-2021-1358,3.48,108970.81,379218.42,2250.05
RET-0212,VS28,0.0133,PO-2023-3330,3.48,110823.61,385666.16,5115.61
RET-0212,VS29,0.0084,PO-2022-2154,3.48,64710.35,225192.02,1896.28
RET-0212,VS30,0.0036,PO-2023-4739,3.48,68555.54,238573.28,864.19
RET-0212,VS31,0.0132,PO-2023-4053,3.48,82952.39,288674.32,3810.7
RET-0212,VS32,0.0157,PO-2021-1297,0.0,118819.77,0.0,0.0
RET-0212,VS33,0.0084,PO-2022-2047,3.48,57103.45,198720.01,1665.06
RET-0212,VS34,0.0108,PO-2022-2799,3.48,101232.34,352288.54,3816.44
RET-0055,VS01,0.0171,PO-2023-4720,1.84,103257.11,189993.08,3256.1
RET-0055,VS02,0.0078,PO-2023-3689,1.84,82924.91,152581.83,1190.96
RET-0055,VS03,0.1812,PO-2021-0413,1.84,124002.51,228164.62,41344.53
RET-0055,VS04,0.0107,PO-2022-2012,1.84,54116.36,99574.1,1070.4
RET-0055,VS05,0.014,PO-2023-3291,1.84,119516.02,219909.48,3068.39
RET-0055,VS06,0.0141,PO-2022-2971,1.84,83772.87,154142.08,2170.17
RET-0055,VS07,0.0047,PO-2021-1311,1.84,51415.1,94603.78,444.58
RET-0055,VS08,0.0142,PO-2023-4792,1.84,54253.71,99826.83,1414.94
RET-0055,VS09,0.0109,PO-2021-0056,1.84,64511.72,118701.56,1291.98
RET-0055,VS10,0.0171,PO-2021-1571,1.84,99471.46,183027.49,3132.76
RET-0055,VS11,0.02,PO-2022-3170,1.84,108488.2,199618.29,4000.71
RET-0055,VS12,0.2519,PO-2023-3259,1.84,55372.98,101886.28,25661.44
RET-0055,VS13,0.0138,PO-2023-4284,1.84,111062.32,204354.67,2820.98
RET-0055,VS14,0.0139,PO-2021-1289,1.84,69634.29,128127.09,1786.09
RET-0055,VS15,0.0047,PO-2022-1821,1.84,115607.02,212716.92,991.28
RET-0055,VS16,0.0201,PO-2022-2530,1.84,114453.87,210595.12,4235.08
RET-0055,VS17,0.02,PO-2021-1288,1.84,94670.78,174194.24,3489.51
RET-0055,VS18,0.0139,PO-2023-3268,1.84,88118.99,162138.94,2261.06
RET-0055,VS19,0.19,PO-2022-3007,1.84,58160.08,107014.55,20331.95
RET-0055,VS20,0.0078,PO-2022-3189,1.84,109008.64,200575.9,1560.63
RET-0055,VS21,0.0078,PO-2023-4314,1.84,85907.42,158069.65,1228.45
RET-0055,VS22,0.0046,PO-2021-0394,1.84,84083.61,154713.84,714.51
RET-0055,VS23,0.0077,PO-2021-0237,1.84,110252.79,202865.13,1553.14
RET-0055,VS24,0.0077,PO-2021-0471,1.84,51367.68,94516.53,731.7
RET-0055,VS25,0.014,PO-2022-3043,1.84,69855.56,128534.23,1803.07
RET-0055,VS26,0.0078,PO-2021-0597,1.84,73928.66,136028.73,1062.38
RET-0055,VS27,0.0077,PO-2022-2279,1.84,78291.97,144057.22,1102.94
RET-0055,VS28,0.0171,PO-2023-4377,1.84,96834.74,178175.92,3049.66
RET-0055,VS29,0.0109,PO-2023-4071,1.84,100969.12,185783.18,2018.7
RET-0055,VS30,0.0047,PO-2021-1200,1.84,64880.58,119380.27,558.0
RET-0055,VS31,0.017,PO-2023-3779,1.84,46668.99,85870.94,1462.71
RET-0055,VS32,0.0203,PO-2022-2041,1.84,114341.27,210387.94,4263.08
RET-0055,VS33,0.0108,PO-2023-3839,1.84,78820.49,145029.7,1568.06
RET-0055,VS34,0.014,PO-2022-2501,1.84,115746.4,212973.38,2977.16
RET-0313,VS01,0.0062,PO-2022-2955,0.68,52665.73,35812.7,220.42
RET-0313,VS02,0.0028,PO-2022-2895,0.68,114763.89,78039.45,218.76
RET-0313,VS03,0.2515,PO-2021-0240,0.68,107524.2,73116.46,18385.88
RET-0313,VS04,0.0039,PO-2023-4049,0.68,118014.2,80249.66,309.81
RET-0313,VS05,0.005,PO-2021-0651,0.68,98765.12,67160.28,336.54
RET-0313,VS06,0.0051,PO-2022-1763,0.68,67679.25,46021.89,232.7
RET-0313,VS07,0.0017,PO-2023-4433,0.68,95085.06,64657.84,109.12
RET-0313,VS08,0.0051,PO-2022-2172,0.68,55680.63,37862.83,192.73
RET-0313,VS09,0.0039,PO-2021-1359,0.68,100335.38,68228.06,266.7
RET-0313,VS10,0.0061,PO-2021-0817,0.68,80689.1,54868.59,337.28
RET-0313,VS11,0.0072,PO-2021-1529,0.68,77547.01,52731.97,379.55
RET-0313,VS12,0.3495,PO-2022-1936,0.68,124278.2,84509.18,29537.16
RET-0313,VS13,0.005,PO-2022-3108,0.68,86305.84,58687.97,290.95
RET-0313,VS14,0.005,PO-2022-1723,0.68,77313.63,52573.27,263.2
RET-0313,VS15,0.0017,PO-2021-0732,0.68,104945.24,71362.76,119.43
RET-0313,VS16,0.0072,PO-2021-1537,0.68,59014.52,40129.87,289.82
RET-0313,VS17,0.0072,PO-2022-2200,0.68,84962.08,57774.21,415.64
RET-0313,VS18,0.005,PO-2022-2519,0.68,113624.61,77264.73,386.95
RET-0313,VS19,0.2637,PO-2021-0346,0.68,64741.45,44024.19,11607.19
RET-0313,VS20,0.0028,PO-2021-1483,0.68,49762.37,33838.41,94.56
RET-0313,VS21,0.0028,PO-2021-0561,0.68,94155.04,64025.43,178.7
RET-0313,VS22,0.0017,PO-2021-0202,0.68,107171.92,72876.91,120.87
RET-0313,VS23,0.0027,PO-2022-1867,0.68,86770.56,59003.98,162.23
RET-0313,VS24,0.0028,PO-2022-1693,0.68,54172.77,36837.48,102.42
RET-0313,VS25,0.005,PO-2022-2989,0.68,58824.4,40000.59,201.52
RET-0313,VS26,0.0028,PO-2023-3815,0.68,47482.02,32287.77,90.56
RET-0313,VS27,0.0027,PO-2023-3831,0.68,117054.77,79597.24,218.86
RET-0313,VS28,0.0061,PO-2022-1779,0.68,79281.17,53911.2,331.39
RET-0313,VS29,0.0039,PO-2022-2476,0.68,73835.66,50208.25,195.93
RET-0313,VS30,0.0017,PO-2021-1217,0.68,99224.63,67472.75,113.26
RET-0313,VS31,0.0061,PO-2023-4087,0.68,113295.37,77040.85,471.29
RET-0313,VS32,0.0073,PO-2021-0421,0.68,65153.79,44304.58,322.41
RET-0313,VS33,0.0039,PO-2021-0214,0.68,51878.52,35277.39,136.98
RET-0313,VS34,0.005,PO-2023-3985,0.68,49311.74,33531.98,168.34
RET-0213,VS01,0.0161,PO-2022-1991,3.75,57905.13,217144.24,3504.1
RET-0213,VS02,0.0073,PO-2022-2895,3.75,114763.89,430364.59,3163.0
RET-0213,VS03,0.1876,PO-2021-0240,3.75,107524.2,403215.75,75645.89
RET-0213,VS04,0.0101,PO-2023-4049,3.75,118014.2,442553.25,4479.56
RET-0213,VS05,0.0131,PO-2021-0651,2.157,98765.12,212996.12,2798.38
RET-0213,VS06,0.0133,PO-2022-1763,3.75,67679.25,253797.19,3364.55
RET-0213,VS07,0.0044,PO-2023-4433,3.75,95085.06,356568.98,1577.82
RET-0213,VS08,0.0133,PO-2022-2172,3.75,55680.63,208802.36,2786.73
RET-0213,VS09,0.0102,PO-2021-1359,3.75,100335.38,376257.68,3856.15
RET-0213,VS10,0.0161,PO-2021-0817,3.75,80689.1,302584.12,4876.69
RET-0213,VS11,0.0189,PO-2021-1529,3.75,77547.01,290801.29,5487.84
RET-0213,VS12,0.2608,PO-2022-1936,3.75,124278.2,466043.25,121526.11
RET-0213,VS13,0.013,PO-2022-3108,3.75,86305.84,323646.9,4206.83
RET-0213,VS14,0.0131,PO-2022-1723,3.75,77313.63,289926.11,3805.56
RET-0213,VS15,0.0044,PO-2021-0732,3.607,104945.24,378588.92,1661.23
RET-0213,VS16,0.0189,PO-2021-1537,3.75,59014.52,221304.45,4190.56
RET-0213,VS17,0.0189,PO-2022-2200,3.75,84962.08,318607.8,6009.74
RET-0213,VS18,0.0131,PO-2022-2519,3.75,113624.61,426092.29,5594.96
RET-0213,VS19,0.1967,PO-2021-0346,3.75,64741.45,242780.44,47756.01
RET-0213,VS20,0.0073,PO-2021-1483,3.75,49762.37,186608.89,1367.17
RET-0213,VS21,0.0073,PO-2021-1184,3.75,48651.17,182441.89,1335.07
RET-0213,VS22,0.0043,PO-2022-2461,3.75,50403.77,189014.14,821.95
RET-0213,VS23,0.0072,PO-2022-1867,3.75,86770.56,325389.6,2345.71
RET-0213,VS24,0.0073,PO-2022-1693,3.75,54172.77,203147.89,1480.84
RET-0213,VS25,0.0132,PO-2022-2989,3.75,58824.4,220591.5,2913.74
RET-0213,VS26,0.0074,PO-2023-3815,1.737,47482.02,82461.98,606.42
RET-0213,VS27,0.0072,PO-2023-3831,3.75,117054.77,438955.39,3164.52
RET-0213,VS28,0.0161,PO-2022-1779,2.299,79281.17,182275.83,2937.65
RET-0213,VS29,0.0102,PO-2021-1263,3.75,69391.22,260217.08,2662.38
RET-0213,VS30,0.0044,PO-2021-1217,3.75,99224.63,372092.36,1637.65
RET-0213,VS31,0.016,PO-2023-4087,3.75,113295.37,424857.64,6814.35
RET-0213,VS32,0.0191,PO-2021-0421,3.75,65153.79,244326.71,4661.68
RET-0213,VS33,0.0102,PO-2021-0214,3.75,51878.52,194544.45,1980.58
RET-0213,VS34,0.0132,PO-2023-3985,3.75,49311.74,184919.02,2434.03
RET-0352,VS01,0.0236,PO-2022-2395,4.77,107654.44,513511.68,12108.33
RET-0352,VS02,0.0107,PO-2022-2719,4.77,110612.18,527620.1,5666.16
RET-0352,VS03,0.14,PO-2021-0192,4.77,69192.01,330045.89,46206.8
RET-0352,VS04,0.0148,PO-2023-3204,4.77,92197.48,439781.98,6504.48
RET-0352,VS05,0.0192,PO-2022-1791,4.77,53585.53,255602.98,4906.89
RET-0352,VS06,0.0194,PO-2021-1192,4.77,117995.38,562837.96,10902.59
RET-0352,VS07,0.0065,PO-2023-4099,4.77,75404.19,359677.99,2325.59
RET-0352,VS08,0.0195,PO-2022-2590,4.77,92856.02,442923.22,8637.6
RET-0352,VS09,0.015,PO-2023-3273,4.77,53635.76,255842.58,3831.31
RET-0352,VS10,0.0235,PO-2021-0638,4.77,69197.25,330070.88,7773.06
RET-0352,VS11,0.0276,PO-2023-3510,4.77,56358.48,268829.95,7412.9
RET-0352,VS12,0.1946,PO-2023-3239,4.77,46841.18,223432.43,43478.37
RET-0352,VS13,0.019,PO-2023-4356,4.77,97205.55,463670.47,8806.41
RET-0352,VS14,0.0192,PO-2023-3336,4.77,68830.96,328323.68,6297.08
RET-0352,VS15,0.0064,PO-2022-2991,1.422,114893.66,163344.96,1047.3
RET-0352,VS16,0.0277,PO-2023-4642,4.77,100162.91,477777.08,13219.44
RET-0352,VS17,0.0276,PO-2021-1139,4.77,73102.87,348700.69,9610.76
RET-0352,VS18,0.0192,PO-2023-4751,4.77,77435.71,369368.34,7086.94
RET-0352,VS19,0.1468,PO-2021-0442,4.77,108714.69,518569.07,76121.03
RET-0352,VS20,0.0107,PO-2023-3955,4.77,82204.42,392115.08,4197.68
RET-0352,VS21,0.0107,PO-2022-1845,4.77,62096.43,296199.97,3167.15
RET-0352,VS22,0.0064,PO-2021-0198,4.77,93547.9,446223.48,2835.35
RET-0352,VS23,0.0105,PO-2021-1166,1.26,82840.65,104379.22,1099.49
RET-0352,VS24,0.0107,PO-2022-2013,4.77,96479.07,460205.16,4901.76
RET-0352,VS25,0.0193,PO-2021-1442,4.77,110480.81,526993.46,10171.23
RET-0352,VS26,0.0107,PO-2023-4463,4.77,103433.36,493377.13,5301.56
RET-0352,VS27,0.0105,PO-2023-3316,4.77,111814.16,533353.54,5618.34
RET-0352,VS28,0.0235,PO-2022-3112,4.77,97404.73,464620.56,10941.45
RET-0352,VS29,0.0149,PO-2021-1282,0.0,79848.9,0.0,0.0
RET-0352,VS30,0.0064,PO-2021-1373,4.77,66593.38,317650.42,2042.8
RET-0352,VS31,0.0234,PO-2021-1255,4.77,115805.22,552390.9,12945.93
RET-0352,VS32,0.0279,PO-2023-3886,4.77,117371.59,559862.48,15608.4
RET-0352,VS33,0.0149,PO-2022-3032,4.77,86778.44,413933.16,6157.58
RET-0352,VS34,0.0192,PO-2021-0855,4.77,77966.54,371900.4,7152.82
RET-0108,VS01,0.0089,PO-2023-3900,1.9,83770.24,159163.46,1409.98
RET-0108,VS02,0.004,PO-2022-2188,1.9,46810.83,88940.58,358.84
RET-0108,VS03,0.2342,PO-2022-1751,1.9,93059.59,176813.22,41403.33
RET-0108,VS04,0.0056,PO-2021-0105,1.9,54825.99,104169.38,578.83
RET-0108,VS05,0.0072,PO-2023-3947,1.9,61585.29,117012.05,843.93
RET-0108,VS06,0.0073,PO-2021-1052,1.9,78316.53,148801.41,1082.9
RET-0108,VS07,0.0024,PO-2021-0650,1.9,97705.71,185640.85,450.95
RET-0108,VS08,0.0073,PO-2021-0880,1.9,119924.03,227855.66,1669.4
RET-0108,VS09,0.0056,PO-2023-3534,1.9,119934.55,227875.64,1282.06
RET-0108,VS10,0.0088,PO-2021-1005,1.9,79124.32,150336.21,1330.1
RET-0108,VS11,0.0104,PO-2022-1645,1.9,76432.58,145221.9,1504.46
RET-0108,VS12,0.3255,PO-2023-3763,1.9,104047.49,197690.23,64343.0
RET-0108,VS13,0.0071,PO-2022-2098,1.9,78007.74,148214.71,1057.59
RET-0108,VS14,0.0072,PO-2023-3950,1.9,76062.56,144518.86,1041.35
RET-0108,VS15,0.0024,PO-2023-3214,1.9,90254.23,171483.04,413.07
RET-0108,VS16,0.0104,PO-2021-1221,1.9,119944.59,227894.72,2368.97
RET-0108,VS17,0.0104,PO-2022-2522,0.992,49967.12,49555.76,513.14
RET-0108,VS18,0.0072,PO-2021-1371,1.319,55701.9,73474.5,529.63
RET-0108,VS19,0.2455,PO-2021-0999,1.9,72874.98,138462.46,33995.32
RET-0108,VS20,0.004,PO-2023-3600,1.9,65922.44,125252.64,503.76
RET-0108,VS21,0.004,PO-2021-0344,1.9,76044.76,144485.04,580.42
RET-0108,VS22,0.0024,PO-2022-3183,1.9,62994.69,119689.91,285.73
RET-0108,VS23,0.004,PO-2022-2039,1.9,89943.64,170892.92,676.3
RET-0108,VS24,0.004,PO-2023-4459,1.9,65562.3,124568.37,498.48
RET-0108,VS25,0.0073,PO-2022-2245,1.9,85332.28,162131.33,1175.63
RET-0108,VS26,0.004,PO-2022-2805,1.9,106985.13,203271.75,820.61
RET-0108,VS27,0.004,PO-2021-1358,1.9,108970.81,207044.54,819.4
RET-0108,VS28,0.0088,PO-2023-3330,1.9,110823.61,210564.86,1862.94
RET-0108,VS29,0.0056,PO-2022-2154,1.9,64710.35,122949.66,690.56
RET-0108,VS30,0.0024,PO-2023-4739,1.9,68555.54,130255.53,314.71
RET-0108,VS31,0.0088,PO-2023-4053,1.9,82952.39,157609.54,1387.73
RET-0108,VS32,0.0105,PO-2021-1297,0.0,118819.77,0.0,0.0
RET-0108,VS33,0.0056,PO-2022-2047,1.9,57103.45,108496.56,606.36
RET-0108,VS34,0.0072,PO-2022-2799,1.9,101232.34,192341.45,1389.83
RET-0217,VS01,0.0164,PO-2022-1991,4.07,57905.13,235673.88,3865.45
RET-0217,VS02,0.0075,PO-2022-2034,4.07,57505.07,234045.63,1748.33
RET-0217,VS03,0.1859,PO-2021-0240,3.095,107524.2,332839.3,61879.66
RET-0217,VS04,0.0103,PO-2023-4049,4.07,118014.2,480317.79,4941.5
RET-0217,VS05,0.0134,PO-2023-3450,4.07,85533.59,348121.71,4648.65
RET-0217,VS06,0.0135,PO-2022-2588,4.07,89598.64,364666.46,4913.57
RET-0217,VS07,0.0045,PO-2022-1865,4.07,107539.39,437685.32,1968.51
RET-0217,VS08,0.0136,PO-2022-2172,4.07,55680.63,226620.16,3074.1
RET-0217,VS09,0.0104,PO-2021-1359,4.07,100335.38,408365.0,4253.81
RET-0217,VS10,0.0164,PO-2023-3616,4.07,95763.46,389757.28,6384.61
RET-0217,VS11,0.0192,PO-2021-1529,4.07,77547.01,315616.33,6053.76
RET-0217,VS12,0.2584,PO-2022-1936,4.07,124278.2,505812.27,130706.82
RET-0217,VS13,0.0132,PO-2022-3108,4.07,86305.84,351264.77,4640.65
RET-0217,VS14,0.0133,PO-2022-1723,4.07,77313.63,314666.47,4198.0
RET-0217,VS15,0.0045,PO-2021-0732,3.592,104945.24,376927.7,1681.05
RET-0217,VS16,0.0192,PO-2021-1537,4.07,59014.52,240189.1,4622.7
RET-0217,VS17,0.0192,PO-2022-2200,4.07,84962.08,345795.67,6629.48
RET-0217,VS18,0.0133,PO-2022-2519,4.07,113624.61,462452.16,6171.93
RET-0217,VS19,0.1949,PO-2021-1473,4.07,109539.96,445827.64,86905.41
RET-0217,VS20,0.0074,PO-2021-1483,4.07,49762.37,202532.85,1508.16
RET-0217,VS21,0.0074,PO-2021-1184,4.07,48651.17,198010.26,1472.74
RET-0217,VS22,0.0044,PO-2022-2461,4.07,50403.77,205143.34,906.71
RET-0217,VS23,0.0073,PO-2022-1867,4.07,86770.56,353156.18,2587.61
RET-0217,VS24,0.0074,PO-2022-1693,4.07,54172.77,220483.17,1633.55
RET-0217,VS25,0.0134,PO-2022-2989,4.07,58824.4,239415.31,3214.22
RET-0217,VS26,0.0075,PO-2023-4373,4.07,85701.96,348806.98,2607.14
RET-0217,VS27,0.0073,PO-2023-3656,4.07,54403.53,221422.37,1622.44
RET-0217,VS28,0.0164,PO-2023-3745,4.07,61379.15,249813.14,4092.11
RET-0217,VS29,0.0104,PO-2021-1263,4.07,69391.22,282422.27,2936.94
RET-0217,VS30,0.0045,PO-2021-1217,4.07,99224.63,403844.24,1806.53
RET-0217,VS31,0.0163,PO-2023-4087,4.07,113295.37,461112.16,7517.07
RET-0217,VS32,0.0194,PO-2021-0421,4.07,65153.79,265175.93,5142.4
RET-0217,VS33,0.0103,PO-2021-0214,4.07,51878.52,211145.58,2184.83
RET-0217,VS34,0.0134,PO-2023-3985,4.07,49311.74,200698.78,2685.04
RET-0188,VS01,0.0196,PO-2023-4720,2.95,103257.11,304608.47,5964.93
RET-0188,VS02,0.0089,PO-2023-3689,2.95,82924.91,244628.48,2181.75
RET-0188,VS03,0.1656,PO-2021-0413,2.95,124002.51,365807.4,60566.56
RET-0188,VS04,0.0123,PO-2022-2646,2.95,55088.63,162511.46,1996.13
RET-0188,VS05,0.0159,PO-2023-3291,2.95,119516.02,352572.26,5621.06
RET-0188,VS06,0.0161,PO-2023-3451,1.71,69612.46,119037.31,1914.96
RET-0188,VS07,0.0054,PO-2021-0395,2.95,78933.54,232853.94,1250.35
RET-0188,VS08,0.0162,PO-2023-4792,2.95,54253.71,160048.44,2592.06
RET-0188,VS09,0.0124,PO-2021-0056,2.95,64511.72,190309.57,2366.82
RET-0188,VS10,0.0196,PO-2021-0311,2.95,90430.42,266769.74,5217.36
RET-0188,VS11,0.0229,PO-2021-1451,2.95,81162.64,239429.79,5483.0
RET-0188,VS12,0.2301,PO-2023-3259,2.95,55372.98,163350.29,37592.04
RET-0188,VS13,0.0158,PO-2023-4284,2.95,111062.32,327633.84,5167.82
RET-0188,VS14,0.0159,PO-2021-1289,2.95,69634.29,205421.16,3271.99
RET-0188,VS15,0.0053,PO-2022-2174,2.95,54364.84,160376.28,853.96
RET-0188,VS16,0.023,PO-2021-0110,2.95,73768.95,217618.4,5000.49
RET-0188,VS17,0.0229,PO-2021-1288,2.95,94670.78,279278.8,6392.52
RET-0188,VS18,0.0159,PO-2023-4726,2.95,71287.87,210299.22,3350.94
RET-0188,VS19,0.1736,PO-2021-0209,2.95,65455.14,193092.66,33520.67
RET-0188,VS20,0.0089,PO-2022-3189,2.95,109008.64,321575.49,2858.96
RET-0188,VS21,0.0089,PO-2023-4314,2.95,85907.42,253426.89,2250.44
RET-0188,VS22,0.0053,PO-2021-0886,2.95,76046.48,224337.12,1183.82
RET-0188,VS23,0.0087,PO-2021-1216,2.95,61477.68,181359.16,1586.52
RET-0188,VS24,0.0088,PO-2021-0613,2.95,101949.0,300749.55,2660.33
RET-0188,VS25,0.016,PO-2022-3043,2.95,69855.56,206073.9,3303.09
RET-0188,VS26,0.0089,PO-2021-0597,2.95,73928.66,218089.55,1946.21
RET-0188,VS27,0.0087,PO-2023-4761,2.95,111332.92,328432.11,2873.21
RET-0188,VS28,0.0196,PO-2023-4377,2.95,96834.74,285662.48,5586.75
RET-0188,VS29,0.0124,PO-2023-4071,2.95,100969.12,297858.9,3698.12
RET-0188,VS30,0.0053,PO-2021-1200,2.95,64880.58,191397.71,1022.22
RET-0188,VS31,0.0195,PO-2023-4326,2.95,116259.48,342965.47,6675.24
RET-0188,VS32,0.0232,PO-2021-1383,2.95,86132.14,254089.81,5882.93
RET-0188,VS33,0.0124,PO-2023-3839,2.95,78820.49,232520.45,2872.57
RET-0188,VS34,0.016,PO-2022-2700,2.95,104052.98,306956.29,4902.94
RET-0090,VS01,0.0103,PO-2022-2006,0.97,95264.62,92406.68,953.46
RET-0090,VS02,0.0047,PO-2021-0982,0.97,91377.91,88636.57,416.53
RET-0090,VS03,0.2248,PO-2022-2949,0.97,96901.49,93994.45,21132.72
RET-0090,VS04,0.0065,PO-2023-3317,0.97,47704.02,46272.9,299.48
RET-0090,VS05,0.0084,PO-2023-3996,0.97,110100.49,106797.48,897.15
RET-0090,VS06,0.0085,PO-2022-2556,0.97,70091.72,67988.97,576.3
RET-0090,VS07,0.0028,PO-2021-0145,0.97,115428.98,111966.11,316.79
RET-0090,VS08,0.0085,PO-2023-4305,0.97,78810.22,76445.91,652.35
RET-0090,VS09,0.0066,PO-2021-1384,0.97,108117.19,104873.67,687.23
RET-0090,VS10,0.0103,PO-2023-3310,0.97,70460.88,68347.05,704.32
RET-0090,VS11,0.0121,PO-2021-1105,0.97,68434.48,66381.45,800.98
RET-0090,VS12,0.3125,PO-2021-0966,0.97,88969.31,86300.23,26968.74
RET-0090,VS13,0.0083,PO-2022-2309,0.97,51247.96,49710.52,413.14
RET-0090,VS14,0.0084,PO-2022-1638,0.97,79093.4,76720.6,643.89
RET-0090,VS15,0.0028,PO-2023-3647,0.97,49590.11,48102.41,134.96
RET-0090,VS16,0.0121,PO-2021-0604,0.97,95722.17,92850.5,1124.18
RET-0090,VS17,0.0121,PO-2022-2609,0.97,53595.8,51987.93,627.01
RET-0090,VS18,0.0084,PO-2023-3674,0.97,49541.25,48055.01,403.46
RET-0090,VS19,0.2357,PO-2022-2670,0.97,106702.99,103501.9,24398.77
RET-0090,VS20,0.0047,PO-2023-3386,0.97,71395.75,69253.88,324.42
RET-0090,VS21,0.0047,PO-2021-0920,0.97,49611.17,48122.83,225.16
RET-0090,VS22,0.0028,PO-2021-0296,0.97,102807.45,99723.23,277.28
RET-0090,VS23,0.0046,PO-2023-3377,0.97,95666.77,92796.77,427.73
RET-0090,VS24,0.0047,PO-2023-3668,0.97,54051.9,52430.34,244.37
RET-0090,VS25,0.0084,PO-2021-0721,0.97,101810.5,98756.18,834.06
RET-0090,VS26,0.0047,PO-2023-4719,0.97,65024.62,63073.88,296.58
RET-0090,VS27,0.0046,PO-2021-1211,0.97,89687.97,86997.33,401.02
RET-0090,VS28,0.0103,PO-2023-4372,0.97,52372.02,50800.86,523.49
RET-0090,VS29,0.0065,PO-2021-1590,0.97,53487.3,51882.68,339.41
RET-0090,VS30,0.0028,PO-2022-2860,0.97,105618.14,102449.6,288.3
RET-0090,VS31,0.0103,PO-2022-2426,0.97,74047.78,71826.35,736.6
RET-0090,VS32,0.0122,PO-2021-1209,0.97,78713.72,76352.31,931.46
RET-0090,VS33,0.0065,PO-2021-1229,0.97,52447.07,50873.66,331.16
RET-0090,VS34,0.0084,PO-2021-1343,0.97,82109.4,79646.12,670.32
RET-0103,VS01,0.0198,PO-2021-0429,2.8,96644.39,270604.29,5353.48
RET-0103,VS02,0.009,PO-2021-1278,2.8,113530.13,317884.36,2864.21
RET-0103,VS03,0.1643,PO-2022-3090,2.8,92686.31,259521.67,42635.01
RET-0103,VS04,0.0124,PO-2022-2738,2.8,46722.05,130821.74,1623.39
RET-0103,VS05,0.0161,PO-2022-1849,2.8,55730.96,156046.69,2513.4
RET-0103,VS06,0.0163,PO-2021-1191,2.8,91040.08,254912.22,4142.9
RET-0103,VS07,0.0054,PO-2023-4308,2.8,72436.02,202820.86,1100.27
RET-0103,VS08,0.0164,PO-2022-2928,2.8,86740.65,242873.82,3973.86
RET-0103,VS09,0.0126,PO-2022-1814,2.8,86215.87,241404.44,3033.1
RET-0103,VS10,0.0198,PO-2021-0068,2.8,84131.01,235566.83,4654.43
RET-0103,VS11,0.0231,PO-2022-2908,2.8,85827.95,240318.26,5559.87
RET-0103,VS12,0.2283,PO-2022-1830,2.8,98311.39,275271.89,62856.5
RET-0103,VS13,0.0159,PO-2022-2521,2.8,76319.18,213693.7,3405.25
RET-0103,VS14,0.0161,PO-2023-3929,2.8,111388.1,311886.68,5018.82
RET-0103,VS15,0.0054,PO-2023-4472,2.8,62816.93,175887.4,946.17
RET-0103,VS16,0.0232,PO-2023-4374,2.8,112953.9,316270.92,7342.0
RET-0103,VS17,0.0231,PO-2023-3771,2.8,54853.02,153588.46,3551.65
RET-0103,VS18,0.0161,PO-2021-0962,2.8,95068.44,266191.63,4285.1
RET-0103,VS19,0.1723,PO-2021-0003,2.8,103779.41,290582.35,50052.81
RET-0103,VS20,0.009,PO-2022-2284,2.8,61288.36,171607.41,1541.34
RET-0103,VS21,0.009,PO-2021-1002,2.8,95763.94,268139.03,2405.53
RET-0103,VS22,0.0053,PO-2022-2587,2.8,45557.84,127561.95,680.05
RET-0103,VS23,0.0088,PO-2023-4050,2.8,64755.34,181314.95,1602.43
RET-0103,VS24,0.0089,PO-2022-2400,2.8,63990.02,179172.06,1601.17
RET-0103,VS25,0.0162,PO-2023-3897,2.8,75558.39,211563.49,3425.91
RET-0103,VS26,0.009,PO-2021-0157,2.8,81770.16,228956.45,2064.17
RET-0103,VS27,0.0088,PO-2023-3653,2.8,45771.42,128159.98,1132.69
RET-0103,VS28,0.0198,PO-2021-1127,2.8,107266.08,300345.02,5934.23
RET-0103,VS29,0.0125,PO-2023-3375,2.8,113866.57,318826.4,3999.1
RET-0103,VS30,0.0054,PO-2021-0801,2.8,57510.7,161029.96,868.86
RET-0103,VS31,0.0197,PO-2021-1147,2.8,69954.17,195871.68,3851.46
RET-0103,VS32,0.0234,PO-2022-2517,2.8,47711.69,133592.73,3124.83
RET-0103,VS33,0.0125,PO-2023-3981,2.8,69790.8,195414.24,2438.95
RET-0103,VS34,0.0161,PO-2021-0252,2.8,106750.45,298901.26,4823.32
RET-0265,VS01,0.0161,PO-2022-1991,3.24,57905.13,187612.62,3027.54
RET-0265,VS02,0.0073,PO-2022-2034,3.24,57505.07,186316.43,1369.35
RET-0265,VS03,0.1876,PO-2021-0240,2.52,107524.2,270959.63,50833.79
RET-0265,VS04,0.0101,PO-2023-4049,3.24,118014.2,382366.01,3870.34
RET-0265,VS05,0.0131,PO-2023-3450,3.24,85533.59,277128.83,3640.96
RET-0265,VS06,0.0133,PO-2021-0936,3.24,84480.6,273717.14,3628.63
RET-0265,VS07,0.0044,PO-2022-1865,3.24,107539.39,348427.62,1541.79
RET-0265,VS08,0.0133,PO-2021-1177,3.24,52018.34,168539.42,2249.37
RET-0265,VS09,0.0102,PO-2021-1359,3.24,100335.38,325086.63,3331.72
RET-0265,VS10,0.0161,PO-2023-3616,3.24,95763.46,310273.61,5000.62
RET-0265,VS11,0.0189,PO-2021-1529,3.24,77547.01,251252.31,4741.49
RET-0265,VS12,0.2608,PO-2022-1936,3.24,124278.2,402661.37,104998.56
RET-0265,VS13,0.013,PO-2022-3108,3.24,86305.84,279630.92,3634.7
RET-0265,VS14,0.0131,PO-2022-2702,3.24,69226.51,224293.89,2944.08
RET-0265,VS15,0.0044,PO-2021-0732,3.24,104945.24,340022.58,1492.0
RET-0265,VS16,0.0189,PO-2021-1537,3.24,59014.52,191207.04,3620.64
RET-0265,VS17,0.0189,PO-2022-2200,3.24,84962.08,275277.14,5192.41
RET-0265,VS18,0.0131,PO-2022-2519,3.24,113624.61,368143.74,4834.05
RET-0265,VS19,0.1967,PO-2021-1473,3.24,109539.96,354909.47,69812.3
RET-0265,VS20,0.0073,PO-2021-1483,3.24,49762.37,161230.08,1181.24
RET-0265,VS21,0.0073,PO-2021-1184,3.24,48651.17,157629.79,1153.5
RET-0265,VS22,0.0043,PO-2022-2461,3.24,50403.77,163308.21,710.16
RET-0265,VS23,0.0072,PO-2022-1867,3.24,86770.56,281136.61,2026.7
RET-0265,VS24,0.0073,PO-2022-1693,3.24,54172.77,175519.77,1279.44
RET-0265,VS25,0.0132,PO-2022-2989,3.24,58824.4,190591.06,2517.48
RET-0265,VS26,0.0074,PO-2023-4373,3.24,85701.96,277674.35,2041.99
RET-0265,VS27,0.0072,PO-2023-3656,3.24,54403.53,176267.44,1270.75
RET-0265,VS28,0.0161,PO-2023-3745,3.24,61379.15,198868.45,3205.06
RET-0265,VS29,0.0102,PO-2021-1263,3.24,69391.22,224827.55,2300.3
RET-0265,VS30,0.0044,PO-2021-1217,3.24,99224.63,321487.8,1414.93
RET-0265,VS31,0.016,PO-2023-4087,3.24,113295.37,367077.0,5887.6
RET-0265,VS32,0.0191,PO-2021-0421,3.24,65153.79,211098.28,4027.69
RET-0265,VS33,0.0102,PO-2021-0894,3.24,114272.76,370243.74,3769.31
RET-0265,VS34,0.0132,PO-2023-3985,3.24,49311.74,159770.04,2103.01
RET-0190,VS01,0.0198,PO-2023-4280,4.69,117934.93,553114.82,10936.32
RET-0190,VS02,0.009,PO-2023-3787,4.69,55424.92,259942.87,2340.82
RET-0190,VS03,0.1644,PO-2021-0229,4.69,108506.52,508895.58,83639.28
RET-0190,VS04,0.0124,PO-2021-0166,4.69,71373.46,334741.53,4151.52
RET-0190,VS05,0.0161,PO-2022-2511,4.69,83442.11,391343.5,6299.71
RET-0190,VS06,0.0162,PO-2021-0369,4.69,98483.14,461885.93,7502.45
RET-0190,VS07,0.0054,PO-2022-2089,4.69,60771.89,285020.16,1545.32
RET-0190,VS08,0.0164,PO-2021-1060,4.69,81891.49,384071.09,6280.56
RET-0190,VS09,0.0126,PO-2023-4224,4.69,69824.55,327477.14,4112.23
RET-0190,VS10,0.0197,PO-2023-3857,4.69,45504.57,213416.43,4214.39
RET-0190,VS11,0.0231,PO-2021-1370,4.69,82685.63,387795.6,8966.76
RET-0190,VS12,0.2284,PO-2022-1818,2.96,74074.06,219259.22,50088.15
RET-0190,VS13,0.0159,PO-2023-4005,4.69,62051.83,291023.08,4634.88
RET-0190,VS14,0.0161,PO-2021-1522,4.69,116935.12,548425.71,8820.17
RET-0190,VS15,0.0054,PO-2023-3635,4.69,52010.43,243928.92,1311.45
RET-0190,VS16,0.0232,PO-2023-4746,4.69,71197.46,333916.09,7747.24
RET-0190,VS17,0.0231,PO-2021-1428,4.69,84990.1,398603.57,9212.3
RET-0190,VS18,0.0161,PO-2023-4086,4.69,64186.35,301033.98,4843.25
RET-0190,VS19,0.1723,PO-2022-1777,4.69,121609.13,570346.82,98284.97
RET-0190,VS20,0.009,PO-2022-2233,4.69,96227.4,451306.51,4051.26
RET-0190,VS21,0.009,PO-2023-3648,4.69,84755.72,397504.33,3564.09
RET-0190,VS22,0.0053,PO-2022-2014,4.69,46764.78,219326.82,1168.61
RET-0190,VS23,0.0088,PO-2022-2399,4.69,95449.35,447657.45,3954.08
RET-0190,VS24,0.0089,PO-2022-2131,4.69,77561.17,363761.89,3248.93
RET-0190,VS25,0.0162,PO-2022-2273,4.69,74007.54,347095.36,5617.45
RET-0190,VS26,0.009,PO-2022-1986,2.95,114674.22,338288.95,3048.13
RET-0190,VS27,0.0088,PO-2023-4629,4.69,109839.57,515147.58,4550.37
RET-0190,VS28,0.0197,PO-2023-3384,4.025,77840.46,313335.06,6187.39
RET-0190,VS29,0.0125,PO-2021-0892,4.69,67673.87,317390.45,3978.84
RET-0190,VS30,0.0054,PO-2023-4789,2.031,90965.58,184753.05,996.3
RET-0190,VS31,0.0197,PO-2021-1261,4.69,112521.55,527726.07,10370.92
RET-0190,VS32,0.0234,PO-2023-4000,4.69,118026.2,553542.88,12940.47
RET-0190,VS33,0.0125,PO-2021-1510,4.69,77082.38,361516.36,4509.51
RET-0190,VS34,0.0161,PO-2021-0569,4.69,110313.69,517371.21,8344.01
RET-0301,VS01,0.0254,PO-2023-3417,4.15,94380.9,391680.74,9962.24
RET-0301,VS02,0.0116,PO-2022-1998,4.15,58362.0,242202.3,2805.67
RET-0301,VS03,0.1281,PO-2021-0177,4.15,93547.35,388221.5,49744.61
RET-0301,VS04,0.016,PO-2023-3614,4.15,115912.01,481034.84,7674.37
RET-0301,VS05,0.0207,PO-2022-2584,4.15,115034.72,477394.09,9885.72
RET-0301,VS06,0.0209,PO-2021-0038,4.15,61848.05,256669.41,5363.04
RET-0301,VS07,0.007,PO-2023-4323,1.22,85827.64,104709.72,730.29
RET-0301,VS08,0.021,PO-2021-0415,4.15,100320.97,416332.03,8757.8
RET-0301,VS09,0.0162,PO-2022-2636,4.15,61385.28,254748.91,4115.07
RET-0301,VS10,0.0254,PO-2021-0981,4.15,47765.83,198228.19,5035.48
RET-0301,VS11,0.0297,PO-2023-3759,4.15,77130.05,320089.71,9520.79
RET-0301,VS12,0.1781,PO-2023-4276,4.15,101567.96,421507.03,75070.06
RET-0301,VS13,0.0205,PO-2022-2617,4.15,116185.73,482170.78,9878.27
RET-0301,VS14,0.0207,PO-2021-0312,4.15,89686.08,372197.23,7700.18
RET-0301,VS15,0.0069,PO-2021-1356,4.15,60740.63,252073.61,1743.35
RET-0301,VS16,0.0298,PO-2023-4315,4.15,89495.03,371404.37,11084.74
RET-0301,VS17,0.0297,PO-2023-4422,4.15,101294.76,420373.25,12497.72
RET-0301,VS18,0.0207,PO-2022-2092,4.15,80398.63,333654.31,6905.36
RET-0301,VS19,0.1343,PO-2022-2178,4.15,53708.69,222891.06,29945.09
RET-0301,VS20,0.0115,PO-2022-1732,4.15,96108.19,398848.99,4605.7
RET-0301,VS21,0.0115,PO-2022-2550,4.15,77650.11,322247.96,3716.77
RET-0301,VS22,0.0069,PO-2023-3618,2.95,110873.0,327061.04,2241.68
RET-0301,VS23,0.0114,PO-2021-0958,4.15,63892.21,265152.67,3012.76
RET-0301,VS24,0.0115,PO-2023-3709,4.15,54608.16,226623.86,2603.74
RET-0301,VS25,0.0208,PO-2021-1264,4.15,70424.84,292263.09,6084.62
RET-0301,VS26,0.0116,PO-2021-0764,4.15,100283.84,416177.94,4823.85
RET-0301,VS27,0.0114,PO-2023-3398,1.672,114409.08,191313.03,2173.84
RET-0301,VS28,0.0254,PO-2022-2536,4.15,90792.95,376790.74,9571.22
RET-0301,VS29,0.0161,PO-2023-4040,4.15,102445.66,425149.49,6856.03
RET-0301,VS30,0.0069,PO-2023-4734,4.15,91092.12,378032.3,2622.38
RET-0301,VS31,0.0253,PO-2021-0909,4.15,55779.13,231483.39,5851.91
RET-0301,VS32,0.0301,PO-2022-2683,4.15,73356.59,304429.85,9154.93
RET-0301,VS33,0.016,PO-2022-1811,4.15,77363.67,321059.23,5151.76
RET-0301,VS34,0.0207,PO-2022-1923,3.87,82006.33,317364.5,6584.15
RET-0000,VS01,0.0198,PO-2023-4280,4.57,117934.93,538962.63,10656.5
RET-0000,VS02,0.009,PO-2023-3787,4.57,55424.92,253291.88,2280.93
RET-0000,VS03,0.1644,PO-2021-0229,4.57,108506.52,495874.8,81499.25
RET-0000,VS04,0.0124,PO-2021-0166,4.57,71373.46,326176.71,4045.3
RET-0000,VS05,0.0161,PO-2022-2511,4.57,83442.11,381330.44,6138.52
RET-0000,VS06,0.0162,PO-2021-0994,4.57,45342.75,207216.37,3365.83
RET-0000,VS07,0.0054,PO-2022-2089,4.57,60771.89,277727.54,1505.78
RET-0000,VS08,0.0164,PO-2021-1060,4.57,81891.49,374244.11,6119.86
RET-0000,VS09,0.0126,PO-2023-4224,4.57,69824.55,319098.19,4007.01
RET-0000,VS10,0.0197,PO-2023-3857,4.57,45504.57,207955.88,4106.56
RET-0000,VS11,0.0231,PO-2021-1370,4.57,82685.63,377873.33,8737.33
RET-0000,VS12,0.2284,PO-2022-1818,2.284,74074.06,169171.07,38645.88
RET-0000,VS13,0.0159,PO-2023-4005,4.57,62051.83,283576.86,4516.29
RET-0000,VS14,0.0161,PO-2021-1522,4.57,116935.12,534393.5,8594.5
RET-0000,VS15,0.0054,PO-2023-3635,4.57,52010.43,237687.67,1277.89
RET-0000,VS16,0.0232,PO-2023-4746,4.57,71197.46,325372.39,7549.02
RET-0000,VS17,0.0231,PO-2022-2708,4.57,89705.41,409953.72,9474.62
RET-0000,VS18,0.0161,PO-2023-4086,4.57,64186.35,293331.62,4719.32
RET-0000,VS19,0.1723,PO-2022-1777,4.57,121609.13,555753.72,95770.21
RET-0000,VS20,0.009,PO-2022-2233,4.57,96227.4,439759.22,3947.6
RET-0000,VS21,0.009,PO-2023-3648,4.57,84755.72,387333.64,3472.89
RET-0000,VS22,0.0053,PO-2022-2014,4.57,46764.78,213715.04,1138.71
RET-0000,VS23,0.0088,PO-2022-2399,4.57,95449.35,436203.53,3852.91
RET-0000,VS24,0.0089,PO-2022-2131,4.57,77561.17,354454.55,3165.8
RET-0000,VS25,0.0162,PO-2022-2273,4.57,74007.54,338214.46,5473.72
RET-0000,VS26,0.009,PO-2022-1986,2.923,114674.22,335240.81,3020.67
RET-0000,VS27,0.0088,PO-2023-4629,4.57,109839.57,501966.83,4433.94
RET-0000,VS28,0.0197,PO-2023-3384,3.946,77840.46,307147.67,6065.21
RET-0000,VS29,0.0125,PO-2021-0892,4.57,67673.87,309269.59,3877.03
RET-0000,VS30,0.0054,PO-2023-4789,2.02,90965.58,183756.76,990.93
RET-0000,VS31,0.0197,PO-2021-1261,4.57,112521.55,514223.48,10105.57
RET-0000,VS32,0.0234,PO-2023-4000,4.57,118026.2,539379.73,12609.38
RET-0000,VS33,0.0125,PO-2021-1510,4.57,77082.38,352266.48,4394.13
RET-0000,VS34,0.0161,PO-2021-0569,4.57,110313.69,504133.56,8130.52
RET-0172,VS01,0.0105,PO-2022-2395,0.95,107654.44,102271.72,1070.02
RET-0172,VS02,0.0048,PO-2023-4185,0.95,109426.61,103955.28,495.35
RET-0172,VS03,0.2239,PO-2022-1616,0.95,120393.71,114374.02,25608.98
RET-0172,VS04,0.0066,PO-2023-3204,0.95,92197.48,87587.61,574.8
RET-0172,VS05,0.0085,PO-2022-1791,0.95,53585.53,50906.25,433.62
RET-0172,VS06,0.0086,PO-2021-1192,0.95,117995.38,112095.61,963.46
RET-0172,VS07,0.0029,PO-2023-4099,0.95,75404.19,71633.98,205.51
RET-0172,VS08,0.0087,PO-2022-2590,0.95,92856.02,88213.22,763.31
RET-0172,VS09,0.0066,PO-2023-3273,0.95,53635.76,50953.97,338.57
RET-0172,VS10,0.0104,PO-2021-0520,0.95,77070.45,73216.93,765.06
RET-0172,VS11,0.0122,PO-2023-3210,0.95,59858.67,56865.74,695.76
RET-0172,VS12,0.3112,PO-2023-3239,0.95,46841.18,44499.12,13848.79
RET-0172,VS13,0.0084,PO-2023-4356,0.95,97205.55,92345.27,778.22
RET-0172,VS14,0.0085,PO-2023-3336,0.95,68830.96,65389.41,556.47
RET-0172,VS15,0.0028,PO-2022-2396,0.95,51631.2,49049.64,139.54
RET-0172,VS16,0.0123,PO-2023-4642,0.95,100162.91,95154.76,1168.2
RET-0172,VS17,0.0122,PO-2021-1139,0.95,73102.87,69447.73,849.3
RET-0172,VS18,0.0085,PO-2021-0362,0.95,96332.16,91515.55,779.1
RET-0172,VS19,0.2348,PO-2023-4486,0.95,57703.61,54818.43,12869.39
RET-0172,VS20,0.0048,PO-2023-3955,0.95,82204.42,78094.2,370.95
RET-0172,VS21,0.0047,PO-2022-1845,0.95,62096.43,58991.61,279.88
RET-0172,VS22,0.0028,PO-2021-0198,0.95,93547.9,88870.5,250.56
RET-0172,VS23,0.0047,PO-2021-0366,0.95,62410.8,59290.26,277.12
RET-0172,VS24,0.0047,PO-2022-2013,0.95,96479.07,91655.12,433.17
RET-0172,VS25,0.0086,PO-2023-4066,0.95,64135.92,60929.12,521.79
RET-0172,VS26,0.0048,PO-2023-4463,0.95,103433.36,98261.69,468.5
RET-0172,VS27,0.0047,PO-2023-3316,0.95,111814.16,106223.45,496.49
RET-0172,VS28,0.0104,PO-2022-3112,0.95,97404.73,92534.49,966.9
RET-0172,VS29,0.0066,PO-2021-1282,0.0,79848.9,0.0,0.0
RET-0172,VS30,0.0029,PO-2021-1373,0.95,66593.38,63263.71,180.52
RET-0172,VS31,0.0104,PO-2021-0885,0.95,81112.16,77056.55,801.3
RET-0172,VS32,0.0124,PO-2023-3721,0.95,92553.55,87925.87,1087.66
RET-0172,VS33,0.0066,PO-2022-2496,0.95,57525.09,54648.84,360.71
RET-0172,VS34,0.0085,PO-2021-0855,0.95,77966.54,74068.21,632.1
RET-0282,VS01,0.0171,PO-2022-2006,1.86,95264.62,177192.19,3036.72
RET-0282,VS02,0.0078,PO-2021-0982,1.86,91377.91,169962.91,1326.62
RET-0282,VS03,0.1812,PO-2022-2949,1.86,96901.49,180236.77,32659.77
RET-0282,VS04,0.0107,PO-2023-3317,1.86,47704.02,88729.48,953.83
RET-0282,VS05,0.014,PO-2023-3996,1.86,110100.49,204786.91,2857.38
RET-0282,VS06,0.0141,PO-2022-2556,1.86,70091.72,130370.6,1835.49
RET-0282,VS07,0.0047,PO-2021-0145,1.86,115428.98,214697.9,1008.96
RET-0282,VS08,0.0142,PO-2021-1106,1.86,96403.06,179309.69,2541.52
RET-0282,VS09,0.0109,PO-2021-1384,1.86,108117.19,201097.97,2188.81
RET-0282,VS10,0.0171,PO-2022-1863,1.86,102948.37,191483.97,3277.5
RET-0282,VS11,0.02,PO-2021-1105,1.86,68434.48,127288.13,2551.08
RET-0282,VS12,0.2519,PO-2021-0966,1.563,88969.31,139064.5,35025.27
RET-0282,VS13,0.0138,PO-2022-2309,1.86,51247.96,95321.21,1315.85
RET-0282,VS14,0.0139,PO-2021-0590,1.86,45205.35,84081.95,1172.1
RET-0282,VS15,0.0047,PO-2023-3647,1.86,49590.11,92237.6,429.83
RET-0282,VS16,0.0201,PO-2021-0604,1.86,95722.17,178043.24,3580.46
RET-0282,VS17,0.02,PO-2022-2609,1.048,53595.8,56184.54,1125.51
RET-0282,VS18,0.0139,PO-2023-3674,1.86,49541.25,92146.72,1285.01
RET-0282,VS19,0.19,PO-2022-2670,1.86,106702.99,198467.56,37707.32
RET-0282,VS20,0.0078,PO-2023-3386,1.86,71395.75,132796.1,1033.26
RET-0282,VS21,0.0078,PO-2021-0920,1.86,49611.17,92276.78,717.14
RET-0282,VS22,0.0046,PO-2021-0296,1.86,102807.45,191221.86,883.12
RET-0282,VS23,0.0077,PO-2023-3377,1.86,95666.77,177940.19,1362.31
RET-0282,VS24,0.0077,PO-2023-3668,1.86,54051.9,100536.53,778.31
RET-0282,VS25,0.014,PO-2021-0721,1.86,101810.5,189367.53,2656.44
RET-0282,VS26,0.0078,PO-2023-4719,1.86,65024.62,120945.79,944.59
RET-0282,VS27,0.0077,PO-2021-1211,1.86,89687.97,166819.62,1277.22
RET-0282,VS28,0.0171,PO-2023-4372,1.86,52372.02,97411.96,1667.3
RET-0282,VS29,0.0109,PO-2021-1590,1.86,53487.3,99486.38,1081.01
RET-0282,VS30,0.0047,PO-2022-2860,1.86,105618.14,196449.74,918.23
RET-0282,VS31,0.017,PO-2022-2426,1.86,74047.78,137728.87,2346.05
RET-0282,VS32,0.0203,PO-2021-1209,1.86,78713.72,146407.52,2966.65
RET-0282,VS33,0.0108,PO-2021-1229,1.86,52447.07,97551.55,1054.73
RET-0282,VS34,0.014,PO-2023-3326,1.86,88508.3,164625.44,2301.3
RET-0379,VS01,0.008,PO-2023-4280,0.79,117934.93,93168.59,745.27
RET-0379,VS02,0.0036,PO-2023-3787,0.79,55424.92,43785.69,159.52
RET-0379,VS03,0.2397,PO-2023-4299,0.79,52114.74,41170.64,9867.07
RET-0379,VS04,0.005,PO-2021-0166,0.79,71373.46,56385.03,282.91
RET-0379,VS05,0.0065,PO-2022-2511,0.79,83442.11,65919.27,429.3
RET-0379,VS06,0.0066,PO-2021-0994,0.79,45342.75,35820.77,235.39
RET-0379,VS07,0.0022,PO-2022-2089,0.79,60771.89,48009.79,105.31
RET-0379,VS08,0.0066,PO-2021-1060,0.79,81891.49,64694.28,428.0
RET-0379,VS09,0.0051,PO-2023-4224,0.79,69824.55,55161.39,280.23
RET-0379,VS10,0.008,PO-2023-3857,0.79,45504.57,35948.61,287.19
RET-0379,VS11,0.0094,PO-2023-4316,0.79,75013.48,59260.65,554.35
RET-0379,VS12,0.3331,PO-2022-1818,0.79,74074.06,58518.51,19493.47
RET-0379,VS13,0.0064,PO-2023-4406,0.79,109211.22,86276.86,555.89
RET-0379,VS14,0.0065,PO-2021-1522,0.79,116935.12,92378.74,601.06
RET-0379,VS15,0.0022,PO-2023-3635,0.79,52010.43,41088.24,89.37
RET-0379,VS16,0.0094,PO-2023-4746,0.79,71197.46,56245.99,527.94
RET-0379,VS17,0.0094,PO-2022-2708,0.79,89705.41,70867.27,662.61
RET-0379,VS18,0.0065,PO-2023-4086,0.79,64186.35,50707.22,330.05
RET-0379,VS19,0.2513,PO-2022-1777,0.79,121609.13,96071.21,24141.28
RET-0379,VS20,0.0036,PO-2022-2233,0.79,96227.4,76019.65,276.08
RET-0379,VS21,0.0036,PO-2023-3648,0.79,84755.72,66957.02,242.88
RET-0379,VS22,0.0022,PO-2022-2014,0.79,46764.78,36944.18,79.64
RET-0379,VS23,0.0036,PO-2022-2399,0.79,95449.35,75404.99,269.45
RET-0379,VS24,0.0036,PO-2022-2131,0.79,77561.17,61273.32,221.4
RET-0379,VS25,0.0065,PO-2022-2974,0.79,110004.92,86903.89,569.0
RET-0379,VS26,0.0036,PO-2022-1986,0.79,114674.22,90592.63,330.24
RET-0379,VS27,0.0036,PO-2023-4629,0.79,109839.57,86773.26,310.09
RET-0379,VS28,0.008,PO-2023-3384,0.79,77840.46,61493.96,491.27
RET-0379,VS29,0.0051,PO-2021-0892,0.79,67673.87,53462.36,271.14
RET-0379,VS30,0.0022,PO-2023-4789,0.79,90965.58,71862.81,156.78
RET-0379,VS31,0.008,PO-2021-1261,0.79,112521.55,88892.02,706.74
RET-0379,VS32,0.0095,PO-2023-4000,0.79,118026.2,93240.7,881.84
RET-0379,VS33,0.005,PO-2021-1510,0.79,77082.38,60895.08,307.31
RET-0379,VS34,0.0065,PO-2021-0569,0.79,110313.69,87147.82,568.61
RET-0153,VS01,0.0224,PO-2022-3067,1.56,48733.58,76024.38,1700.14
RET-0153,VS02,0.0102,PO-2021-0553,1.56,54923.56,85680.75,872.67
RET-0153,VS03,0.1478,PO-2023-4608,1.56,49671.89,77488.15,11451.35
RET-0153,VS04,0.014,PO-2022-2667,1.56,119130.22,185843.14,2606.87
RET-0153,VS05,0.0182,PO-2022-2052,1.56,96151.77,149996.76,2730.99
RET-0153,VS06,0.0184,PO-2023-4659,1.53,87652.73,134108.68,2463.77
RET-0153,VS07,0.0061,PO-2023-3645,1.56,49585.96,77354.1,474.35
RET-0153,VS08,0.0185,PO-2023-4457,1.56,87366.0,136290.96,2520.75
RET-0153,VS09,0.0142,PO-2023-4033,1.56,81634.07,127349.15,1808.71
RET-0153,VS10,0.0223,PO-2023-3544,1.56,69664.01,108675.86,2427.25
RET-0153,VS11,0.0262,PO-2021-0835,1.56,71393.48,111373.83,2912.67
RET-0153,VS12,0.2054,PO-2022-3134,1.56,57834.29,90221.49,18532.19
RET-0153,VS13,0.018,PO-2022-2505,1.56,103130.4,160883.42,2898.0
RET-0153,VS14,0.0182,PO-2023-3401,1.56,116273.67,181386.93,3299.44
RET-0153,VS15,0.0061,PO-2021-1481,1.56,119051.2,185719.87,1129.33
RET-0153,VS16,0.0262,PO-2023-4701,1.56,48736.53,76028.99,1995.1
RET-0153,VS17,0.0261,PO-2023-3269,1.56,95701.62,149294.53,3902.53
RET-0153,VS18,0.0182,PO-2022-1782,1.56,71831.07,112056.47,2039.08
RET-0153,VS19,0.1549,PO-2023-4600,1.56,58523.22,91296.22,14146.23
RET-0153,VS20,0.0102,PO-2022-1752,1.56,94519.0,147449.64,1497.05
RET-0153,VS21,0.0101,PO-2021-0424,1.56,108537.55,169318.58,1717.06
RET-0153,VS22,0.006,PO-2022-1734,1.56,64787.41,101068.36,609.07
RET-0153,VS23,0.01,PO-2022-2847,1.56,102520.13,159931.4,1597.75
RET-0153,VS24,0.0101,PO-2023-3921,1.56,116616.96,181922.46,1837.74
RET-0153,VS25,0.0183,PO-2023-3776,1.56,62714.09,97833.98,1790.84
RET-0153,VS26,0.0102,PO-2023-3392,1.56,57817.6,90195.46,919.19
RET-0153,VS27,0.01,PO-2022-2035,1.56,66291.58,103414.86,1033.17
RET-0153,VS28,0.0223,PO-2023-4572,1.56,73826.96,115170.06,2572.25
RET-0153,VS29,0.0142,PO-2021-0979,1.56,49204.08,76758.36,1088.34
RET-0153,VS30,0.0061,PO-2021-0722,1.56,64336.48,100364.91,612.15
RET-0153,VS31,0.0222,PO-2022-2534,1.56,72778.51,113534.48,2523.55
RET-0153,VS32,0.0264,PO-2021-0353,1.31,86373.27,113148.98,2991.75
RET-0153,VS33,0.0141,PO-2021-0103,1.56,85694.52,133683.45,1886.06
RET-0153,VS34,0.0182,PO-2022-2705,1.388,58862.16,81675.78,1489.85
RET-0128,VS01,0.0198,PO-2023-4280,4.03,117934.93,475277.77,9397.31
RET-0128,VS02,0.009,PO-2023-3787,4.03,55424.92,223362.43,2011.41
RET-0128,VS03,0.1644,PO-2023-4299,4.03,52114.74,210022.4,34518.13
RET-0128,VS04,0.0124,PO-2021-0166,4.03,71373.46,287635.04,3567.3
RET-0128,VS05,0.0161,PO-2022-2511,4.03,83442.11,336271.7,5413.18
RET-0128,VS06,0.0162,PO-2021-0994,4.03,45342.75,182731.28,2968.12
RET-0128,VS07,0.0054,PO-2022-2089,4.03,60771.89,244910.72,1327.85
RET-0128,VS08,0.0164,PO-2021-1060,4.03,81891.49,330022.7,5396.73
RET-0128,VS09,0.0126,PO-2023-4224,4.03,69824.55,281392.94,3533.54
RET-0128,VS10,0.0197,PO-2023-3857,4.03,45504.57,183383.42,3621.32
RET-0128,VS11,0.0231,PO-2023-4316,4.03,75013.48,302304.32,6990.0
RET-0128,VS12,0.2284,PO-2022-1818,1.499,74074.06,111031.71,25364.37
RET-0128,VS13,0.0159,PO-2023-4406,4.03,109211.22,440121.22,7009.45
RET-0128,VS14,0.0161,PO-2021-1522,4.03,116935.12,471248.53,7578.95
RET-0128,VS15,0.0054,PO-2023-3635,4.03,52010.43,209602.03,1126.9
RET-0128,VS16,0.0232,PO-2023-4746,4.03,71197.46,286925.76,6657.01
RET-0128,VS17,0.0231,PO-2022-2708,4.03,89705.41,361512.8,8355.08
RET-0128,VS18,0.0161,PO-2023-4086,4.03,64186.35,258670.99,4161.68
RET-0128,VS19,0.1723,PO-2022-1777,4.03,121609.13,490084.79,84453.82
RET-0128,VS20,0.009,PO-2022-2233,4.03,96227.4,387796.42,3481.14
RET-0128,VS21,0.009,PO-2023-3648,4.03,84755.72,341565.55,3062.53
RET-0128,VS22,0.0053,PO-2021-1044,4.03,66737.04,268950.27,1433.01
RET-0128,VS23,0.0088,PO-2022-2399,4.03,95449.35,384660.88,3397.64
RET-0128,VS24,0.0089,PO-2022-2131,4.03,77561.17,312571.52,2791.72
RET-0128,VS25,0.0162,PO-2022-2974,4.03,110004.92,443319.83,7174.76
RET-0128,VS26,0.009,PO-2022-1986,2.894,114674.22,331889.91,2990.48
RET-0128,VS27,0.0088,PO-2023-4629,4.03,109839.57,442653.47,3910.02
RET-0128,VS28,0.0197,PO-2023-3384,3.862,77840.46,300591.19,5935.74
RET-0128,VS29,0.0125,PO-2021-0892,4.03,67673.87,272725.7,3418.92
RET-0128,VS30,0.0054,PO-2023-4789,2.007,90965.58,182609.05,984.74
RET-0128,VS31,0.0197,PO-2021-1261,4.03,112521.55,453461.85,8911.47
RET-0128,VS32,0.0234,PO-2023-4000,4.03,118026.2,475645.59,11119.43
RET-0128,VS33,0.0125,PO-2021-1510,4.03,77082.38,310641.99,3874.91
RET-0128,VS34,0.0161,PO-2021-0569,4.03,110313.69,444564.17,7169.8
RET-0240,VS01,0.0135,PO-2023-3900,4.39,83770.24,367751.35,4972.24
RET-0240,VS02,0.0062,PO-2023-4678,4.39,101994.6,447756.29,2757.23
RET-0240,VS03,0.2043,PO-2022-1751,4.39,93059.59,408531.6,83480.79
RET-0240,VS04,0.0085,PO-2021-0105,4.39,54825.99,240686.1,2041.22
RET-0240,VS05,0.011,PO-2023-3947,4.39,61585.29,270359.42,2976.09
RET-0240,VS06,0.0111,PO-2021-1052,4.39,78316.53,343809.57,3818.81
RET-0240,VS07,0.0037,PO-2021-0902,4.39,86202.42,378428.62,1403.03
RET-0240,VS08,0.0112,PO-2021-0880,4.39,119924.03,526466.49,5887.07
RET-0240,VS09,0.0086,PO-2022-2998,4.39,57966.69,254473.77,2185.15
RET-0240,VS10,0.0135,PO-2021-1031,4.39,92045.71,404080.67,5456.53
RET-0240,VS11,0.0158,PO-2023-3369,4.39,98767.22,433588.1,6855.7
RET-0240,VS12,0.284,PO-2023-3763,4.39,104047.49,456768.48,129733.62
RET-0240,VS13,0.0109,PO-2022-2098,4.39,78007.74,342453.98,3729.54
RET-0240,VS14,0.011,PO-2023-3950,4.39,76062.56,333914.64,3672.29
RET-0240,VS15,0.0037,PO-2023-3214,4.39,90254.23,396216.07,1456.67
RET-0240,VS16,0.0159,PO-2021-0341,4.39,62949.82,276349.71,4384.4
RET-0240,VS17,0.0158,PO-2022-2522,0.981,49967.12,49042.62,775.07
RET-0240,VS18,0.011,PO-2021-1371,1.31,55701.9,72944.87,802.52
RET-0240,VS19,0.2143,PO-2021-0713,2.47,93562.16,231098.54,49513.6
RET-0240,VS20,0.0061,PO-2022-2736,4.39,111790.48,490760.21,3012.52
RET-0240,VS21,0.0061,PO-2021-0344,4.39,76044.76,333836.5,2046.83
RET-0240,VS22,0.0036,PO-2023-3389,4.39,88614.37,389017.08,1417.38
RET-0240,VS23,0.006,PO-2022-1853,4.39,88701.47,389399.45,2352.0
RET-0240,VS24,0.0061,PO-2023-4459,3.638,65562.3,238521.48,1456.77
RET-0240,VS25,0.0111,PO-2022-2245,4.39,85332.28,374608.71,4145.82
RET-0240,VS26,0.0062,PO-2022-2377,4.39,48124.51,211266.6,1301.72
RET-0240,VS27,0.006,PO-2021-1358,4.39,108970.81,478381.86,2889.56
RET-0240,VS28,0.0135,PO-2023-3330,4.39,110823.61,486515.65,6569.58
RET-0240,VS29,0.0086,PO-2022-2154,4.39,64710.35,284078.44,2435.24
RET-0240,VS30,0.0037,PO-2021-0263,4.39,55775.15,244852.91,902.91
RET-0240,VS31,0.0134,PO-2021-0687,4.39,93544.44,410660.09,5518.65
RET-0240,VS32,0.016,PO-2021-1297,0.0,118819.77,0.0,0.0
RET-0240,VS33,0.0085,PO-2022-2047,4.39,57103.45,250684.15,2138.31
RET-0240,VS34,0.011,PO-2022-2486,4.39,118437.11,519938.91,5734.12
RET-0024,VS01,0.0145,PO-2022-3067,0.45,48733.58,21930.11,318.65
RET-0024,VS02,0.0066,PO-2021-0553,0.45,54923.56,24715.6,163.56
RET-0024,VS03,0.1979,PO-2023-4608,0.45,49671.89,22352.35,4423.19
RET-0024,VS04,0.0091,PO-2022-2667,0.45,119130.22,53608.6,488.6
RET-0024,VS05,0.0118,PO-2022-2052,0.45,96151.77,43268.3,511.86
RET-0024,VS06,0.0119,PO-2023-4659,0.45,87652.73,39443.73,470.83
RET-0024,VS07,0.004,PO-2023-3645,0.45,49585.96,22313.68,88.91
RET-0024,VS08,0.012,PO-2023-4457,0.45,87366.0,39314.7,472.46
RET-0024,VS09,0.0092,PO-2023-4033,0.45,81634.07,36735.33,339.0
RET-0024,VS10,0.0145,PO-2023-3544,0.45,69664.01,31348.8,454.93
RET-0024,VS11,0.017,PO-2021-0239,0.45,90567.97,40755.59,692.53
RET-0024,VS12,0.275,PO-2022-3134,0.45,57834.29,26025.43,7158.23
RET-0024,VS13,0.0117,PO-2022-2505,0.45,103130.4,46408.68,543.16
RET-0024,VS14,0.0118,PO-2023-3401,0.45,116273.67,52323.15,618.41
RET-0024,VS15,0.004,PO-2021-1481,0.45,119051.2,53573.04,211.67
RET-0024,VS16,0.0171,PO-2023-4701,0.45,48736.53,21931.44,373.94
RET-0024,VS17,0.017,PO-2023-3269,0.45,95701.62,43065.73,731.44
RET-0024,VS18,0.0118,PO-2022-1782,0.45,71831.07,32323.98,382.18
RET-0024,VS19,0.2075,PO-2023-4600,0.45,58523.22,26335.45,5464.11
RET-0024,VS20,0.0066,PO-2022-1752,0.45,94519.0,42533.55,280.59
RET-0024,VS21,0.0066,PO-2021-0424,0.45,108537.55,48841.9,321.82
RET-0024,VS22,0.0039,PO-2022-1734,0.45,64787.41,29154.33,114.16
RET-0024,VS23,0.0065,PO-2022-2847,0.45,102520.13,46134.06,299.46
RET-0024,VS24,0.0066,PO-2023-3921,0.45,116616.96,52477.63,344.44
RET-0024,VS25,0.0119,PO-2023-3776,0.45,62714.09,28221.34,335.65
RET-0024,VS26,0.0066,PO-2021-0690,0.45,99598.07,44819.13,296.78
RET-0024,VS27,0.0065,PO-2022-2035,0.45,66291.58,29831.21,193.65
RET-0024,VS28,0.0145,PO-2023-4572,0.45,73826.96,33222.13,482.11
RET-0024,VS29,0.0092,PO-2021-0979,0.45,49204.08,22141.84,203.98
RET-0024,VS30,0.004,PO-2021-0534,0.45,91729.34,41278.2,163.58
RET-0024,VS31,0.0144,PO-2022-2534,0.45,72778.51,32750.33,472.98
RET-0024,VS32,0.0172,PO-2022-3140,0.45,87415.75,39337.09,675.81
RET-0024,VS33,0.0092,PO-2021-0103,0.45,85694.52,38562.53,353.5
RET-0024,VS34,0.0119,PO-2022-2705,0.45,58862.16,26487.97,313.94
RET-0152,VS01,0.0103,PO-2022-2372,3.06,88618.74,271173.34,2781.23
RET-0152,VS02,0.0047,PO-2021-0280,3.06,53220.34,162854.24,760.72
RET-0152,VS03,0.2252,PO-2021-1424,3.06,99561.2,304657.27,68616.3
RET-0152,VS04,0.0064,PO-2021-1050,3.06,98697.28,302013.68,1942.93
RET-0152,VS05,0.0084,PO-2021-1251,3.06,75206.53,230131.98,1921.65
RET-0152,VS06,0.0084,PO-2022-2004,3.06,52605.38,160972.46,1356.29
RET-0152,VS07,0.0028,PO-2022-1955,3.06,82709.5,253091.07,711.79
RET-0152,VS08,0.0085,PO-2023-3344,3.06,110229.77,337303.1,2861.15
RET-0152,VS09,0.0065,PO-2023-4281,3.06,83981.43,256983.18,1673.92
RET-0152,VS10,0.0102,PO-2021-0392,3.06,81207.83,248495.96,2545.42
RET-0152,VS11,0.012,PO-2022-2689,3.06,73024.87,223456.1,2680.15
RET-0152,VS12,0.313,PO-2023-3474,3.06,115223.22,352583.05,110375.51
RET-0152,VS13,0.0083,PO-2023-4194,3.06,89329.15,273347.2,2258.19
RET-0152,VS14,0.0083,PO-2022-2720,3.06,111340.47,340701.84,2842.28
RET-0152,VS15,0.0028,PO-2021-0368,3.06,73157.02,223860.48,624.31
RET-0152,VS16,0.012,PO-2023-4197,3.06,106953.2,327276.79,3938.75
RET-0152,VS17,0.012,PO-2021-1422,3.06,81646.64,249838.72,2995.16
RET-0152,VS18,0.0083,PO-2023-3529,3.06,71931.77,220111.22,1836.95
RET-0152,VS19,0.2361,PO-2022-2516,0.0,87125.81,0.0,0.0
RET-0152,VS20,0.0047,PO-2021-1204,3.06,117235.62,358741.0,1670.45
RET-0152,VS21,0.0047,PO-2022-3104,3.06,49464.08,151360.08,703.97
RET-0152,VS22,0.0028,PO-2023-3448,3.06,54481.38,166713.02,460.77
RET-0152,VS23,0.0046,PO-2022-1799,3.06,86902.3,265921.04,1218.39
RET-0152,VS24,0.0046,PO-2023-4182,3.06,67218.28,205687.94,952.94
RET-0152,VS25,0.0084,PO-2023-4673,3.06,118690.21,363192.04,3049.02
RET-0152,VS26,0.0047,PO-2022-3167,3.06,67739.75,207283.64,968.82
RET-0152,VS27,0.0046,PO-2023-3247,3.06,92805.18,283983.85,1301.19
RET-0152,VS28,0.0102,PO-2023-4556,3.06,58179.59,178029.55,1823.58
RET-0152,VS29,0.0065,PO-2023-4310,3.06,98460.51,301289.16,1959.2
RET-0152,VS30,0.0028,PO-2022-2508,3.06,79747.45,244027.2,682.61
RET-0152,VS31,0.0102,PO-2022-2153,3.06,110214.44,337256.19,3437.97
RET-0152,VS32,0.0121,PO-2023-4513,3.06,96245.08,294509.94,3571.35
RET-0152,VS33,0.0065,PO-2022-2008,3.06,98401.76,301109.39,1948.32
RET-0152,VS34,0.0084,PO-2022-3196,3.06,55656.66,170309.38,1424.77
